temp,pre
14.270834,891.80005
14.270834,891.80005
14.270834,891.80005
14.270834,891.80005
14.270834,891.80005
14.270834,891.80005
14.270834,891.80005
14.270834,891.80005
14.270834,891.80005
17.733334,1952.6
17.733334,1952.6
17.733334,1952.6
17.733334,1952.6
18.025002,2027.9001
18.025002,2027.9001
18.025002,2027.9001
18.025002,2027.9001
18.658333,1360.7
18.658333,1360.7
17.5,1771.8
17.5,1771.8
17.5,1771.8
17.5,1771.8
17.5,1771.8
17.5,1771.8
17.5,1771.8
17.5,1771.8
18.333332,1276.6
18.333332,1276.6
18.333332,1276.6
18.333332,1276.6
18.333332,1276.6
18.333332,1276.6
18.333332,1276.6
18.333332,1276.6
18.166666,1404.7001
18.166666,1404.7001
18.166666,1404.7001
18.166666,1404.7001
18.166666,1404.7001
18.166666,1404.7001
18.166666,1404.7001
18.166666,1404.7001
8.620834,658.55
8.620834,658.55
8.620834,658.55
8.620834,658.55
17.758333,1271.5999
17.758333,1271.5999
17.758333,1271.5999
17.758333,1271.5999
17.758333,1271.5999
17.758333,1271.5999
17.566666,1486.2
17.566666,1486.2
17.566666,1486.2
17.566666,1486.2
16.633333,999.0
16.633333,999.0
16.633333,999.0
16.633333,999.0
16.35,1187.1
16.35,1187.1
16.199999,1273.3
16.199999,1273.3
17.441668,1131.6001
17.441668,1131.6001
17.958334,1436.2
17.35,1043.9
17.35,1043.9
17.35,1043.9
17.35,1043.9
17.35,1043.9
17.35,1043.9
17.35,1043.9
17.35,1043.9
17.35,1043.9
17.35,1043.9
17.041666,2060.4001
17.041666,2060.4001
17.041666,2060.4001
17.041666,2060.4001
17.041666,2060.4001
17.041666,2060.4001
17.041666,2060.4001
17.041666,2060.4001
17.041666,2060.4001
17.041666,2060.4001
17.875002,1385.8
17.875002,1385.8
17.875002,1385.8
17.875002,1385.8
17.875002,1385.8
17.875002,1385.8
17.875002,1385.8
17.875002,1385.8
17.875002,1385.8
17.875002,1385.8
17.941666,1245.9
17.941666,1245.9
17.941666,1245.9
17.941666,1245.9
17.941666,1245.9
17.941666,1245.9
17.391666,1418.8998
17.391666,1418.8998
17.391666,1418.8998
17.391666,1418.8998
17.391666,1418.8998
17.391666,1418.8998
17.875,1530.1001
17.875,1530.1001
17.875,1530.1001
17.875,1530.1001
17.316668,1026.4
17.316668,1026.4
16.641666,1289.4001
16.641666,1289.4001
17.791668,989.9001
17.791668,989.9001
17.791668,989.9001
17.5,1771.8
17.5,1771.8
17.5,1771.8
16.941668,1240.2001
16.941668,1240.2001
17.758333,1062.3
17.758333,1062.3
19.0,2099.2002
19.0,2099.2002
19.0,2099.2002
19.0,2099.2002
19.0,2099.2002
19.0,2099.2002
19.0,2099.2002
19.0,2099.2002
19.066666,2452.2
19.066666,2452.2
19.066666,2452.2
19.066666,2452.2
19.066666,2452.2
19.066666,2452.2
19.066666,2452.2
19.066666,2452.2
17.091667,968.9001
17.091667,968.9001
17.075,1207.9
17.075,1207.9
17.633335,978.30005
17.633335,978.30005
17.475,1033.0
17.475,1033.0
17.475,1033.0
18.1,750.4
18.1,750.4
18.1,750.4
19.408333,1878.6002
19.408333,1878.6002
19.408333,1878.6002
19.408333,1878.6002
19.408333,1878.6002
19.408333,1878.6002
19.408333,1878.6002
19.408333,1878.6002
16.941668,1225.0001
17.108334,864.39996
17.108334,864.39996
17.108334,864.39996
17.108334,864.39996
17.108334,864.39996
17.108334,864.39996
19.633333,1775.9
19.633333,1775.9
19.633333,1775.9
19.633333,1775.9
16.825,1278.6
16.825,1278.6
16.825,1278.6
16.825,1278.6
16.825,1278.6
16.825,1278.6
16.825,1278.6
17.883335,1091.2001
17.808332,1194.9
17.708334,1105.5
3.7583334,686.2
3.7583334,686.2
3.7583334,686.2
3.7583334,686.2
3.7583334,686.2
3.7583334,686.2
3.7583334,686.2
3.7583334,686.2
4.0,631.8
4.0,631.8
4.0,631.8
4.0,631.8
4.0,631.8
4.0,631.8
4.0,631.8
4.0,631.8
18.058334,1116.8
17.733335,1084.4
18.433334,2608.4001
18.433334,2608.4001
18.433334,2608.4001
18.433334,2608.4001
18.216665,1264.6
18.216665,1264.6
18.216665,1264.6
18.216665,1264.6
17.758333,1062.3
17.758333,1062.3
17.741667,1164.8
17.741667,1164.8
17.5,1771.8
17.5,1771.8
18.891668,1084.2999
18.891668,1084.2999
18.891668,1084.2999
18.708334,1263.2
18.708334,1263.2
18.708334,1263.2
18.391668,1955.7001
18.391668,1955.7001
19.058332,1407.0
19.058332,1407.0
19.058332,1407.0
19.058332,1407.0
19.2,1598.5001
19.2,1598.5001
6.841667,521.50006
6.841667,521.50006
6.841667,521.50006
7.4166665,491.3
7.4166665,491.3
7.4166665,491.3
6.841667,521.50006
6.841667,521.50006
6.841667,521.50006
7.4166665,491.3
7.4166665,491.3
7.4166665,491.3
22.725,1693.4
22.716667,1515.2002
18.216665,1264.6
18.216665,1264.6
18.216665,1264.6
18.216665,1264.6
18.216665,1264.6
18.216665,1264.6
18.216665,1264.6
18.216665,1264.6
18.275002,2390.5
18.275002,2390.5
18.275002,2390.5
18.275002,2390.5
18.275002,2390.5
18.275002,2390.5
18.275002,2390.5
18.275002,2390.5
18.841667,1657.0
18.841667,1657.0
18.841667,1657.0
18.841667,1657.0
18.841667,1657.0
18.841667,1657.0
18.841667,1657.0
18.841667,1657.0
19.0,2099.2002
19.0,2099.2002
19.0,2099.2002
19.0,2099.2002
19.0,2099.2002
19.0,2099.2002
19.0,2099.2002
19.0,2099.2002
17.941666,1245.9
17.941666,1245.9
17.941666,1245.9
17.941666,1245.9
17.941666,1245.9
17.941666,1245.9
17.391666,1418.8998
17.391666,1418.8998
17.391666,1418.8998
17.391666,1418.8998
17.391666,1418.8998
17.391666,1418.8998
16.316668,1240.3999
16.316668,1240.3999
16.316668,1240.3999
17.008333,988.3
17.008333,988.3
17.008333,988.3
17.008333,988.3
21.875,1984.8
21.875,1984.8
21.875,1984.8
21.875,1984.8
21.875,1984.8
21.875,1984.8
21.875,1984.8
21.875,1984.8
21.875,1984.8
21.875,1984.8
21.875,1984.8
21.875,1984.8
21.875,1984.8
21.875,1984.8
21.875,1984.8
21.875,1984.8
21.875,1984.8
21.875,1984.8
21.941668,2420.4004
21.941668,2420.4004
21.941668,2420.4004
21.941668,2420.4004
21.941668,2420.4004
21.941668,2420.4004
21.941668,2420.4004
21.941668,2420.4004
21.941668,2420.4004
21.941668,2420.4004
21.941668,2420.4004
21.941668,2420.4004
21.941668,2420.4004
21.941668,2420.4004
21.941668,2420.4004
21.941668,2420.4004
21.941668,2420.4004
21.941668,2420.4004
19.275002,1782.4001
19.275002,1782.4001
19.275002,1782.4001
17.883335,1091.2001
17.708334,1105.5
17.908333,1325.4
17.916668,1361.4
18.308332,1107.7999
18.308332,1107.7999
18.308332,1107.7999
18.308332,1107.7999
18.308332,1107.7999
18.308332,1107.7999
17.691668,1397.0
17.691668,1397.0
17.691668,1397.0
17.691668,1397.0
17.691668,1397.0
17.691668,1397.0
17.675001,1846.4001
17.675001,1846.4001
17.675001,1846.4001
17.675001,1846.4001
17.675001,1846.4001
18.508333,1264.9
18.508333,1264.9
18.508333,1264.9
18.508333,1264.9
18.383333,1071.6001
18.383333,1071.6001
18.383333,1071.6001
18.383333,1071.6001
18.383333,1071.6001
18.383333,1071.6001
18.383333,1071.6001
18.383333,1071.6001
18.383333,1071.6001
18.383333,1071.6001
18.383333,1071.6001
17.758335,1315.7999
17.758335,1315.7999
17.758335,1315.7999
17.758335,1315.7999
17.758335,1315.7999
17.758335,1315.7999
17.758335,1315.7999
17.758335,1315.7999
17.758335,1315.7999
17.758335,1315.7999
17.758335,1315.7999
17.758335,1315.7999
17.933332,1179.5
17.933332,1179.5
17.933332,1179.5
17.933332,1179.5
17.933332,1179.5
17.933332,1179.5
17.933332,1179.5
17.933332,1179.5
17.933332,1179.5
17.933332,1179.5
17.933332,1179.5
18.03333,908.80005
18.03333,908.80005
18.03333,908.80005
18.03333,908.80005
17.758333,1062.3
17.758333,1062.3
17.741667,1164.8
17.741667,1164.8
17.625002,1263.0001
17.625002,1263.0001
2.8333333,563.60004
2.8333333,563.60004
2.8333333,563.60004
2.8333333,563.60004
2.8333333,563.60004
2.8333333,563.60004
2.8333333,563.60004
2.8333333,563.60004
2.5000002,697.9
17.5,1771.8
17.5,1771.8
18.333332,1276.6
18.333332,1276.6
18.166666,1404.7001
18.166666,1404.7001
18.050001,1568.5
18.050001,1568.5
22.841667,1866.4
22.841667,1866.4
22.841667,1866.4
22.841667,1866.4
22.841667,1866.4
22.841667,1866.4
22.841667,1866.4
22.841667,1866.4
22.841667,1866.4
22.841667,1866.4
22.841667,1866.4
17.633333,1476.1
17.633333,1476.1
17.633333,1476.1
17.633333,1476.1
17.633333,1476.1
17.633333,1476.1
17.791666,972.8001
17.633335,978.30005
17.008333,1385.7002
17.008333,1385.7002
17.008333,1385.7002
17.008333,1385.7002
16.691668,1353.3002
16.691668,1353.3002
16.691668,1353.3002
16.691668,1353.3002
16.691668,1353.3002
16.691668,1353.3002
17.333334,1379.7
17.333334,1379.7
17.333334,1379.7
17.333334,1379.7
17.333334,1379.7
17.925,1459.0
17.925,1459.0
17.925,1459.0
17.925,1459.0
17.925,1459.0
17.925,1459.0
17.925,1459.0
17.925,1459.0
13.291667,587.9
13.291667,587.9
13.291667,587.9
4.1166663,599.5
4.1166663,599.5
16.825,1291.4
16.825,1291.4
16.475,1199.5
16.475,1199.5
18.0,1430.6
18.0,1430.6
18.0,1430.6
18.0,1430.6
18.0,1430.6
18.016668,1351.0
18.016668,1351.0
18.016668,1351.0
18.016668,1351.0
18.016668,1351.0
17.108334,1025.6
17.216665,1197.6001
17.15,1206.0
2.8333333,563.60004
2.8333333,563.60004
2.8333333,563.60004
2.8333333,563.60004
2.8333333,563.60004
2.8333333,563.60004
2.708333,735.2
2.708333,735.2
2.708333,735.2
2.708333,735.2
2.708333,735.2
2.708333,735.2
10.441667,234.30002
17.591665,1368.2999
17.591665,1368.2999
17.591665,1368.2999
17.591665,1368.2999
22.85,1596.3
22.85,1596.3
22.85,1596.3
22.741669,1536.1
22.741669,1536.1
22.741669,1536.1
22.741669,1536.1
22.741669,1536.1
22.741669,1536.1
22.725,1693.4
22.725,1693.4
22.725,1693.4
6.3083344,428.1
6.3083344,428.1
13.366666,811.69995
13.366666,811.69995
14.116668,869.5
14.116668,869.5
5.041666,539.60004
5.041666,539.60004
5.441667,477.0
5.441667,477.0
5.441667,477.0
5.441667,477.0
5.041666,539.60004
5.041666,539.60004
5.441667,477.0
5.441667,477.0
5.441667,477.0
5.441667,477.0
18.75,1609.7999
18.75,1609.7999
18.75,1609.7999
18.75,1609.7999
18.75,1609.7999
18.75,1609.7999
18.433334,2608.4001
18.433334,2608.4001
18.433334,2608.4001
18.433334,2608.4001
18.433334,2608.4001
18.433334,2608.4001
18.433334,2608.4001
18.433334,2608.4001
11.041667,599.7
11.041667,599.7
11.041667,599.7
11.041667,599.7
10.616668,502.30002
10.616668,502.30002
10.616668,502.30002
10.616668,502.30002
11.525001,348.6
11.525001,348.6
11.525001,348.6
11.525001,348.6
22.85,1596.3
22.85,1596.3
22.85,1596.3
22.85,1596.3
22.741669,1536.1
22.741669,1536.1
22.741669,1536.1
22.741669,1536.1
22.741669,1536.1
22.741669,1536.1
15.841667,789.9
15.841667,789.9
15.841667,789.9
15.841667,789.9
15.841667,789.9
15.841667,789.9
17.949999,1328.9
17.949999,1328.9
17.949999,1328.9
17.949999,1328.9
17.300001,1248.2002
17.300001,1248.2002
17.300001,1248.2002
17.300001,1248.2002
18.116667,1134.1
18.116667,1134.1
18.116667,1134.1
18.116667,1134.1
17.983334,1205.9001
17.983334,1205.9001
17.983334,1205.9001
17.983334,1205.9001
2.4500005,334.5
2.4500005,334.5
22.716667,1515.2002
22.716667,1515.2002
22.716667,1515.2002
18.75,1609.7999
18.75,1609.7999
18.75,1609.7999
18.75,1609.7999
18.75,1609.7999
18.75,1609.7999
18.216665,1264.6
18.216665,1264.6
18.216665,1264.6
18.216665,1264.6
18.216665,1264.6
18.216665,1264.6
17.216665,1197.6001
17.216665,1197.6001
17.15,1206.0
17.15,1206.0
18.1,1835.3
18.1,1835.3
18.1,1835.3
18.1,1835.3
18.550001,1380.9
18.550001,1380.9
18.550001,1380.9
18.550001,1380.9
18.550001,1380.9
18.550001,1380.9
18.550001,1380.9
18.550001,1380.9
18.425,1236.7001
18.425,1236.7001
18.425,1236.7001
18.425,1236.7001
18.425,1236.7001
18.425,1236.7001
18.425,1236.7001
16.966665,945.2999
18.033335,1433.6
18.416666,1661.3999
18.416666,1661.3999
18.416666,1661.3999
18.416666,1661.3999
17.541666,1072.9
18.241667,1359.7001
18.241667,1359.7001
18.241667,1359.7001
18.241667,1359.7001
18.241667,1359.7001
18.241667,1359.7001
18.241667,1359.7001
18.241667,1359.7001
18.425,1236.7001
18.425,1236.7001
18.425,1236.7001
18.425,1236.7001
18.425,1236.7001
18.425,1236.7001
18.425,1236.7001
18.425,1236.7001
15.008332,777.8
17.758333,1062.3
17.758333,1062.3
17.758333,1062.3
17.758333,1062.3
17.791668,989.9001
17.791668,989.9001
17.791668,989.9001
17.791668,989.9001
17.791668,989.9001
17.933332,1832.4001
17.933332,1832.4001
17.933332,1832.4001
17.933332,1832.4001
17.933332,1832.4001
17.933332,1832.4001
17.933332,1832.4001
17.933332,1832.4001
17.933332,1832.4001
17.675001,1846.4001
17.675001,1846.4001
17.675001,1846.4001
17.675001,1846.4001
18.425,1236.7001
18.425,1236.7001
18.133333,1524.0
18.133333,1524.0
18.133333,1524.0
18.133333,1524.0
18.133333,1524.0
18.133333,1524.0
18.133333,1524.0
18.133333,1524.0
18.133333,1524.0
18.133333,1524.0
18.133333,1524.0
18.133333,1524.0
18.133333,1524.0
18.133333,1524.0
18.133333,1524.0
18.133333,1524.0
16.141666,998.99994
15.641667,1019.10004
17.300001,1109.1
17.300001,1109.1
17.300001,920.7999
17.300001,920.7999
18.758333,1383.2001
18.758333,1383.2001
17.5,1771.8
17.5,1771.8
17.5,1771.8
17.5,1771.8
17.5,1771.8
17.5,1771.8
17.5,1771.8
17.5,1771.8
18.533335,1412.2998
18.533335,1412.2998
8.620834,658.55
8.620834,658.55
8.620834,658.55
8.620834,658.55
16.633333,999.0
16.633333,999.0
16.35,1187.1
16.35,1187.1
16.199999,1273.3
16.199999,1273.3
16.641666,1289.4001
16.641666,1289.4001
16.641666,1289.4001
16.641666,1289.4001
17.791668,989.9001
17.791668,989.9001
19.408333,1878.6002
19.408333,1878.6002
17.5,1771.8
17.5,1771.8
17.5,1771.8
17.5,1771.8
10.441667,234.30002
10.441667,234.30002
17.191668,1534.7999
17.191668,1534.7999
17.191668,1506.6
17.191668,1506.6
19.275002,1782.4001
19.275002,1782.4001
16.825,1291.4
16.825,1291.4
16.475,1199.5
16.475,1199.5
16.166666,1030.4
16.166666,1030.4
18.48889,1865.2832
18.48889,1865.2832
18.48889,1865.2832
18.48889,1865.2832
18.48889,1865.2832
18.48889,1865.2832
19.141668,1423.3
19.141668,1423.3
19.141668,1423.3
19.141668,1423.3
19.141668,1423.3
19.141668,1423.3
18.941668,1781.4
18.941668,1781.4
18.941668,1781.4
18.941668,1781.4
18.941668,1781.4
18.941668,1781.4
18.883333,2082.2
18.883333,2082.2
18.883333,2082.2
18.883333,2082.2
18.883333,2082.2
18.883333,2082.2
18.75,1609.7999
18.75,1609.7999
18.75,1609.7999
18.75,1609.7999
18.75,1609.7999
18.75,1609.7999
18.75,1609.7999
18.75,1609.7999
18.75,1609.7999
18.75,1609.7999
18.433334,2608.4001
18.433334,2608.4001
18.433334,2608.4001
18.433334,2608.4001
18.433334,2608.4001
18.433334,2608.4001
18.433334,2608.4001
18.433334,2608.4001
18.433334,2608.4001
18.433334,2608.4001
18.216665,1264.6
18.216665,1264.6
18.216665,1264.6
18.216665,1264.6
18.216665,1264.6
18.216665,1264.6
18.275002,2390.5
18.275002,2390.5
18.275002,2390.5
18.275002,2390.5
18.275002,2390.5
18.275002,2390.5
18.275002,2390.5
18.275002,2390.5
18.275002,2390.5
18.275002,2390.5
18.841667,1657.0
18.841667,1657.0
18.841667,1657.0
18.841667,1657.0
18.841667,1657.0
18.841667,1657.0
18.841667,1657.0
18.841667,1657.0
18.841667,1657.0
18.841667,1657.0
19.0,2099.2002
19.0,2099.2002
19.0,2099.2002
19.0,2099.2002
19.0,2099.2002
19.0,2099.2002
19.0,2099.2002
19.0,2099.2002
19.0,2099.2002
19.0,2099.2002
18.025,1209.7
18.025,1209.7
18.025,1209.7
18.025,1209.7
18.025,1209.7
18.025,1209.7
18.025,1209.7
18.016666,1321.3
18.016666,1321.3
18.016666,1321.3
18.016666,1321.3
18.016666,1321.3
18.016666,1321.3
18.016666,1321.3
14.425,914.10004
14.425,914.10004
14.425,914.10004
18.1,1295.6998
18.1,1295.6998
23.066666,1874.7001
23.066666,1874.7001
23.066666,1874.7001
23.066666,1874.7001
22.991667,1926.2
22.991667,1926.2
22.991667,1926.2
22.991667,1926.2
22.991667,1926.2
22.991667,1926.2
22.991667,1926.2
22.991667,1926.2
23.441666,2103.0999
23.441666,2103.0999
23.441666,2103.0999
23.441666,2103.0999
23.441666,2103.0999
23.441666,2103.0999
23.441666,2103.0999
23.441666,2103.0999
23.5,1782.0001
23.5,1782.0001
23.5,1782.0001
18.1,1629.0
18.1,1629.0
18.099998,1661.0001
18.099998,1661.0001
18.033335,1433.6
17.883335,1400.7999
19.691668,1509.7
19.691668,1509.7
8.558333,669.35004
8.558333,669.35004
6.9249997,769.4001
6.9249997,769.4001
6.816667,614.6
6.816667,614.6
19.35,1786.3
19.35,1786.3
19.35,1786.3
19.35,1786.3
19.35,1786.3
19.35,1786.3
19.35,1786.3
19.35,1786.3
18.891666,2133.5002
18.891666,2133.5002
18.891666,2133.5002
18.891666,2133.5002
18.891666,2133.5002
18.891666,2133.5002
18.891666,2133.5002
18.891666,2133.5002
18.891666,2133.5002
18.891666,2133.5002
18.891666,2133.5002
18.891666,2133.5002
19.291666,1948.5001
19.291666,1948.5001
19.291666,1948.5001
19.291666,1948.5001
19.291666,1948.5001
19.291666,1948.5001
19.291666,1948.5001
19.291666,1948.5001
19.291666,1948.5001
19.291666,1948.5001
19.291666,1948.5001
19.291666,1948.5001
18.825,1271.2
18.825,1271.2
18.825,1271.2
18.825,1271.2
18.825,1271.2
18.825,1271.2
18.916666,1124.5
18.916666,1124.5
18.916666,1124.5
18.916666,1124.5
18.916666,1124.5
18.916666,1124.5
18.916666,1124.5
18.916666,1124.5
18.916666,1124.5
18.916666,1124.5
18.066668,1034.6
18.066668,1034.6
17.391668,929.8
17.391668,929.8
17.391668,929.8
17.391668,929.8
17.166666,1306.6
17.166666,1306.6
17.166666,1306.6
17.166666,1306.6
18.175,1264.3
17.724998,1231.4
17.724998,1231.4
17.883333,1171.3
17.883333,1171.3
18.1,1295.6998
18.1,1295.6998
18.1,1295.6998
18.1,1295.6998
18.1,1295.6998
18.1,1295.6998
18.1,1295.6998
18.025,1209.7
18.025,1209.7
18.025,1209.7
18.025,1209.7
18.025,1209.7
18.025,1209.7
18.025,1209.7
14.441667,864.60004
14.441667,864.60004
14.441667,864.60004
14.441667,864.60004
14.441667,864.60004
5.0333333,726.2
5.0333333,726.2
5.0333333,726.2
5.0333333,726.2
5.0333333,726.2
5.0333333,726.2
5.0333333,726.2
5.0333333,726.2
5.0333333,726.2
5.0333333,726.2
5.0333333,726.2
5.0333333,726.2
5.0333333,726.2
5.0333333,726.2
5.0333333,726.2
5.0333333,726.2
5.0333333,726.2
5.0333333,726.2
17.783335,1247.2999
17.783335,1247.2999
17.783335,1247.2999
17.783335,1247.2999
17.783335,1247.2999
17.800001,1652.9003
17.800001,1652.9003
17.800001,1652.9003
17.800001,1652.9003
17.800001,1652.9003
18.050001,1568.5
18.050001,1568.5
19.633333,1807.3999
19.633333,1807.3999
19.633333,1807.3999
19.633333,1807.3999
19.633333,1807.3999
19.633333,1807.3999
19.633333,1807.3999
19.633333,1807.3999
18.666666,1238.9
18.666666,1238.9
18.666666,1238.9
18.666666,1238.9
17.050001,1361.5
17.050001,1361.5
17.050001,1361.5
17.058334,1563.7001
18.666666,1238.9
18.666666,1238.9
18.2,1569.9
18.2,1569.9
18.2,1569.9
18.2,1569.9
3.8750007,648.9
3.8750007,648.9
3.008334,547.10004
3.008334,547.10004
3.175,650.6
3.175,650.6
17.183336,1109.7
17.183336,1109.7
17.241667,1733.3
17.241667,1733.3
17.241667,1733.3
17.241667,1733.3
17.341665,1466.6
17.341665,1466.6
17.341665,1466.6
17.341665,1466.6
17.191668,1386.0
17.191668,1386.0
17.191668,1386.0
17.191668,1386.0
17.308332,1359.7999
17.308332,1359.7999
17.308332,1359.7999
17.308332,1359.7999
17.308334,1750.4
17.308334,1750.4
17.308334,1750.4
17.308334,1750.4
15.541667,1368.4
15.541667,1368.4
23.291666,1162.0
23.291666,1162.0
23.291666,1162.0
23.291666,1162.0
23.291666,1162.0
23.291666,1162.0
23.291666,1162.0
23.291666,1162.0
22.724998,1234.1
22.724998,1234.1
22.724998,1234.1
22.724998,1234.1
22.724998,1234.1
22.724998,1234.1
22.724998,1234.1
22.724998,1234.1
19.208334,1451.7
19.208334,1451.7
19.84167,1682.6
19.84167,1682.6
19.84167,1682.6
19.84167,1682.6
3.1833332,610.99994
3.1833332,610.99994
3.1833332,610.99994
3.1833332,610.99994
17.5,1771.8
17.5,1771.8
16.941668,1240.2001
16.941668,1240.2001
17.758333,1062.3
17.758333,1062.3
16.825,1278.6
16.825,1278.6
17.758333,1062.3
17.758333,1062.3
17.741667,1164.8
17.741667,1164.8
17.625002,1263.0001
17.625002,1263.0001
17.758333,1062.3
17.758333,1062.3
17.741667,1164.8
17.741667,1164.8
17.625002,1263.0001
17.625002,1263.0001
22.716667,1515.2002
15.799999,1021.5
15.799999,1021.5
15.799999,1021.5
16.45,1057.8
16.45,1057.8
16.45,1057.8
16.625002,1069.6001
16.625002,1069.6001
16.625002,1069.6001
15.799999,1021.5
17.199999,1916.5001
17.341667,1619.0001
17.191668,1534.7999
15.449998,997.4001
15.449998,997.4001
15.449998,997.4001
15.449998,997.4001
16.125,922.8
16.125,922.8
16.125,922.8
16.125,922.8
16.491667,1952.4
16.491667,1952.4
16.491667,1952.4
16.491667,1952.4
17.225,1432.6
17.225,1432.6
17.225,1432.6
17.225,1432.6
16.883333,1657.3
16.883333,1657.3
16.883333,1657.3
16.883333,1657.3
16.783335,1955.2001
16.783335,1955.2001
16.783335,1955.2001
16.783335,1955.2001
17.199999,1916.5001
17.199999,1916.5001
17.199999,1916.5001
17.199999,1916.5001
17.341667,1619.0001
17.341667,1619.0001
17.341667,1619.0001
17.341667,1619.0001
17.509998,1410.7001
17.509998,1410.7001
17.509998,1410.7001
18.09167,1278.8002
18.09167,1278.8002
18.09167,1278.8002
18.016666,1095.3
18.016666,1095.3
19.058332,1407.0
19.183332,1617.0
19.5,1755.5001
19.533333,1720.9
19.425001,1499.8002
19.383333,1564.7001
19.666666,1628.0
19.058332,1407.0
19.183332,1617.0
19.5,1755.5001
19.533333,1720.9
19.425001,1499.8002
19.383333,1564.7001
19.666666,1628.0
17.491667,1116.2
17.491667,1116.2
17.475,1033.0
17.475,1033.0
17.475,1033.0
17.475,1033.0
17.475,1033.0
16.666666,1424.7002
16.666666,1424.7002
16.666666,1424.7002
16.666666,1424.7002
16.758333,1220.3
16.758333,1220.3
16.758333,1220.3
16.758333,1220.3
16.233332,1318.0
16.233332,1318.0
16.233332,1318.0
16.233332,1318.0
16.275002,1228.4
16.233334,1013.3
17.116667,1070.2001
16.666666,1424.7002
16.666666,1424.7002
16.666666,1424.7002
16.758333,1220.3
16.758333,1220.3
16.758333,1220.3
16.666666,1424.7002
16.666666,1424.7002
16.666666,1424.7002
16.666666,1424.7002
16.758333,1220.3
16.758333,1220.3
16.758333,1220.3
16.758333,1220.3
17.499998,1041.9001
17.499998,1041.9001
17.499998,1041.9001
17.499998,1041.9001
17.116667,1401.2999
17.116667,1401.2999
17.116667,1401.2999
17.116667,1401.2999
16.775,1985.2001
16.775,1985.2001
16.775,1985.2001
20.3,1650.7002
20.3,1650.7002
20.3,1650.7002
16.208334,1040.8
16.208334,1040.8
16.258333,1301.2
16.258333,1301.2
16.258333,1301.2
15.808334,1221.5001
15.808334,1221.5001
15.808334,1221.5001
15.641667,1019.10004
15.641667,1019.10004
15.641667,1019.10004
15.808334,1221.5001
17.449999,1283.6001
17.449999,1283.6001
17.449999,1283.6001
17.449999,1283.6001
17.449999,1283.6001
17.449999,1283.6001
17.266666,2251.9
17.266666,2251.9
17.266666,2251.9
17.266666,2251.9
17.266666,2251.9
16.95,1485.0001
16.95,1485.0001
16.95,1485.0001
16.95,1485.0001
15.641667,1019.10004
15.641667,1019.10004
17.943752,1488.6
17.943752,1488.6
17.943752,1488.6
17.943752,1488.6
17.943752,1488.6
17.943752,1488.6
17.943752,1488.6
17.943752,1488.6
17.943752,1488.6
17.943752,1488.6
17.943752,1488.6
17.943752,1488.6
16.691668,976.2
16.691668,976.2
16.691668,976.2
16.691668,976.2
16.675001,1129.0
16.675001,1129.0
16.675001,1129.0
16.675001,1129.0
18.533333,1245.0001
18.533333,1245.0001
18.35,1383.5001
18.35,1383.5001
18.533333,1245.0001
18.533333,1245.0001
18.35,1383.5001
18.35,1383.5001
17.125,994.69995
17.125,994.69995
16.233332,1318.0
16.233332,1318.0
16.233332,1318.0
16.233332,1318.0
16.233332,1318.0
16.233332,1318.0
16.225,1023.6
16.225,1023.6
16.225,1023.6
16.225,1023.6
17.316668,1026.4
17.316668,1026.4
17.316668,1026.4
17.233334,1024.4
17.233334,1024.4
17.433332,1124.8002
17.433332,1124.8002
16.25,1064.5
16.25,1064.5
16.25,1064.5
16.25,1064.5
16.858334,1093.3999
16.858334,1093.3999
16.858334,1093.3999
16.858334,1093.3999
16.858334,1093.3999
16.858334,1093.3999
16.858334,1093.3999
16.858334,1093.3999
18.75,1609.7999
18.75,1609.7999
18.75,1609.7999
18.75,1609.7999
16.4,1086.6
16.4,1086.6
16.4,1086.6
16.4,1086.6
16.525002,957.50006
16.525002,957.50006
16.525002,957.50006
16.891666,1220.3002
16.891666,1220.3002
16.199999,1364.7
16.199999,1364.7
16.891668,979.7
16.891668,979.7
16.891668,979.7
16.275002,1228.4
16.275002,1228.4
16.275002,1228.4
16.275002,1228.4
15.766666,979.9
15.766666,979.9
15.766666,979.9
18.333334,1133.5
18.333334,1133.5
18.333334,1133.5
18.333334,1133.5
17.441668,1131.6001
17.441668,1131.6001
17.441668,1131.6001
17.441668,1131.6001
7.6333327,852.4
8.041667,777.30005
16.250002,873.7999
16.250002,873.7999
16.250002,873.7999
15.799999,1021.5
15.799999,1021.5
15.799999,1021.5
16.45,1057.8
16.45,1057.8
16.45,1057.8
16.625002,1069.6001
16.625002,1069.6001
16.625002,1069.6001
17.5,1340.2999
17.5,1340.2999
17.5,1340.2999
17.5,1340.2999
15.791665,1158.0
15.791665,1158.0
15.791665,1158.0
15.791665,1158.0
16.266666,1011.70013
16.266666,1011.70013
16.266666,1011.70013
16.266666,1011.70013
16.533333,1332.8999
16.533333,1332.8999
16.533333,1332.8999
16.533333,1332.8999
17.108334,1025.6
17.108334,1025.6
17.108334,1025.6
17.216665,1197.6001
17.216665,1197.6001
17.216665,1197.6001
17.216665,1197.6001
17.15,1206.0
17.15,1206.0
17.15,1206.0
17.15,1206.0
17.566668,1210.9999
17.566668,1210.9999
17.566668,1210.9999
17.700003,1120.6
17.700003,1120.6
17.700003,1120.6
17.700003,1120.6
17.491667,1116.2
17.491667,1116.2
17.491667,1116.2
17.491667,1116.2
17.633333,1198.9
17.633333,1198.9
17.633333,1198.9
17.633333,1198.9
17.691666,1075.7
17.691666,1075.7
17.691666,1075.7
17.691666,1075.7
18.108335,1331.1
18.108335,1331.1
18.108335,1331.1
17.95,1439.0
17.95,1439.0
17.95,1439.0
18.083334,1218.3
18.083334,1218.3
18.083334,1218.3
3.1833332,610.99994
3.1833332,610.99994
17.074999,1002.50006
17.074999,1002.50006
17.074999,1002.50006
17.25,815.4
17.25,815.4
17.25,815.4
16.133333,1024.3
16.133333,1024.3
16.133333,1024.3
16.291668,1235.1
16.291668,1235.1
16.291668,1235.1
16.125002,1192.8
16.125002,1192.8
16.125002,1192.8
15.833332,1016.7999
15.833332,1016.7999
15.833332,1016.7999
6.2625,793.49994
6.2625,793.49994
9.366668,262.80002
17.475,1033.0
17.475,1033.0
17.475,1033.0
17.475,1033.0
16.300001,1032.4
16.300001,1032.4
16.483334,1218.7001
16.483334,1218.7001
18.550001,1380.9
18.550001,1380.9
18.550001,1380.9
18.550001,1380.9
18.550001,1380.9
18.550001,1380.9
18.550001,1380.9
18.550001,1380.9
18.550001,1380.9
18.158335,1456.9001
18.158335,1456.9001
18.158335,1456.9001
18.158335,1456.9001
18.158335,1456.9001
18.158335,1456.9001
18.158335,1456.9001
18.158335,1456.9001
18.158335,1456.9001
18.158335,1456.9001
18.783335,1426.0999
18.783335,1426.0999
18.783335,1426.0999
18.783335,1426.0999
18.783335,1426.0999
18.783335,1426.0999
18.783335,1426.0999
18.783335,1426.0999
18.783335,1426.0999
18.783335,1426.0999
18.908333,1061.2999
18.908333,1061.2999
18.908333,1061.2999
18.908333,1061.2999
18.908333,1061.2999
18.908333,1061.2999
18.908333,1061.2999
16.825,1291.4
16.825,1291.4
16.475,1199.5
16.475,1199.5
16.650002,987.5
14.983334,928.1
14.983334,928.1
14.983334,928.1
14.983334,928.1
14.675,1051.3
14.675,1051.3
14.675,1051.3
14.675,1051.3
16.825,1291.4
16.825,1291.4
16.475,1199.5
16.475,1199.5
16.249998,1295.7
16.249998,1295.7
16.249998,1295.7
16.249998,1295.7
16.666666,1424.7002
16.666666,1424.7002
16.666666,1424.7002
16.666666,1424.7002
17.108334,1025.6
17.108334,1025.6
17.216665,1197.6001
17.216665,1197.6001
17.216665,1197.6001
17.216665,1197.6001
17.15,1206.0
17.15,1206.0
17.15,1206.0
17.15,1206.0
10.116667,725.3
10.116667,725.3
10.116667,725.3
10.116667,725.3
10.116667,725.3
10.116667,725.3
16.483332,1261.6
16.0,1062.3999
8.05,831.49994
8.516667,681.4001
2.7666657,586.80005
2.5000002,697.9
17.366667,946.9
17.366667,946.9
17.633333,675.6
17.633333,675.6
16.483332,1261.6
16.0,1062.3999
8.05,831.49994
8.516667,681.4001
2.7666657,586.80005
2.5000002,697.9
17.366667,946.9
17.366667,946.9
17.633333,675.6
17.633333,675.6
16.483332,1261.6
16.0,1062.3999
8.05,831.49994
8.516667,681.4001
2.7666657,586.80005
2.5000002,697.9
17.366667,946.9
17.366667,946.9
17.633333,675.6
17.941666,1569.4
17.941666,1569.4
17.941666,1569.4
17.941666,1569.4
17.941666,1569.4
17.941666,1569.4
17.941666,1569.4
17.941666,1569.4
17.574999,1429.0001
17.574999,1429.0001
17.574999,1429.0001
17.449999,1283.6001
17.449999,1283.6001
17.449999,1283.6001
17.449999,1283.6001
17.449999,1283.6001
17.449999,1283.6001
17.449999,1283.6001
17.449999,1283.6001
15.641667,1019.10004
15.641667,1019.10004
15.591667,1161.5
15.591667,1161.5
16.141666,998.99994
16.141666,998.99994
16.141666,998.99994
16.141666,998.99994
16.141666,998.99994
16.141666,998.99994
16.141666,998.99994
16.291666,1135.6001
16.291666,1135.6001
16.291666,1135.6001
16.291666,1135.6001
16.291666,1135.6001
17.074999,723.50006
17.074999,723.50006
17.025,1165.9
17.025,1165.9
17.633335,978.30005
17.475,1033.0
17.475,1033.0
18.1,750.4
18.1,750.4
17.966665,1014.2
17.966665,1014.2
17.966665,1014.2
17.466665,1056.4
17.466665,1056.4
17.466665,1056.4
19.691668,1509.7
19.691668,1509.7
16.533335,967.2
15.883334,1055.3
15.808333,1044.4
15.808333,1044.4
16.258333,1301.2
16.258333,1301.2
23.033333,2334.5002
23.033333,2334.5002
23.033333,2334.5002
23.033333,2334.5002
23.033333,2334.5002
23.033333,2334.5002
23.033333,2334.5002
23.033333,2334.5002
17.108334,1025.6
17.108334,1025.6
17.108334,1025.6
17.108334,1025.6
17.216665,1197.6001
17.216665,1197.6001
17.216665,1197.6001
17.216665,1197.6001
17.15,1206.0
17.15,1206.0
17.15,1206.0
17.15,1206.0
17.566668,1210.9999
17.566668,1210.9999
17.566668,1210.9999
17.566668,1210.9999
18.333334,1133.5
18.333334,1133.5
17.441668,1131.6001
17.441668,1131.6001
17.475,1033.0
17.475,1033.0
17.475,1033.0
18.1,750.4
18.1,750.4
18.1,750.4
17.966665,1014.2
17.966665,1014.2
17.966665,1014.2
16.533333,590.9
16.533333,590.9
18.633333,564.10004
18.633333,564.10004
15.525001,302.0
26.266668,791.50006
25.791666,1914.1002
25.791666,1914.1002
25.791666,1914.1002
26.041666,2034.9001
26.041666,2034.9001
26.041666,2034.9001
25.791666,1914.1002
25.791666,1914.1002
25.791666,1914.1002
26.041666,2034.9001
26.041666,2034.9001
26.041666,2034.9001
25.791666,1914.1002
25.791666,1914.1002
25.791666,1914.1002
26.041666,2034.9001
26.041666,2034.9001
26.041666,2034.9001
28.383333,1591.9999
28.383333,1591.9999
28.383333,1591.9999
28.383333,1591.9999
28.383333,1591.9999
13.950001,1528.2002
13.575,1205.2
13.866666,1355.2
13.950001,1528.2002
13.575,1205.2
13.866666,1355.2
11.425,1015.10004
11.425,1015.10004
16.666666,1424.7002
16.666666,1424.7002
16.666666,1424.7002
16.666666,1424.7002
16.758333,1220.3
16.758333,1220.3
16.758333,1220.3
16.758333,1220.3
18.658333,1360.7
18.658333,1360.7
18.658333,1360.7
18.658333,1360.7
18.658333,1360.7
18.658333,1360.7
18.658333,1360.7
13.591666,1515.6998
13.591666,1515.6998
13.591666,1515.6998
13.591666,1515.6998
13.866666,1355.2
13.866666,1355.2
13.866666,1355.2
13.866666,1355.2
14.05,978.2001
14.05,978.2001
11.966667,1104.7
12.433333,1215.7999
13.549999,1341.4
14.866666,1623.1
14.866666,1623.1
16.433332,1400.7999
16.199999,1990.1002
16.199999,1990.1002
12.283334,1946.7
14.924999,1730.8
16.550001,1447.3
16.358334,2081.7998
16.358334,2081.7998
16.833334,1966.5999
13.583336,1355.0
13.583336,1355.0
13.583336,1355.0
13.583336,1355.0
13.450001,1656.2999
13.450001,1656.2999
13.450001,1656.2999
6.733334,1297.1001
6.733334,1297.1001
24.308336,1726.6
24.308336,1726.6
24.308336,1726.6
24.308336,1726.6
24.308336,1726.6
24.308336,1726.6
13.041667,1497.7001
13.041667,1497.7001
13.041667,1497.7001
13.041667,1497.7001
13.041667,1497.7001
12.975001,1733.2
12.975001,1733.2
12.975001,1733.2
12.975001,1733.2
27.391668,1571.6001
27.333334,1311.7999
15.525001,302.0
15.525001,302.0
17.1,930.9
17.1,930.9
25.400002,821.69995
25.400002,821.69995
25.400002,821.69995
25.400002,821.69995
25.400002,821.69995
25.400002,821.69995
25.283335,857.3
25.283335,857.3
25.283335,857.3
25.283335,857.3
25.283335,857.3
25.283335,857.3
13.700002,1012.1
12.566667,1197.7
29.058334,1328.4
29.058334,1328.4
29.058334,1328.4
29.058334,1328.4
28.074999,1368.3
28.074999,1368.3
28.074999,1368.3
28.074999,1368.3
27.308332,2179.1
27.308332,2179.1
27.308332,2179.1
27.65,2403.7002
27.65,2403.7002
27.65,2403.7002
10.933334,1383.1001
10.933334,1383.1001
10.875001,1407.1001
10.875001,1407.1001
13.591666,1515.6998
13.591666,1515.6998
13.591666,1515.6998
13.591666,1515.6998
13.866666,1355.2
13.866666,1355.2
13.866666,1355.2
13.866666,1355.2
12.133334,1126.6001
12.133334,1126.6001
12.133334,1126.6001
12.133334,1126.6001
28.933332,1203.7001
28.933332,1203.7001
29.208336,1320.8
29.208336,1320.8
27.391665,2388.9
27.391665,2388.9
27.083334,2268.0
27.083334,2268.0
16.275,1128.1
16.275,1128.1
16.275,1128.1
16.091665,857.5
16.091665,857.5
16.091665,857.5
16.091665,857.5
13.591666,1515.6998
13.591666,1515.6998
13.591666,1515.6998
13.591666,1515.6998
13.866666,1355.2
13.866666,1355.2
13.866666,1355.2
13.866666,1355.2
28.424997,1563.5
28.424997,1563.5
28.424997,1563.5
28.424997,1563.5
28.424997,1563.5
28.424997,1563.5
28.424997,1563.5
28.424997,1563.5
28.424997,1563.5
28.424997,1563.5
17.724998,741.2
17.258333,573.60004
28.424997,1563.5
28.424997,1563.5
14.3166685,732.5
14.049999,830.9999
14.049999,830.9999
29.433334,1519.2
29.433334,1519.2
29.433334,1519.2
29.433334,1519.2
29.433334,1519.2
29.433334,1519.2
29.433334,1519.2
29.433334,1519.2
18.59167,1296.5001
18.59167,1296.5001
18.59167,1296.5001
18.59167,1296.5001
18.59167,1296.5001
16.841665,387.40002
16.841665,387.40002
16.841665,387.40002
16.841665,387.40002
16.275,359.7
16.275,359.7
16.275,359.7
16.275,359.7
16.15,458.0
16.15,458.0
16.15,458.0
16.15,458.0
18.066668,1189.8
18.066668,1189.8
18.066668,1189.8
18.066668,1189.8
15.733334,1552.3
15.733334,1552.3
15.733334,1552.3
15.733334,1552.3
15.266667,1469.8
15.266667,1469.8
15.266667,1469.8
15.266667,1469.8
27.775002,2469.7
27.775002,2469.7
27.866667,2183.2002
27.866667,2183.2002
27.866667,2183.2002
27.866667,2183.2002
27.524996,2135.7
27.524996,2135.7
27.783333,2041.1001
27.783333,2041.1001
16.9,1586.5
29.308334,1357.5
29.308334,1357.5
29.308334,1357.5
29.308334,1357.5
29.308334,1357.5
29.308334,1357.5
29.308334,1357.5
29.308334,1357.5
29.308334,1357.5
29.308334,1357.5
29.308334,1357.5
29.308334,1357.5
29.308334,1357.5
29.308334,1357.5
29.308334,1357.5
29.308334,1357.5
7.8000007,1397.1
7.8000007,1397.1
7.8000007,1397.1
19.56667,1659.8
19.791666,1403.0
19.491667,1565.0001
27.6,1968.0999
27.6,1968.0999
27.6,1968.0999
27.6,1968.0999
29.208336,1320.8
29.208336,1320.8
29.208336,1320.8
29.208336,1320.8
29.208336,1320.8
29.208336,1320.8
29.208336,1320.8
29.208336,1320.8
29.208336,1320.8
29.208336,1320.8
29.208336,1320.8
29.208336,1320.8
29.208336,1320.8
29.208336,1320.8
29.208336,1320.8
29.208336,1320.8
27.275002,2847.0
27.275002,2847.0
27.275002,2847.0
27.275002,2847.0
27.275002,2847.0
27.275002,2847.0
27.275002,2847.0
27.275002,2847.0
27.275002,2847.0
27.275002,2847.0
27.275002,2847.0
27.275002,2847.0
27.391665,2388.9
27.391665,2388.9
27.391665,2388.9
27.391665,2388.9
27.391665,2388.9
27.391665,2388.9
27.391665,2388.9
27.391665,2388.9
27.391665,2388.9
27.391665,2388.9
27.391665,2388.9
27.391665,2388.9
27.083334,2268.0
27.083334,2268.0
27.083334,2268.0
26.041664,1811.2001
26.041664,1811.2001
26.041664,1811.2001
26.041664,1811.2001
26.449999,2243.4001
26.449999,2243.4001
26.449999,2243.4001
26.449999,2243.4001
14.333332,1259.2001
14.333332,1259.2001
16.525002,762.69995
16.525002,762.69995
16.525002,762.69995
16.525002,762.69995
16.525002,762.69995
16.191666,487.80002
16.191666,487.80002
16.191666,487.80002
16.191666,487.80002
16.191666,487.80002
17.308332,1348.8
17.308332,1348.8
17.308332,1348.8
17.308332,1348.8
17.308332,1348.8
17.308332,1348.8
17.158335,1319.4
17.158335,1319.4
17.158335,1319.4
17.158335,1319.4
17.158335,1319.4
11.508332,1131.7001
11.508332,1131.7001
11.508332,1131.7001
11.508332,1131.7001
10.933334,1383.1001
10.933334,1383.1001
10.933334,1383.1001
10.933334,1383.1001
10.933334,1383.1001
26.141668,812.5
25.033335,464.89996
25.033335,464.89996
26.216667,614.39996
11.508334,1119.3
11.508334,1119.3
11.508334,1119.3
11.508334,1119.3
11.508334,1119.3
11.508334,1119.3
11.508334,1119.3
28.308334,1802.0
28.308334,1802.0
28.25833,1790.0
28.25833,1790.0
28.308334,1802.0
28.308334,1802.0
28.308334,1802.0
28.308334,1802.0
28.25833,1790.0
28.25833,1790.0
28.308334,1802.0
28.308334,1802.0
28.308334,1802.0
28.308334,1802.0
28.608335,1801.8
28.608335,1801.8
28.608335,1801.8
28.608335,1801.8
28.549997,1790.0
28.549997,1790.0
28.608335,1801.8
28.608335,1801.8
28.608335,1801.8
28.608335,1801.8
28.549997,1790.0
28.549997,1790.0
28.608335,1801.8
28.608335,1801.8
28.608335,1801.8
28.608335,1801.8
28.099998,1802.5001
28.099998,1802.5001
24.225,1715.8999
24.225,1715.8999
24.225,1715.8999
24.225,1715.8999
24.225,1715.8999
24.225,1715.8999
24.225,1715.8999
24.225,1715.8999
25.875,438.30002
25.875,438.30002
25.875,438.30002
25.875,438.30002
28.424997,1563.5
28.424997,1563.5
28.424997,1563.5
28.424997,1563.5
28.424997,1563.5
27.58333,1704.7
27.58333,1704.7
27.58333,1704.7
27.58333,1704.7
27.58333,1704.7
27.58333,1704.7
27.58333,1704.7
27.275002,2847.0
27.275002,2847.0
27.275002,2847.0
27.275002,2847.0
27.275002,2847.0
27.275002,2847.0
23.266668,1401.5
23.266668,1401.5
23.266668,1401.5
23.266668,1401.5
23.475,1666.4
19.733334,1777.2999
19.733334,1777.2999
19.916666,1491.8999
19.916666,1491.8999
19.916666,1491.8999
27.466667,1404.1001
27.466667,1404.1001
27.466667,1404.1001
27.466667,1404.1001
26.966667,1547.1
26.966667,1547.1
26.966667,1547.1
13.450001,1656.2999
13.450001,1656.2999
13.450001,1656.2999
25.766665,2319.5
17.941666,680.0
17.941666,680.0
17.941666,680.0
17.941666,680.0
24.308332,1721.0001
24.308332,1721.0001
24.308332,1721.0001
24.308332,1721.0001
24.308332,1721.0001
24.308332,1721.0001
24.308332,1721.0001
24.308332,1721.0001
24.816668,1539.5001
24.816668,1539.5001
24.816668,1539.5001
24.816668,1539.5001
24.816668,1539.5001
24.816668,1539.5001
24.816668,1539.5001
24.816668,1539.5001
25.191668,552.50006
25.433334,641.39996
27.324999,1772.2
27.324999,1772.2
12.208333,1152.0999
12.208333,1152.0999
12.208333,1152.0999
12.208333,1152.0999
12.208333,1152.0999
12.408334,1356.5
12.408334,1356.5
12.408334,1356.5
12.408334,1356.5
12.408334,1356.5
16.249998,1295.7
16.249998,1295.7
16.324999,487.0
16.324999,487.0
16.324999,487.0
17.275002,266.0
17.275002,266.0
17.275002,266.0
17.275002,266.0
17.275002,266.0
17.275002,266.0
24.550001,992.1
24.550001,992.1
24.550001,992.1
24.458334,910.60004
24.458334,910.60004
24.458334,910.60004
26.816666,1690.0
26.816666,1690.0
26.816666,1690.0
26.041664,1811.2001
26.041664,1811.2001
26.041664,1811.2001
26.041664,1811.2001
26.041664,1811.2001
26.041664,1811.2001
26.041664,1811.2001
26.041664,1811.2001
26.041664,1811.2001
26.041664,1811.2001
26.041664,1811.2001
26.041664,1811.2001
26.449999,2243.4001
26.449999,2243.4001
26.449999,2243.4001
26.449999,2243.4001
26.449999,2243.4001
26.449999,2243.4001
26.449999,2243.4001
26.449999,2243.4001
26.449999,2243.4001
26.449999,2243.4001
26.449999,2243.4001
26.449999,2243.4001
25.983332,2110.9
25.983332,2110.9
25.983332,2110.9
25.983332,2110.9
26.508333,2324.4
26.508333,2324.4
26.508333,2324.4
26.508333,2324.4
17.425,1328.7001
17.425,1328.7001
17.258333,1249.0
17.258333,1249.0
18.074999,1264.9
18.074999,1264.9
19.458334,1512.9
19.458334,1512.9
19.458334,1512.9
19.458334,1512.9
19.458334,1512.9
19.458334,1512.9
19.458334,1512.9
19.458334,1512.9
8.450001,1551.5999
16.208334,1342.8999
16.208334,1342.8999
15.141665,1552.5
15.733334,1552.3
27.96667,1906.5001
15.000001,1431.2
15.000001,1431.2
15.000001,1431.2
15.000001,1431.2
27.466667,1404.1001
27.466667,1404.1001
27.466667,1404.1001
27.466667,1404.1001
13.591666,1515.6998
13.591666,1515.6998
13.591666,1515.6998
11.358334,617.50006
10.641666,547.3
10.641666,547.3
15.291667,384.0
15.291667,384.0
15.291667,384.0
15.291667,384.0
23.366669,1559.3999
23.366669,1559.3999
23.366669,1559.3999
23.366669,1559.3999
23.366669,1559.3999
23.366669,1559.3999
23.366669,1559.3999
23.366669,1559.3999
23.366669,1559.3999
23.366669,1559.3999
23.366669,1559.3999
23.366669,1559.3999
23.366669,1559.3999
23.366669,1559.3999
23.366669,1559.3999
23.366669,1559.3999
23.366669,1559.3999
23.366669,1559.3999
23.366669,1559.3999
23.366669,1559.3999
23.366669,1559.3999
23.366669,1559.3999
23.366669,1559.3999
23.366669,1559.3999
23.366669,1559.3999
23.366669,1559.3999
23.366669,1559.3999
23.366669,1559.3999
29.308334,1357.5
29.308334,1357.5
29.308334,1357.5
29.308334,1357.5
29.308334,1357.5
29.308334,1357.5
29.308334,1357.5
29.308334,1357.5
29.308334,1357.5
29.308334,1357.5
29.308334,1357.5
29.308334,1357.5
27.347221,2283.6
27.347221,2283.6
27.347221,2283.6
27.347221,2283.6
27.347221,2283.6
27.347221,2283.6
27.347221,2283.6
27.347221,2283.6
27.347221,2283.6
27.347221,2283.6
27.347221,2283.6
27.347221,2283.6
27.347221,2283.6
27.347221,2283.6
27.347221,2283.6
4.7833333,809.30005
4.7833333,809.30005
4.7833333,809.30005
13.450001,1656.2999
13.450001,1656.2999
13.450001,1656.2999
13.450001,1656.2999
13.450001,1656.2999
13.041667,1497.7001
13.041667,1497.7001
13.041667,1497.7001
13.041667,1497.7001
13.041667,1497.7001
13.041667,1497.7001
13.041667,1497.7001
13.041667,1497.7001
15.416667,1327.2002
15.416667,1327.2002
28.025,1588.95
28.025,1588.95
28.025,1588.95
28.025,1588.95
20.225,1531.7001
20.141668,1312.6001
19.833332,1763.3999
19.616667,1496.6
19.733334,1777.2999
19.916666,1491.8999
19.608335,1649.6001
26.666666,1706.2
26.666666,1706.2
26.666666,1706.2
26.666666,1706.2
26.666666,1706.2
26.666666,1706.2
27.133333,1647.2001
27.133333,1647.2001
27.133333,1647.2001
27.133333,1647.2001
27.133333,1647.2001
27.133333,1647.2001
26.666666,1706.2
26.666666,1706.2
26.666666,1706.2
26.666666,1706.2
26.666666,1706.2
26.666666,1706.2
27.133333,1647.2001
27.133333,1647.2001
27.133333,1647.2001
27.133333,1647.2001
27.133333,1647.2001
27.133333,1647.2001
27.383331,1225.3
27.383331,1225.3
27.383331,1225.3
27.383331,1225.3
27.383331,1225.3
27.383331,1225.3
27.758331,1463.1001
27.758331,1463.1001
27.758331,1463.1001
27.758331,1463.1001
27.758331,1463.1001
27.758331,1463.1001
12.091667,1111.8
12.091667,1111.8
11.733334,858.50006
11.733334,858.50006
11.508332,1131.7001
11.508332,1131.7001
11.508332,1131.7001
11.508332,1131.7001
27.691668,1464.3
27.691668,1464.3
27.691668,1464.3
27.691668,1464.3
27.566666,978.7999
27.566666,978.7999
27.566666,978.7999
27.566666,978.7999
27.241667,1730.8998
27.241667,1730.8998
27.241667,1730.8998
27.241667,1730.8998
17.916668,1357.9
17.916668,1357.9
17.916668,1357.9
17.916668,1357.9
17.916668,1357.9
17.916668,1357.9
17.916668,1357.9
17.916668,1357.9
17.916668,1357.9
23.574999,1512.4
23.574999,1512.4
17.883335,1091.2001
17.883335,1091.2001
17.808332,1194.9
17.808332,1194.9
17.708334,1105.5
17.708334,1105.5
12.025002,379.5
12.025002,379.5
12.683333,336.19995
12.683333,336.19995
27.275002,2847.0
27.275002,2847.0
27.275002,2847.0
27.275002,2847.0
27.391665,2388.9
27.391665,2388.9
27.391665,2388.9
27.391665,2388.9
27.083334,2268.0
27.083334,2268.0
27.083334,2268.0
27.083334,2268.0
27.275002,2847.0
27.275002,2847.0
27.275002,2847.0
27.275002,2847.0
27.275002,2847.0
27.275002,2847.0
27.391665,2388.9
27.391665,2388.9
27.391665,2388.9
27.391665,2388.9
27.391665,2388.9
27.391665,2388.9
24.4875,1611.3
24.4875,1611.3
24.4875,1611.3
17.225,1432.6
17.225,1432.6
17.225,1432.6
16.883333,1657.3
16.883333,1657.3
16.883333,1657.3
27.566666,978.7999
27.566666,978.7999
27.566666,978.7999
27.566666,978.7999
27.1,1379.0
27.1,1379.0
27.1,1379.0
27.1,1379.0
26.975,1868.2999
26.633331,1671.9001
26.633331,1671.9001
27.075003,1208.7001
27.075003,1208.7001
27.075003,1208.7001
27.075003,1208.7001
27.666666,1518.5
27.33333,1860.2001
27.33333,1860.2001
27.391665,1567.3999
27.391665,1567.3999
27.474998,2237.7
27.474998,2237.7
27.33333,1860.2001
27.33333,1860.2001
27.391665,1567.3999
27.391665,1567.3999
27.474998,2237.7
27.391665,1567.3999
27.474998,2237.7
27.391665,1567.3999
27.474998,2237.7
27.391665,1567.3999
27.391665,1567.3999
27.474998,2237.7
27.391665,1567.3999
27.35,1595.0999
24.675001,2184.0002
27.35,1595.0999
27.391665,1567.3999
27.35,1595.0999
27.35,1595.0999
26.924997,1674.7001
26.924997,1674.7001
26.924997,1674.7001
26.924997,1674.7001
26.924997,1674.7001
26.924997,1674.7001
26.924997,1674.7001
26.924997,1674.7001
26.924997,1674.7001
26.924997,1674.7001
26.48125,1717.2625
26.48125,1717.2625
26.48125,1717.2625
26.48125,1717.2625
26.48125,1717.2625
26.48125,1717.2625
26.48125,1717.2625
26.48125,1717.2625
26.48125,1717.2625
26.48125,1717.2625
26.48125,1717.2625
26.783333,1505.0001
26.783333,1505.0001
26.783333,1505.0001
26.783333,1505.0001
27.01667,2061.5002
27.01667,2061.5002
27.01667,2061.5002
27.258337,1759.8002
27.258337,1759.8002
27.258337,1759.8002
27.258337,1759.8002
27.258337,1759.8002
27.258337,1759.8002
27.258337,1759.8002
27.258337,1759.8002
27.158333,2338.3
27.158333,2338.3
27.158333,2338.3
27.158333,2338.3
27.158333,2338.3
27.158333,2338.3
27.158333,2338.3
27.158333,2338.3
14.270834,891.80005
14.270834,891.80005
14.270834,891.80005
14.270834,891.80005
14.270834,891.80005
14.270834,891.80005
14.270834,891.80005
14.270834,891.80005
14.270834,891.80005
17.733334,1952.6
17.733334,1952.6
17.733334,1952.6
17.733334,1952.6
18.025002,2027.9001
18.025002,2027.9001
18.025002,2027.9001
18.025002,2027.9001
18.658333,1360.7
18.658333,1360.7
17.5,1771.8
17.5,1771.8
17.5,1771.8
17.5,1771.8
17.5,1771.8
17.5,1771.8
17.5,1771.8
17.5,1771.8
18.333332,1276.6
18.333332,1276.6
18.333332,1276.6
18.333332,1276.6
18.333332,1276.6
18.333332,1276.6
18.333332,1276.6
18.333332,1276.6
18.166666,1404.7001
18.166666,1404.7001
18.166666,1404.7001
18.166666,1404.7001
18.166666,1404.7001
18.166666,1404.7001
18.166666,1404.7001
18.166666,1404.7001
16.925,1052.6001
17.758333,1271.5999
17.758333,1271.5999
17.758333,1271.5999
17.758333,1271.5999
17.758333,1271.5999
17.758333,1271.5999
17.566666,1486.2
17.566666,1486.2
17.566666,1486.2
17.566666,1486.2
13.366666,811.69995
13.366666,811.69995
13.366666,811.69995
13.366666,811.69995
13.366666,811.69995
13.366666,811.69995
13.366666,811.69995
13.366666,811.69995
13.366666,811.69995
14.116668,869.5
14.116668,869.5
14.116668,869.5
14.116668,869.5
14.116668,869.5
14.116668,869.5
14.116668,869.5
14.116668,869.5
14.116668,869.5
14.425,914.10004
14.425,914.10004
14.425,914.10004
14.425,914.10004
14.425,914.10004
14.425,914.10004
14.425,914.10004
14.425,914.10004
14.425,914.10004
17.958334,1436.2
17.958334,1436.2
17.958334,1436.2
17.816668,1433.1
17.816668,1433.1
17.816668,1433.1
17.35,1043.9
17.35,1043.9
17.35,1043.9
17.35,1043.9
17.35,1043.9
17.35,1043.9
17.35,1043.9
17.35,1043.9
17.35,1043.9
17.35,1043.9
17.041666,2060.4001
17.041666,2060.4001
17.041666,2060.4001
17.041666,2060.4001
17.041666,2060.4001
17.041666,2060.4001
17.041666,2060.4001
17.041666,2060.4001
17.041666,2060.4001
17.041666,2060.4001
17.875002,1385.8
17.875002,1385.8
17.875002,1385.8
17.875002,1385.8
17.875002,1385.8
17.875002,1385.8
17.875002,1385.8
17.875002,1385.8
17.875002,1385.8
17.875002,1385.8
17.941666,1245.9
17.941666,1245.9
17.941666,1245.9
17.941666,1245.9
17.941666,1245.9
17.941666,1245.9
17.391666,1418.8998
17.391666,1418.8998
17.391666,1418.8998
17.391666,1418.8998
17.391666,1418.8998
17.391666,1418.8998
17.875,1530.1001
17.875,1530.1001
17.875,1530.1001
17.875,1530.1001
17.316668,1026.4
17.316668,1026.4
16.641666,1289.4001
16.641666,1289.4001
17.791668,989.9001
17.791668,989.9001
17.791668,989.9001
17.5,1771.8
17.5,1771.8
17.5,1771.8
16.941668,1240.2001
16.941668,1240.2001
17.758333,1062.3
17.758333,1062.3
19.0,2099.2002
19.0,2099.2002
19.0,2099.2002
19.0,2099.2002
19.0,2099.2002
19.0,2099.2002
19.0,2099.2002
19.0,2099.2002
19.066666,2452.2
19.066666,2452.2
19.066666,2452.2
19.066666,2452.2
19.066666,2452.2
19.066666,2452.2
19.066666,2452.2
19.066666,2452.2
17.633335,978.30005
17.633335,978.30005
17.475,1033.0
17.475,1033.0
17.475,1033.0
18.1,750.4
18.1,750.4
18.1,750.4
19.408333,1878.6002
19.408333,1878.6002
19.408333,1878.6002
19.408333,1878.6002
19.408333,1878.6002
19.408333,1878.6002
19.408333,1878.6002
19.408333,1878.6002
16.941668,1225.0001
15.591667,1161.5
15.591667,1161.5
15.591667,1161.5
15.591667,1161.5
15.591667,1161.5
15.591667,1161.5
15.591667,1161.5
15.591667,1161.5
16.141666,998.99994
16.141666,998.99994
16.141666,998.99994
16.141666,998.99994
16.141666,998.99994
16.141666,998.99994
16.141666,998.99994
16.141666,998.99994
17.108334,864.39996
17.108334,864.39996
17.108334,864.39996
17.108334,864.39996
17.108334,864.39996
17.108334,864.39996
19.633333,1775.9
19.633333,1775.9
19.633333,1775.9
19.633333,1775.9
18.1,1835.3
18.1,1835.3
18.716667,2360.7002
16.825,1278.6
16.825,1278.6
16.825,1278.6
16.825,1278.6
16.825,1278.6
16.825,1278.6
16.825,1278.6
16.825,1278.6
17.883335,1091.2001
17.808332,1194.9
17.708334,1105.5
3.7583334,686.2
3.7583334,686.2
3.7583334,686.2
3.7583334,686.2
3.7583334,686.2
3.7583334,686.2
3.7583334,686.2
3.7583334,686.2
4.0,631.8
4.0,631.8
4.0,631.8
4.0,631.8
4.0,631.8
4.0,631.8
4.0,631.8
4.0,631.8
17.758333,1062.3
17.758333,1062.3
17.741667,1164.8
17.741667,1164.8
17.5,1771.8
17.5,1771.8
18.891668,1084.2999
18.891668,1084.2999
18.891668,1084.2999
18.708334,1263.2
18.708334,1263.2
18.708334,1263.2
18.391668,1955.7001
18.391668,1955.7001
19.058332,1407.0
19.058332,1407.0
19.058332,1407.0
19.058332,1407.0
19.2,1598.5001
6.841667,521.50006
6.841667,521.50006
6.841667,521.50006
7.4166665,491.3
7.4166665,491.3
7.4166665,491.3
6.841667,521.50006
6.841667,521.50006
6.841667,521.50006
7.4166665,491.3
7.4166665,491.3
7.4166665,491.3
22.85,1596.3
22.85,1596.3
22.85,1596.3
22.85,1596.3
22.85,1596.3
22.85,1596.3
22.741669,1536.1
22.741669,1536.1
22.741669,1536.1
22.725,1693.4
22.716667,1515.2002
18.216665,1264.6
18.216665,1264.6
18.216665,1264.6
18.216665,1264.6
18.216665,1264.6
18.216665,1264.6
18.216665,1264.6
18.216665,1264.6
18.275002,2390.5
18.275002,2390.5
18.275002,2390.5
18.275002,2390.5
18.275002,2390.5
18.275002,2390.5
18.275002,2390.5
18.275002,2390.5
18.841667,1657.0
18.841667,1657.0
18.841667,1657.0
18.841667,1657.0
18.841667,1657.0
18.841667,1657.0
18.841667,1657.0
18.841667,1657.0
19.0,2099.2002
19.0,2099.2002
19.0,2099.2002
19.0,2099.2002
19.0,2099.2002
19.0,2099.2002
19.0,2099.2002
19.0,2099.2002
17.941666,1245.9
17.941666,1245.9
17.941666,1245.9
17.941666,1245.9
17.941666,1245.9
17.941666,1245.9
17.391666,1418.8998
17.391666,1418.8998
17.391666,1418.8998
17.391666,1418.8998
17.391666,1418.8998
17.391666,1418.8998
16.316668,1240.3999
17.008333,988.3
17.008333,988.3
19.275002,1782.4001
19.275002,1782.4001
17.883335,1091.2001
17.808332,1194.9
17.708334,1105.5
17.908333,1325.4
17.916668,1361.4
18.308332,1107.7999
18.308332,1107.7999
18.308332,1107.7999
18.308332,1107.7999
18.308332,1107.7999
18.308332,1107.7999
17.691668,1397.0
17.691668,1397.0
17.691668,1397.0
17.691668,1397.0
17.691668,1397.0
17.691668,1397.0
17.675001,1846.4001
17.675001,1846.4001
17.675001,1846.4001
17.675001,1846.4001
17.675001,1846.4001
18.508333,1264.9
18.508333,1264.9
18.508333,1264.9
18.508333,1264.9
18.383333,1071.6001
18.383333,1071.6001
18.383333,1071.6001
18.383333,1071.6001
18.383333,1071.6001
18.383333,1071.6001
18.383333,1071.6001
18.383333,1071.6001
18.383333,1071.6001
18.383333,1071.6001
17.758335,1315.7999
17.758335,1315.7999
17.758335,1315.7999
17.758335,1315.7999
17.758335,1315.7999
17.758335,1315.7999
17.758335,1315.7999
17.758335,1315.7999
17.758335,1315.7999
17.758335,1315.7999
17.758335,1315.7999
17.758335,1315.7999
17.933332,1179.5
17.933332,1179.5
17.933332,1179.5
17.933332,1179.5
17.933332,1179.5
17.933332,1179.5
17.933332,1179.5
17.933332,1179.5
17.933332,1179.5
17.933332,1179.5
17.933332,1179.5
18.03333,908.80005
18.03333,908.80005
18.03333,908.80005
18.03333,908.80005
17.758333,1062.3
17.758333,1062.3
17.741667,1164.8
17.741667,1164.8
17.625002,1263.0001
17.625002,1263.0001
2.8333333,563.60004
2.8333333,563.60004
2.8333333,563.60004
2.8333333,563.60004
2.8333333,563.60004
2.8333333,563.60004
2.8333333,563.60004
2.8333333,563.60004
2.5000002,697.9
17.5,1771.8
17.5,1771.8
18.333332,1276.6
18.333332,1276.6
18.166666,1404.7001
18.166666,1404.7001
17.791666,972.8001
17.633335,978.30005
3.8249998,806.10004
3.8249998,806.10004
4.1166663,599.5
4.1166663,599.5
16.825,1291.4
16.825,1291.4
16.475,1199.5
16.475,1199.5
18.0,1430.6
18.0,1430.6
18.0,1430.6
18.0,1430.6
18.0,1430.6
18.0,1430.6
18.016668,1351.0
18.016668,1351.0
18.016668,1351.0
18.016668,1351.0
18.016668,1351.0
18.016668,1351.0
17.108334,1025.6
10.441667,234.30002
17.591665,1368.2999
17.591665,1368.2999
17.591665,1368.2999
17.591665,1368.2999
22.85,1596.3
22.85,1596.3
22.85,1596.3
22.725,1693.4
22.725,1693.4
22.725,1693.4
6.3083344,428.1
6.3083344,428.1
6.3083344,428.1
13.366666,811.69995
13.366666,811.69995
14.116668,869.5
14.116668,869.5
5.041666,539.60004
5.041666,539.60004
5.441667,477.0
5.441667,477.0
5.441667,477.0
5.441667,477.0
5.041666,539.60004
5.041666,539.60004
5.441667,477.0
5.441667,477.0
5.441667,477.0
5.441667,477.0
18.75,1609.7999
18.75,1609.7999
18.75,1609.7999
18.75,1609.7999
18.75,1609.7999
18.75,1609.7999
18.433334,2608.4001
18.433334,2608.4001
18.433334,2608.4001
18.433334,2608.4001
18.433334,2608.4001
18.433334,2608.4001
18.433334,2608.4001
18.433334,2608.4001
15.841667,789.9
15.841667,789.9
15.841667,789.9
15.841667,789.9
15.841667,789.9
15.841667,789.9
15.841667,789.9
15.841667,789.9
17.949999,1328.9
17.949999,1328.9
17.949999,1328.9
17.949999,1328.9
17.633333,1476.1
17.633333,1476.1
17.633333,1476.1
17.633333,1476.1
18.325,1898.3002
18.325,1898.3002
18.325,1898.3002
18.325,1898.3002
2.4500005,334.5
2.4500005,334.5
22.716667,1515.2002
22.716667,1515.2002
22.716667,1515.2002
18.75,1609.7999
18.75,1609.7999
18.75,1609.7999
18.75,1609.7999
18.75,1609.7999
18.75,1609.7999
18.433334,2608.4001
18.433334,2608.4001
18.433334,2608.4001
18.433334,2608.4001
18.433334,2608.4001
18.433334,2608.4001
18.216665,1264.6
18.216665,1264.6
18.216665,1264.6
18.216665,1264.6
18.216665,1264.6
18.216665,1264.6
17.216665,1197.6001
17.216665,1197.6001
17.15,1206.0
17.15,1206.0
18.1,1835.3
18.1,1835.3
18.1,1835.3
18.1,1835.3
18.550001,1380.9
18.550001,1380.9
18.550001,1380.9
18.550001,1380.9
18.550001,1380.9
18.550001,1380.9
18.425,1236.7001
18.425,1236.7001
18.425,1236.7001
18.425,1236.7001
18.425,1236.7001
18.425,1236.7001
16.966665,945.2999
18.033335,1433.6
17.541666,1072.9
18.241667,1359.7001
18.241667,1359.7001
18.241667,1359.7001
18.241667,1359.7001
18.241667,1359.7001
18.241667,1359.7001
18.241667,1359.7001
18.241667,1359.7001
18.425,1236.7001
18.425,1236.7001
18.425,1236.7001
18.425,1236.7001
18.425,1236.7001
18.425,1236.7001
18.425,1236.7001
18.425,1236.7001
15.008332,777.8
17.758333,1062.3
17.758333,1062.3
17.758333,1062.3
17.758333,1062.3
17.791668,989.9001
17.791668,989.9001
17.791668,989.9001
17.791668,989.9001
17.791668,989.9001
17.933332,1832.4001
17.933332,1832.4001
17.933332,1832.4001
17.933332,1832.4001
17.933332,1832.4001
17.933332,1832.4001
17.933332,1832.4001
17.933332,1832.4001
17.933332,1832.4001
17.933332,1832.4001
16.291668,1235.1
16.291668,1235.1
17.675001,1846.4001
17.675001,1846.4001
17.675001,1846.4001
17.675001,1846.4001
17.191668,1534.7999
17.191668,1534.7999
17.191668,1506.6
17.191668,1506.6
18.425,1236.7001
18.425,1236.7001
2.6166666,516.89996
2.6166666,516.89996
2.6166666,516.89996
2.6166666,516.89996
25.541664,1676.6
25.541664,1676.6
16.141666,998.99994
15.641667,1019.10004
17.300001,1109.1
17.300001,1109.1
17.300001,920.7999
17.300001,920.7999
17.5,1771.8
17.5,1771.8
17.5,1771.8
17.5,1771.8
17.5,1771.8
17.5,1771.8
17.5,1771.8
17.5,1771.8
18.533335,1412.2998
18.533335,1412.2998
16.641666,1289.4001
16.641666,1289.4001
16.641666,1289.4001
16.641666,1289.4001
17.791668,989.9001
17.791668,989.9001
19.408333,1878.6002
19.408333,1878.6002
18.1,1835.3
18.1,1835.3
18.1,1835.3
18.1,1835.3
18.716667,2360.7002
18.716667,2360.7002
18.716667,2360.7002
18.716667,2360.7002
17.5,1771.8
17.5,1771.8
17.5,1771.8
17.5,1771.8
3.8249998,806.10004
10.441667,234.30002
10.441667,234.30002
10.441667,234.30002
17.191668,1534.7999
17.191668,1534.7999
17.191668,1506.6
17.191668,1506.6
19.275002,1782.4001
19.275002,1782.4001
16.825,1291.4
16.825,1291.4
16.475,1199.5
16.475,1199.5
16.166666,1030.4
16.166666,1030.4
18.333332,1276.6
18.333332,1276.6
18.166666,1404.7001
18.166666,1404.7001
18.050001,1568.5
18.050001,1568.5
18.333332,1276.6
18.333332,1276.6
18.166666,1404.7001
18.166666,1404.7001
18.050001,1568.5
18.050001,1568.5
19.141668,1423.3
19.141668,1423.3
19.141668,1423.3
19.141668,1423.3
19.141668,1423.3
18.941668,1781.4
18.941668,1781.4
18.941668,1781.4
18.883333,2082.2
18.883333,2082.2
18.883333,2082.2
18.883333,2082.2
18.883333,2082.2
18.883333,2082.2
18.75,1609.7999
18.75,1609.7999
18.75,1609.7999
18.75,1609.7999
18.75,1609.7999
18.75,1609.7999
18.75,1609.7999
18.75,1609.7999
18.75,1609.7999
18.75,1609.7999
18.433334,2608.4001
18.433334,2608.4001
18.433334,2608.4001
18.433334,2608.4001
18.433334,2608.4001
18.433334,2608.4001
18.433334,2608.4001
18.433334,2608.4001
18.433334,2608.4001
18.433334,2608.4001
18.216665,1264.6
18.216665,1264.6
18.216665,1264.6
18.216665,1264.6
18.216665,1264.6
18.216665,1264.6
18.275002,2390.5
18.275002,2390.5
18.275002,2390.5
18.275002,2390.5
18.275002,2390.5
18.275002,2390.5
18.275002,2390.5
18.275002,2390.5
18.275002,2390.5
18.275002,2390.5
18.841667,1657.0
18.841667,1657.0
18.841667,1657.0
18.841667,1657.0
18.841667,1657.0
18.841667,1657.0
18.841667,1657.0
18.841667,1657.0
18.841667,1657.0
18.841667,1657.0
19.0,2099.2002
19.0,2099.2002
19.0,2099.2002
19.0,2099.2002
19.0,2099.2002
19.0,2099.2002
19.0,2099.2002
19.0,2099.2002
19.0,2099.2002
19.0,2099.2002
18.025,1209.7
18.025,1209.7
18.025,1209.7
18.025,1209.7
18.025,1209.7
18.025,1209.7
18.025,1209.7
18.016666,1321.3
18.016666,1321.3
18.016666,1321.3
18.016666,1321.3
18.016666,1321.3
18.016666,1321.3
18.016666,1321.3
9.008333,469.0
9.008333,469.0
14.425,914.10004
14.425,914.10004
14.425,914.10004
18.1,1295.6998
18.1,1295.6998
23.066666,1874.7001
23.066666,1874.7001
23.066666,1874.7001
23.066666,1874.7001
22.991667,1926.2
22.991667,1926.2
22.991667,1926.2
22.991667,1926.2
22.991667,1926.2
22.991667,1926.2
22.991667,1926.2
22.991667,1926.2
23.441666,2103.0999
23.441666,2103.0999
23.441666,2103.0999
23.441666,2103.0999
23.441666,2103.0999
23.441666,2103.0999
23.441666,2103.0999
23.441666,2103.0999
23.5,1782.0001
23.5,1782.0001
23.5,1782.0001
18.1,1629.0
18.1,1629.0
18.099998,1661.0001
18.099998,1661.0001
18.033335,1433.6
17.883335,1400.7999
10.216667,622.0
10.216667,622.0
10.216667,622.0
10.216667,622.0
10.116667,725.3
10.116667,725.3
8.558333,669.35004
8.558333,669.35004
4.0333333,612.4
19.35,1786.3
19.35,1786.3
19.35,1786.3
19.35,1786.3
19.35,1786.3
19.35,1786.3
19.35,1786.3
19.35,1786.3
18.891666,2133.5002
18.891666,2133.5002
18.891666,2133.5002
18.891666,2133.5002
18.891666,2133.5002
18.891666,2133.5002
19.291666,1948.5001
19.291666,1948.5001
19.291666,1948.5001
19.291666,1948.5001
19.291666,1948.5001
19.291666,1948.5001
19.291666,1948.5001
19.291666,1948.5001
19.291666,1948.5001
19.291666,1948.5001
18.066668,1034.6
18.066668,1034.6
17.391668,929.8
17.391668,929.8
17.391668,929.8
17.391668,929.8
17.166666,1306.6
17.166666,1306.6
17.166666,1306.6
17.166666,1306.6
17.724998,1231.4
17.724998,1231.4
17.883333,1171.3
17.883333,1171.3
14.441667,864.60004
14.441667,864.60004
14.441667,864.60004
14.441667,864.60004
14.441667,864.60004
14.441667,864.60004
5.0333333,726.2
5.0333333,726.2
5.0333333,726.2
5.0333333,726.2
5.0333333,726.2
5.0333333,726.2
5.0333333,726.2
5.0333333,726.2
5.0333333,726.2
5.0333333,726.2
5.0333333,726.2
5.0333333,726.2
5.0333333,726.2
5.0333333,726.2
5.0333333,726.2
5.0333333,726.2
5.0333333,726.2
5.0333333,726.2
17.783335,1247.2999
17.783335,1247.2999
17.783335,1247.2999
17.783335,1247.2999
17.783335,1247.2999
17.800001,1652.9003
18.050001,1568.5
18.050001,1568.5
19.633333,1807.3999
19.633333,1807.3999
19.633333,1807.3999
19.633333,1807.3999
19.633333,1807.3999
19.633333,1807.3999
19.633333,1807.3999
19.633333,1807.3999
18.666666,1238.9
18.666666,1238.9
18.666666,1238.9
18.666666,1238.9
17.050001,1361.5
17.050001,1361.5
17.050001,1361.5
17.058334,1563.7001
18.666666,1238.9
18.666666,1238.9
18.325,1898.3002
18.325,1898.3002
18.325,1898.3002
3.8750007,648.9
3.8750007,648.9
3.008334,547.10004
3.008334,547.10004
3.175,650.6
3.175,650.6
17.183336,1109.7
17.183336,1109.7
10.066667,789.7
10.066667,789.7
15.541667,1368.4
15.541667,1368.4
23.291666,1162.0
23.291666,1162.0
23.291666,1162.0
23.291666,1162.0
23.291666,1162.0
23.291666,1162.0
23.291666,1162.0
23.291666,1162.0
22.724998,1234.1
22.724998,1234.1
22.724998,1234.1
22.724998,1234.1
22.724998,1234.1
22.724998,1234.1
22.724998,1234.1
22.724998,1234.1
19.208334,1451.7
19.208334,1451.7
3.1833332,610.99994
2.7999995,679.4001
17.5,1771.8
17.5,1771.8
16.941668,1240.2001
16.941668,1240.2001
17.758333,1062.3
17.758333,1062.3
16.825,1278.6
16.825,1278.6
17.758333,1062.3
17.758333,1062.3
17.741667,1164.8
17.741667,1164.8
17.625002,1263.0001
17.625002,1263.0001
17.758333,1062.3
17.758333,1062.3
17.741667,1164.8
17.741667,1164.8
17.625002,1263.0001
17.625002,1263.0001
22.716667,1515.2002
16.291668,1235.1
16.291668,1235.1
15.799999,1021.5
15.799999,1021.5
15.799999,1021.5
16.45,1057.8
16.45,1057.8
16.45,1057.8
16.625002,1069.6001
16.625002,1069.6001
16.625002,1069.6001
17.199999,1916.5001
17.341667,1619.0001
17.191668,1534.7999
15.449998,997.4001
15.449998,997.4001
15.449998,997.4001
15.449998,997.4001
16.125,922.8
16.125,922.8
16.125,922.8
16.125,922.8
16.491667,1952.4
16.491667,1952.4
16.491667,1952.4
16.491667,1952.4
17.225,1432.6
17.225,1432.6
17.225,1432.6
17.225,1432.6
16.883333,1657.3
16.883333,1657.3
16.883333,1657.3
16.883333,1657.3
16.783335,1955.2001
16.783335,1955.2001
16.783335,1955.2001
16.783335,1955.2001
17.199999,1916.5001
17.199999,1916.5001
17.199999,1916.5001
17.199999,1916.5001
17.341667,1619.0001
17.341667,1619.0001
17.341667,1619.0001
17.341667,1619.0001
18.65,1390.5
16.391666,1165.8
16.391666,1165.8
16.391666,1165.8
16.391666,1165.8
16.391666,1165.8
17.509998,1410.7001
17.509998,1410.7001
17.509998,1410.7001
18.09167,1278.8002
18.09167,1278.8002
18.09167,1278.8002
18.016666,1095.3
18.016666,1095.3
18.016666,1095.3
17.475,1033.0
17.475,1033.0
17.475,1033.0
17.475,1033.0
17.475,1033.0
16.666666,1424.7002
16.666666,1424.7002
16.666666,1424.7002
16.758333,1220.3
16.758333,1220.3
16.758333,1220.3
16.758333,1220.3
15.983334,1091.2001
15.983334,1091.2001
15.983334,1091.2001
16.025,1121.5
16.025,1121.5
16.025,1121.5
16.133333,1024.3
16.133333,1024.3
16.133333,1024.3
16.291668,1235.1
16.291668,1235.1
16.291668,1235.1
16.125002,1192.8
16.125002,1192.8
16.125002,1192.8
15.833332,1016.7999
15.833332,1016.7999
15.833332,1016.7999
16.233332,1318.0
16.233332,1318.0
16.233332,1318.0
16.233332,1318.0
16.233334,1013.3
17.116667,1070.2001
16.666666,1424.7002
16.666666,1424.7002
16.758333,1220.3
16.758333,1220.3
16.758333,1220.3
16.666666,1424.7002
16.666666,1424.7002
16.666666,1424.7002
16.758333,1220.3
16.758333,1220.3
16.758333,1220.3
16.758333,1220.3
17.499998,1041.9001
17.499998,1041.9001
17.499998,1041.9001
17.499998,1041.9001
20.3,1650.7002
20.3,1650.7002
20.3,1650.7002
16.208334,1040.8
16.208334,1040.8
16.258333,1301.2
16.258333,1301.2
16.258333,1301.2
15.808334,1221.5001
15.808334,1221.5001
15.808334,1221.5001
15.641667,1019.10004
15.641667,1019.10004
15.641667,1019.10004
16.95,1485.0001
16.95,1485.0001
16.95,1485.0001
16.95,1485.0001
15.641667,1019.10004
15.641667,1019.10004
17.943752,1488.6
17.943752,1488.6
17.943752,1488.6
17.943752,1488.6
17.943752,1488.6
17.943752,1488.6
17.943752,1488.6
17.943752,1488.6
17.943752,1488.6
17.943752,1488.6
17.943752,1488.6
17.943752,1488.6
18.533333,1245.0001
18.533333,1245.0001
18.35,1383.5001
18.35,1383.5001
18.533333,1245.0001
18.533333,1245.0001
18.35,1383.5001
18.35,1383.5001
16.475,1199.5
16.475,1199.5
16.233332,1318.0
16.233332,1318.0
16.233332,1318.0
16.233332,1318.0
16.233332,1318.0
16.233332,1318.0
16.225,1023.6
16.225,1023.6
16.225,1023.6
16.225,1023.6
17.316668,1026.4
17.316668,1026.4
17.316668,1026.4
17.433332,1124.8002
17.433332,1124.8002
16.4,1086.6
16.4,1086.6
16.4,1086.6
16.4,1086.6
16.525002,957.50006
16.525002,957.50006
16.525002,957.50006
16.891666,1220.3002
16.891666,1220.3002
16.0,1062.3999
16.0,1062.3999
16.199999,1364.7
16.199999,1364.7
16.891668,979.7
16.891668,979.7
16.891668,979.7
16.275002,1228.4
16.275002,1228.4
16.275002,1228.4
16.275002,1228.4
15.766666,979.9
15.766666,979.9
15.766666,979.9
7.6333327,852.4
8.041667,777.30005
16.891666,1220.3002
16.891666,1220.3002
16.891666,1220.3002
16.891666,1220.3002
16.891666,1220.3002
10.366666,177.50002
10.366666,177.50002
10.366666,177.50002
10.216666,211.20003
10.216666,211.20003
10.216666,211.20003
17.5,1340.2999
17.5,1340.2999
17.5,1340.2999
17.5,1340.2999
14.891667,1494.2999
14.891667,1494.2999
14.900001,1297.3002
14.900001,1297.3002
18.333334,1133.5
18.333334,1133.5
18.333334,1133.5
18.333334,1133.5
17.441668,1131.6001
17.441668,1131.6001
17.441668,1131.6001
17.441668,1131.6001
18.166666,1404.7
18.166666,1404.7
16.533333,1332.8999
16.533333,1332.8999
16.533333,1332.8999
16.533333,1332.8999
17.108334,1025.6
17.108334,1025.6
17.108334,1025.6
17.216665,1197.6001
17.216665,1197.6001
17.15,1206.0
17.15,1206.0
17.15,1206.0
17.15,1206.0
17.566668,1210.9999
17.566668,1210.9999
17.566668,1210.9999
17.566668,1210.9999
17.700003,1120.6
17.700003,1120.6
17.700003,1120.6
17.700003,1120.6
17.491667,1116.2
17.491667,1116.2
17.633333,1198.9
17.633333,1198.9
17.633333,1198.9
17.633333,1198.9
17.691666,1075.7
17.691666,1075.7
17.691666,1075.7
18.108335,1331.1
18.108335,1331.1
18.108335,1331.1
18.108335,1331.1
17.95,1439.0
17.95,1439.0
17.95,1439.0
18.083334,1218.3
18.083334,1218.3
18.083334,1218.3
3.1833332,610.99994
3.1833332,610.99994
17.074999,1002.50006
17.074999,1002.50006
17.074999,1002.50006
17.074999,1002.50006
17.25,815.4
17.25,815.4
17.25,815.4
17.25,815.4
17.316668,1026.4
17.316668,1026.4
17.316668,1026.4
17.316668,1026.4
17.316668,1026.4
17.316668,1026.4
17.316668,1026.4
17.316668,1026.4
17.316668,1026.4
17.316668,1026.4
17.316668,1026.4
17.316668,1026.4
6.2625,793.49994
6.2625,793.49994
9.366668,262.80002
17.475,1033.0
17.475,1033.0
17.475,1033.0
17.475,1033.0
18.550001,1380.9
18.550001,1380.9
18.550001,1380.9
18.550001,1380.9
18.550001,1380.9
18.550001,1380.9
18.550001,1380.9
18.550001,1380.9
18.550001,1380.9
18.158335,1456.9001
18.158335,1456.9001
18.158335,1456.9001
18.158335,1456.9001
18.158335,1456.9001
18.158335,1456.9001
18.158335,1456.9001
18.158335,1456.9001
18.158335,1456.9001
18.158335,1456.9001
18.783335,1426.0999
18.783335,1426.0999
18.783335,1426.0999
18.783335,1426.0999
18.783335,1426.0999
18.783335,1426.0999
18.783335,1426.0999
18.783335,1426.0999
18.783335,1426.0999
18.783335,1426.0999
18.908333,1061.2999
18.908333,1061.2999
18.908333,1061.2999
18.908333,1061.2999
18.908333,1061.2999
18.908333,1061.2999
18.908333,1061.2999
18.908333,1061.2999
16.825,1291.4
16.825,1291.4
16.475,1199.5
16.475,1199.5
14.983334,928.1
14.983334,928.1
14.983334,928.1
14.983334,928.1
14.675,1051.3
14.675,1051.3
14.675,1051.3
14.675,1051.3
16.825,1291.4
16.825,1291.4
16.475,1199.5
16.475,1199.5
16.249998,1295.7
16.249998,1295.7
16.249998,1295.7
16.249998,1295.7
16.666666,1424.7002
16.666666,1424.7002
16.666666,1424.7002
16.666666,1424.7002
10.116667,725.3
10.116667,725.3
10.116667,725.3
10.116667,725.3
10.116667,725.3
10.116667,725.3
17.574999,1429.0001
17.574999,1429.0001
17.574999,1429.0001
16.95,1485.0001
16.95,1485.0001
16.95,1485.0001
16.95,1485.0001
17.116667,1401.2999
17.116667,1401.2999
17.116667,1401.2999
17.116667,1401.2999
16.741667,1083.3
16.891666,1291.3
16.825,1291.4
16.825,1291.4
16.475,1199.5
16.475,1199.5
15.641667,1019.10004
15.641667,1019.10004
15.591667,1161.5
15.591667,1161.5
16.141666,998.99994
16.141666,998.99994
16.141666,998.99994
16.141666,998.99994
16.141666,998.99994
16.141666,998.99994
16.141666,998.99994
16.291666,1135.6001
16.291666,1135.6001
16.291666,1135.6001
16.291666,1135.6001
16.291666,1135.6001
17.074999,723.50006
17.074999,723.50006
17.025,1165.9
17.025,1165.9
17.633335,978.30005
17.475,1033.0
17.475,1033.0
18.1,750.4
18.1,750.4
18.1,750.4
17.966665,1014.2
17.966665,1014.2
17.966665,1014.2
17.466665,1056.4
17.466665,1056.4
17.466665,1056.4
16.533335,967.2
23.033333,2334.5002
23.033333,2334.5002
23.033333,2334.5002
23.033333,2334.5002
23.033333,2334.5002
23.033333,2334.5002
23.033333,2334.5002
23.033333,2334.5002
16.666666,1424.7002
16.666666,1424.7002
16.758333,1220.3
16.758333,1220.3
16.825,1291.4
16.825,1291.4
16.291668,1168.1
16.15,1046.6001
16.091667,1332.4
16.291668,1168.1
16.15,1046.6001
16.091667,1332.4
17.475,1033.0
17.475,1033.0
17.475,1033.0
18.1,750.4
18.1,750.4
18.1,750.4
17.966665,1014.2
17.966665,1014.2
17.966665,1014.2
16.533333,590.9
16.533333,590.9
18.633333,564.10004
18.633333,564.10004
15.525001,302.0
15.525001,302.0
26.250002,580.1
26.266668,791.50006
25.791666,1914.1002
25.791666,1914.1002
25.791666,1914.1002
26.041666,2034.9001
26.041666,2034.9001
26.041666,2034.9001
25.791666,1914.1002
25.791666,1914.1002
25.791666,1914.1002
26.041666,2034.9001
26.041666,2034.9001
26.041666,2034.9001
25.791666,1914.1002
25.791666,1914.1002
25.791666,1914.1002
26.041666,2034.9001
26.041666,2034.9001
26.041666,2034.9001
28.383333,1591.9999
28.383333,1591.9999
28.383333,1591.9999
28.383333,1591.9999
28.383333,1591.9999
11.425,1015.10004
11.425,1015.10004
18.658333,1360.7
18.658333,1360.7
18.658333,1360.7
18.658333,1360.7
18.658333,1360.7
18.658333,1360.7
18.658333,1360.7
18.658333,1360.7
6.733334,1297.1001
6.733334,1297.1001
6.733334,1297.1001
6.733334,1297.1001
24.308336,1726.6
24.308336,1726.6
24.308336,1726.6
24.308336,1726.6
24.308336,1726.6
24.308336,1726.6
15.525001,302.0
15.525001,302.0
17.1,930.9
17.1,930.9
25.400002,821.69995
25.400002,821.69995
25.400002,821.69995
25.400002,821.69995
25.400002,821.69995
25.400002,821.69995
25.283335,857.3
25.283335,857.3
25.283335,857.3
25.283335,857.3
25.283335,857.3
25.283335,857.3
13.700002,1012.1
28.074999,1368.3
28.074999,1368.3
28.074999,1368.3
28.074999,1368.3
27.308332,2179.1
27.308332,2179.1
27.308332,2179.1
27.65,2403.7002
27.65,2403.7002
27.65,2403.7002
10.933334,1383.1001
10.933334,1383.1001
10.875001,1407.1001
10.875001,1407.1001
13.591666,1515.6998
13.591666,1515.6998
13.591666,1515.6998
13.866666,1355.2
13.866666,1355.2
13.866666,1355.2
28.933332,1203.7001
28.933332,1203.7001
29.208336,1320.8
29.208336,1320.8
16.275,1128.1
16.275,1128.1
16.275,1128.1
16.275,1128.1
16.091665,857.5
16.091665,857.5
16.091665,857.5
16.091665,857.5
13.591666,1515.6998
13.591666,1515.6998
13.591666,1515.6998
13.866666,1355.2
13.866666,1355.2
13.866666,1355.2
17.724998,741.2
17.258333,573.60004
28.424997,1563.5
14.3166685,732.5
14.3166685,732.5
14.049999,830.9999
14.049999,830.9999
29.433334,1519.2
29.433334,1519.2
29.433334,1519.2
29.433334,1519.2
29.433334,1519.2
29.433334,1519.2
29.433334,1519.2
29.433334,1519.2
16.841665,387.40002
16.841665,387.40002
16.841665,387.40002
16.841665,387.40002
16.275,359.7
16.275,359.7
16.275,359.7
16.275,359.7
16.15,458.0
16.15,458.0
16.15,458.0
18.066668,1189.8
18.066668,1189.8
18.066668,1189.8
18.066668,1189.8
15.266667,1469.8
15.266667,1469.8
15.266667,1469.8
15.266667,1469.8
27.775002,2469.7
27.775002,2469.7
27.866667,2183.2002
27.866667,2183.2002
27.866667,2183.2002
27.866667,2183.2002
27.524996,2135.7
27.524996,2135.7
27.783333,2041.1001
27.783333,2041.1001
29.308334,1357.5
29.308334,1357.5
29.308334,1357.5
29.308334,1357.5
29.308334,1357.5
29.308334,1357.5
29.308334,1357.5
29.308334,1357.5
29.308334,1357.5
29.308334,1357.5
29.308334,1357.5
29.308334,1357.5
29.308334,1357.5
29.308334,1357.5
29.308334,1357.5
29.308334,1357.5
19.791666,1403.0
19.491667,1565.0001
27.6,1968.0999
27.6,1968.0999
27.6,1968.0999
27.6,1968.0999
27.275002,2847.0
27.275002,2847.0
27.275002,2847.0
27.275002,2847.0
27.275002,2847.0
27.275002,2847.0
27.275002,2847.0
27.275002,2847.0
27.275002,2847.0
27.275002,2847.0
27.275002,2847.0
27.275002,2847.0
27.391665,2388.9
27.391665,2388.9
27.391665,2388.9
27.391665,2388.9
27.391665,2388.9
27.391665,2388.9
27.391665,2388.9
27.391665,2388.9
27.391665,2388.9
27.391665,2388.9
27.391665,2388.9
27.391665,2388.9
27.083334,2268.0
27.083334,2268.0
27.083334,2268.0
26.041664,1811.2001
26.041664,1811.2001
26.041664,1811.2001
26.041664,1811.2001
26.449999,2243.4001
26.449999,2243.4001
26.449999,2243.4001
26.449999,2243.4001
14.333332,1259.2001
16.525002,762.69995
16.525002,762.69995
16.525002,762.69995
16.525002,762.69995
16.525002,762.69995
16.191666,487.80002
16.191666,487.80002
16.191666,487.80002
16.191666,487.80002
16.191666,487.80002
17.308332,1348.8
17.308332,1348.8
17.308332,1348.8
17.158335,1319.4
17.158335,1319.4
17.158335,1319.4
17.158335,1319.4
17.158335,1319.4
25.033335,464.89996
25.033335,464.89996
26.216667,614.39996
11.508334,1119.3
11.508334,1119.3
11.508334,1119.3
11.508334,1119.3
11.508334,1119.3
11.508334,1119.3
28.308334,1802.0
28.308334,1802.0
28.25833,1790.0
28.25833,1790.0
28.308334,1802.0
28.308334,1802.0
28.308334,1802.0
28.308334,1802.0
28.25833,1790.0
28.25833,1790.0
28.308334,1802.0
28.308334,1802.0
28.308334,1802.0
28.308334,1802.0
28.608335,1801.8
28.608335,1801.8
28.608335,1801.8
28.608335,1801.8
28.549997,1790.0
28.549997,1790.0
28.608335,1801.8
28.608335,1801.8
28.608335,1801.8
28.608335,1801.8
28.549997,1790.0
28.549997,1790.0
28.608335,1801.8
28.608335,1801.8
28.608335,1801.8
28.608335,1801.8
28.099998,1802.5001
28.099998,1802.5001
24.225,1715.8999
24.225,1715.8999
24.225,1715.8999
24.225,1715.8999
24.225,1715.8999
24.225,1715.8999
24.225,1715.8999
24.225,1715.8999
25.875,438.30002
25.875,438.30002
25.875,438.30002
25.875,438.30002
28.424997,1563.5
28.424997,1563.5
28.424997,1563.5
28.424997,1563.5
28.424997,1563.5
27.275002,2847.0
27.275002,2847.0
27.275002,2847.0
27.275002,2847.0
27.275002,2847.0
27.275002,2847.0
19.733334,1777.2999
19.733334,1777.2999
19.916666,1491.8999
19.916666,1491.8999
19.916666,1491.8999
27.466667,1404.1001
27.466667,1404.1001
27.466667,1404.1001
27.466667,1404.1001
26.966667,1547.1
26.966667,1547.1
26.966667,1547.1
26.966667,1547.1
24.308332,1721.0001
24.308332,1721.0001
24.308332,1721.0001
24.308332,1721.0001
24.308332,1721.0001
24.308332,1721.0001
24.308332,1721.0001
24.308332,1721.0001
24.816668,1539.5001
24.816668,1539.5001
24.816668,1539.5001
24.816668,1539.5001
24.816668,1539.5001
24.816668,1539.5001
24.816668,1539.5001
24.816668,1539.5001
25.191668,552.50006
25.433334,641.39996
27.324999,1772.2
27.324999,1772.2
27.324999,1772.2
12.208333,1152.0999
12.208333,1152.0999
12.208333,1152.0999
12.208333,1152.0999
12.208333,1152.0999
12.208333,1152.0999
12.408334,1356.5
12.408334,1356.5
12.408334,1356.5
12.408334,1356.5
12.408334,1356.5
16.249998,1295.7
16.249998,1295.7
16.324999,487.0
16.324999,487.0
16.324999,487.0
17.275002,266.0
17.275002,266.0
17.275002,266.0
17.275002,266.0
17.275002,266.0
17.275002,266.0
17.275002,266.0
24.458334,910.60004
24.458334,910.60004
24.458334,910.60004
26.041664,1811.2001
26.041664,1811.2001
26.041664,1811.2001
26.041664,1811.2001
26.041664,1811.2001
26.041664,1811.2001
26.041664,1811.2001
26.041664,1811.2001
26.041664,1811.2001
26.041664,1811.2001
26.041664,1811.2001
26.041664,1811.2001
26.449999,2243.4001
26.449999,2243.4001
26.449999,2243.4001
26.449999,2243.4001
26.449999,2243.4001
26.449999,2243.4001
26.449999,2243.4001
26.449999,2243.4001
26.449999,2243.4001
26.449999,2243.4001
26.449999,2243.4001
26.449999,2243.4001
25.983332,2110.9
25.983332,2110.9
25.983332,2110.9
25.983332,2110.9
26.508333,2324.4
26.508333,2324.4
26.508333,2324.4
26.508333,2324.4
17.425,1328.7001
17.425,1328.7001
17.258333,1249.0
17.258333,1249.0
18.074999,1264.9
18.074999,1264.9
19.458334,1512.9
19.458334,1512.9
19.458334,1512.9
19.458334,1512.9
19.458334,1512.9
19.458334,1512.9
19.458334,1512.9
19.458334,1512.9
8.450001,1551.5999
8.450001,1551.5999
8.450001,1551.5999
15.141665,1552.5
15.733334,1552.3
27.96667,1906.5001
15.000001,1431.2
15.000001,1431.2
15.000001,1431.2
15.000001,1431.2
11.358334,617.50006
10.641666,547.3
10.641666,547.3
10.641666,547.3
15.291667,384.0
15.291667,384.0
15.291667,384.0
15.291667,384.0
23.366669,1559.3999
23.366669,1559.3999
23.366669,1559.3999
23.366669,1559.3999
23.366669,1559.3999
23.366669,1559.3999
23.366669,1559.3999
23.366669,1559.3999
23.366669,1559.3999
23.366669,1559.3999
23.366669,1559.3999
23.366669,1559.3999
23.366669,1559.3999
23.366669,1559.3999
23.366669,1559.3999
23.366669,1559.3999
23.366669,1559.3999
23.366669,1559.3999
23.366669,1559.3999
23.366669,1559.3999
23.366669,1559.3999
23.366669,1559.3999
23.366669,1559.3999
23.366669,1559.3999
23.366669,1559.3999
23.366669,1559.3999
23.366669,1559.3999
23.366669,1559.3999
29.308334,1357.5
29.308334,1357.5
29.308334,1357.5
29.308334,1357.5
29.308334,1357.5
29.308334,1357.5
29.308334,1357.5
29.308334,1357.5
29.308334,1357.5
29.308334,1357.5
29.308334,1357.5
29.308334,1357.5
27.347221,2283.6
27.347221,2283.6
27.347221,2283.6
27.347221,2283.6
27.347221,2283.6
27.347221,2283.6
27.347221,2283.6
27.347221,2283.6
27.347221,2283.6
27.347221,2283.6
27.347221,2283.6
27.347221,2283.6
27.347221,2283.6
27.347221,2283.6
27.347221,2283.6
4.7833333,809.30005
4.7833333,809.30005
4.7833333,809.30005
28.025,1588.95
28.025,1588.95
28.025,1588.95
28.025,1588.95
26.666666,1706.2
26.666666,1706.2
26.666666,1706.2
26.666666,1706.2
26.666666,1706.2
26.666666,1706.2
27.133333,1647.2001
27.133333,1647.2001
27.133333,1647.2001
27.133333,1647.2001
27.133333,1647.2001
27.133333,1647.2001
26.666666,1706.2
26.666666,1706.2
26.666666,1706.2
26.666666,1706.2
26.666666,1706.2
26.666666,1706.2
27.133333,1647.2001
27.133333,1647.2001
27.133333,1647.2001
27.133333,1647.2001
27.133333,1647.2001
27.133333,1647.2001
27.383331,1225.3
27.383331,1225.3
27.383331,1225.3
27.383331,1225.3
27.383331,1225.3
27.383331,1225.3
27.758331,1463.1001
27.758331,1463.1001
27.758331,1463.1001
27.758331,1463.1001
27.758331,1463.1001
27.758331,1463.1001
12.091667,1111.8
12.091667,1111.8
11.733334,858.50006
11.733334,858.50006
17.883335,1091.2001
17.883335,1091.2001
17.808332,1194.9
17.808332,1194.9
17.708334,1105.5
17.708334,1105.5
12.025002,379.5
12.025002,379.5
12.683333,336.19995
12.683333,336.19995
27.275002,2847.0
27.275002,2847.0
27.275002,2847.0
27.275002,2847.0
27.391665,2388.9
27.391665,2388.9
27.391665,2388.9
27.391665,2388.9
27.083334,2268.0
27.083334,2268.0
27.083334,2268.0
27.083334,2268.0
27.275002,2847.0
27.275002,2847.0
27.275002,2847.0
27.275002,2847.0
27.275002,2847.0
27.275002,2847.0
27.391665,2388.9
27.391665,2388.9
27.391665,2388.9
27.391665,2388.9
27.391665,2388.9
27.391665,2388.9
17.225,1432.6
17.225,1432.6
17.225,1432.6
16.883333,1657.3
16.883333,1657.3
16.883333,1657.3
26.48125,1717.2625
26.48125,1717.2625
26.48125,1717.2625
26.48125,1717.2625
26.48125,1717.2625
26.48125,1717.2625
26.48125,1717.2625
26.48125,1717.2625
26.48125,1717.2625
17.775,1359.6001
17.775,1359.6001
17.775,1359.6001
17.775,1359.6001
13.850001,521.10004
13.850001,521.10004
13.850001,521.10004
13.850001,521.10004
13.850001,521.10004
8.408334,628.6001
8.408334,628.6001
8.408334,628.6001
8.408334,628.6001
18.158335,1321.5001
18.158335,1321.5001
18.158335,1321.5001
18.158335,1321.5001
18.158335,1321.5001
7.4166665,807.30005
7.4166665,807.30005
7.4166665,807.30005
7.4166665,807.30005
17.733332,1288.7
17.733332,1288.7
16.016666,1154.7
16.016666,1154.7
5.566666,382.0
5.15,527.9
5.15,527.9
5.15,527.9
17.316668,1230.2
16.766666,1556.1
16.766666,1556.1
18.833334,1610.0001
18.833334,1610.0001
18.833334,1610.0001
18.833334,1610.0001
18.833334,1610.0001
18.833334,1610.0001
19.183334,1730.4
19.183334,1730.4
19.183334,1730.4
19.183334,1730.4
19.183334,1730.4
18.766666,2126.1
18.766666,2126.1
18.766666,2126.1
18.766666,2126.1
18.766666,2126.1
18.758333,1383.2001
18.758333,1383.2001
18.758333,1383.2001
18.758333,1383.2001
18.758333,1383.2001
18.758333,1383.2001
18.758333,1383.2001
19.291666,1678.6001
19.291666,1678.6001
23.408335,2156.8997
19.266666,2009.2999
19.266666,2009.2999
19.266666,2009.2999
19.266666,2009.2999
17.858334,1468.0
17.858334,1468.0
17.858334,1468.0
17.858334,1468.0
17.891668,1483.9
17.891668,1483.9
17.891668,1483.9
17.891668,1483.9
18.550001,1380.9
18.550001,1380.9
18.550001,1380.9
18.550001,1380.9
17.300001,920.7999
17.300001,920.7999
19.141668,1423.3
19.141668,1423.3
19.141668,1423.3
19.141668,1423.3
19.141668,1423.3
19.141668,1423.3
19.783335,1390.3
19.783335,1390.3
19.783335,1390.3
19.783335,1390.3
19.783335,1390.3
19.783335,1390.3
19.783335,1390.3
19.783335,1390.3
19.783335,1390.3
19.783335,1390.3
19.783335,1390.3
19.783335,1390.3
19.783335,1390.3
19.783335,1390.3
19.783335,1390.3
19.783335,1390.3
19.783335,1390.3
19.783335,1390.3
17.591665,1368.2999
17.591665,1368.2999
17.591665,1368.2999
17.591665,1368.2999
17.541666,1592.2
18.175001,1539.9999
17.883333,1836.6001
18.316668,1411.7001
17.633333,1592.9
17.591665,1368.2999
19.116667,1389.9001
19.116667,1389.9001
19.116667,1389.9001
19.116667,1389.9001
19.116667,1389.9001
18.425001,1199.8
18.425001,1199.8
18.425001,1199.8
18.425001,1199.8
18.425001,1199.8
17.875002,1385.8
17.875002,1385.8
17.875002,1385.8
17.875002,1385.8
17.875002,1385.8
18.166666,1404.7001
18.166666,1404.7001
18.166666,1404.7001
18.166666,1404.7001
18.541666,1516.8
18.541666,1516.8
18.541666,1516.8
18.541666,1516.8
18.541666,1516.8
17.933332,1179.5
17.933332,1179.5
17.933332,1179.5
17.933332,1179.5
17.933332,1179.5
17.933332,1179.5
19.583334,1404.7999
19.583334,1404.7999
19.583334,1404.7999
18.5,1268.6001
18.5,1268.6001
18.5,1268.6001
19.075,1434.3999
19.075,1434.3999
19.075,1434.3999
19.075,1434.3999
19.075,1434.3999
19.0,2099.2002
19.0,2099.2002
19.0,2099.2002
19.0,2099.2002
19.0,2099.2002
17.633333,1592.9
17.633333,1592.9
17.633333,1592.9
18.050001,1568.5
18.050001,1568.5
18.050001,1568.5
18.383333,1423.1001
18.383333,1423.1001
18.383333,1423.1001
17.591665,1368.2999
17.591665,1368.2999
18.5,1268.6001
18.5,1268.6001
18.5,1268.6001
18.5,1268.6001
18.5,1268.6001
18.5,1268.6001
18.5,1268.6001
18.5,1268.6001
18.5,1268.6001
18.508335,1502.2001
18.508335,1502.2001
18.508335,1502.2001
18.508335,1502.2001
18.508335,1502.2001
19.083334,1664.2
19.083334,1664.2
19.083334,1664.2
19.083334,1664.2
19.083334,1664.2
19.141668,1423.3
19.141668,1423.3
19.141668,1423.3
19.141668,1423.3
17.658335,1523.5
17.658335,1523.5
18.291666,1499.4
18.291666,1499.4
17.691666,1097.4
17.691666,1097.4
18.883333,2082.2
18.883333,2082.2
18.883333,2082.2
17.783335,1247.2999
17.783335,1247.2999
17.541666,1592.2
17.541666,1592.2
17.541666,1592.2
17.541666,1592.2
17.541666,1592.2
18.175001,1539.9999
18.175001,1539.9999
18.175001,1539.9999
18.175001,1539.9999
18.175001,1539.9999
17.883333,1836.6001
17.883333,1836.6001
17.883333,1836.6001
17.883333,1836.6001
17.883333,1836.6001
18.316668,1411.7001
18.316668,1411.7001
18.316668,1411.7001
18.316668,1411.7001
18.316668,1411.7001
17.591665,1421.1
17.591665,1421.1
18.891668,1383.1
18.891668,1383.1
18.891668,1383.1
18.891668,1383.1
18.891668,1383.1
18.050001,1337.2
18.050001,1337.2
18.050001,1337.2
18.425,1236.7001
18.425,1236.7001
18.425,1236.7001
18.716667,2360.7002
18.716667,2360.7002
18.716667,2360.7002
18.716667,2360.7002
18.716667,2360.7002
18.716667,2360.7002
18.716667,2360.7002
18.716667,2360.7002
18.716667,2360.7002
18.71667,1212.8999
17.800001,1595.7999
17.800001,1595.7999
17.800001,1595.7999
17.800001,1595.7999
17.858332,1211.7
17.858332,1211.7
17.858332,1211.7
18.908333,1061.2999
18.908333,1061.2999
18.908333,1061.2999
18.908333,1061.2999
18.908333,1061.2999
18.875,1478.2
18.875,1478.2
18.875,1478.2
18.875,1478.2
18.875,1478.2
19.583332,1291.0001
19.583332,1291.0001
19.583332,1291.0001
19.583332,1291.0001
19.583332,1291.0001
18.391668,1955.7001
18.391668,1955.7001
18.391668,1955.7001
18.391668,1955.7001
18.391668,1955.7001
18.391668,1955.7001
18.391668,1955.7001
18.391668,1955.7001
18.391668,1955.7001
19.0,2099.2002
19.0,2099.2002
19.0,2099.2002
19.0,2099.2002
19.0,2099.2002
18.775,1635.0
18.775,1635.0
18.775,1635.0
18.775,1635.0
18.775,1635.0
17.65,1513.2001
17.65,1513.2001
17.65,1513.2001
18.574999,1601.2001
18.574999,1601.2001
18.574999,1601.2001
18.574999,1601.2001
19.35,1626.2
19.35,1626.2
19.35,1626.2
19.35,1626.2
19.35,1626.2
19.35,1626.2
19.35,1626.2
19.35,1626.2
19.35,1626.2
19.416666,1475.3
19.416666,1475.3
19.416666,1475.3
19.416666,1475.3
19.416666,1475.3
18.941668,1543.7001
18.941668,1543.7001
18.941668,1543.7001
18.941668,1543.7001
16.375,1240.2001
16.375,1240.2001
16.375,1240.2001
16.375,1240.2001
17.825,1535.1
17.825,1535.1
17.825,1535.1
19.141668,1423.3
19.141668,1423.3
19.141668,1423.3
19.141668,1423.3
19.141668,1423.3
19.141668,1423.3
18.641666,2188.5002
18.641666,2188.5002
18.641666,2188.5002
18.641666,2188.5002
18.641666,2188.5002
18.058332,1490.8
18.058332,1490.8
18.058332,1490.8
18.058332,1490.8
18.058332,1490.8
18.058332,1490.8
18.266668,1470.3
18.266668,1470.3
18.266668,1470.3
18.266668,1470.3
18.266668,1470.3
18.266668,1470.3
18.266668,1470.3
18.833334,1610.0001
18.833334,1610.0001
18.833334,1610.0001
18.833334,1610.0001
18.833334,1610.0001
18.833334,1610.0001
18.833334,1610.0001
18.983334,1640.4001
18.983334,1640.4001
18.983334,1640.4001
18.983334,1640.4001
18.441666,1804.9999
18.441666,1804.9999
18.441666,1804.9999
18.441666,1804.9999
12.383334,657.39996
12.383334,657.39996
12.383334,657.39996
12.383334,657.39996
12.383334,657.39996
17.983335,863.1
18.941668,1543.7001
18.941668,1543.7001
18.941668,1543.7001
18.941668,1543.7001
18.941668,1543.7001
18.941668,1543.7001
18.941668,1543.7001
18.941668,1543.7001
18.941668,1543.7001
18.783335,1147.0
18.783335,1147.0
18.783335,1147.0
18.783335,1147.0
19.275002,1782.4001
19.275002,1782.4001
19.275002,1782.4001
19.275002,1782.4001
18.425,1236.7001
18.425,1236.7001
18.425,1236.7001
18.008333,1171.4
18.008333,1171.4
15.274999,1531.4999
15.274999,1531.4999
15.274999,1531.4999
15.274999,1531.4999
15.274999,1531.4999
18.425001,1656.7001
18.425001,1656.7001
18.425001,1656.7001
18.425001,1656.7001
18.425001,1656.7001
18.34167,1271.5
18.34167,1271.5
18.34167,1271.5
18.34167,1271.5
18.34167,1271.5
18.34167,1271.5
18.34167,1271.5
18.408335,1650.1
18.408335,1650.1
18.408335,1650.1
18.408335,1650.1
18.408335,1650.1
18.658335,1796.8002
18.658335,1796.8002
18.658335,1796.8002
18.658335,1796.8002
18.658335,1796.8002
19.583334,1404.7999
19.583334,1404.7999
19.583334,1404.7999
19.583334,1404.7999
19.583334,1404.7999
19.583334,1404.7999
19.583334,1404.7999
19.583334,1404.7999
19.583334,1404.7999
18.425001,1199.8
18.425001,1199.8
18.425001,1199.8
18.425001,1199.8
22.800001,1475.7
22.800001,1475.7
22.800001,1475.7
22.800001,1475.7
22.800001,1475.7
22.800001,1475.7
5.2666664,632.00006
5.2666664,632.00006
5.2666664,632.00006
5.2666664,632.00006
5.2666664,632.00006
5.2666664,632.00006
5.2666664,632.00006
5.2666664,632.00006
8.833333,640.8
8.833333,640.8
8.833333,640.8
8.833333,640.8
8.833333,640.8
8.833333,640.8
8.833333,640.8
8.833333,640.8
18.875,1478.2
18.875,1478.2
18.875,1478.2
18.875,1478.2
18.875,1478.2
22.458334,2519.7998
22.458334,2519.7998
22.458334,2519.7998
22.458334,2519.7998
17.841667,1367.1
17.841667,1367.1
17.841667,1367.1
17.841667,1367.1
17.841667,1367.1
7.4166665,807.30005
18.325,1891.7999
18.325,1891.7999
18.325,1891.7999
18.325,1891.7999
18.325,1891.7999
18.325,1891.7999
18.325,1891.7999
18.325,1891.7999
18.325,1891.7999
17.875,1497.7
17.875,1497.7
17.875,1497.7
17.875,1497.7
17.875,1497.7
17.875,1497.7
17.875,1497.7
17.875,1497.7
17.875,1497.7
17.875,1497.7
17.875,1497.7
17.300001,1223.5001
17.300001,1223.5001
17.300001,1223.5001
17.300001,1223.5001
17.300001,1223.5001
17.833334,1464.0999
17.833334,1464.0999
17.833334,1464.0999
17.833334,1464.0999
17.833334,1464.0999
17.658335,1651.2
17.658335,1651.2
17.658335,1651.2
17.658335,1651.2
17.658335,1651.2
17.716667,1390.8
17.716667,1390.8
17.716667,1390.8
17.716667,1390.8
17.716667,1390.8
17.958334,1464.6
17.958334,1464.6
17.958334,1464.6
17.958334,1464.6
17.958334,1464.6
23.5,1782.0001
23.5,1782.0001
23.5,1782.0001
17.224998,1389.7001
17.224998,1389.7001
17.224998,1389.7001
17.933332,1179.5
17.933332,1179.5
17.858332,1211.7
17.858332,1211.7
17.858332,1211.7
17.858332,1211.7
18.308332,1175.4
18.308332,1175.4
18.308332,1175.4
18.308332,1175.4
18.25,1092.4
18.25,1092.4
18.25,1092.4
18.25,1092.4
17.6,1614.5999
17.6,1614.5999
17.6,1614.5999
17.6,1614.5999
17.6,1614.5999
17.6,1614.5999
17.858332,1422.9
17.858332,1422.9
17.858332,1422.9
18.8,1745.9
18.8,1745.9
18.8,1745.9
18.8,1745.9
18.941668,1543.7001
18.941668,1543.7001
18.941668,1543.7001
18.941668,1543.7001
19.058334,1984.8999
19.058334,1984.8999
19.058334,1984.8999
19.058334,1984.8999
19.058334,1984.8999
18.816668,1476.6001
18.816668,1476.6001
18.816668,1476.6001
18.816668,1476.6001
18.816668,1476.6001
18.816668,1476.6001
18.816668,1476.6001
18.816668,1476.6001
17.925001,1742.6001
17.925001,1742.6001
17.925001,1742.6001
17.925001,1742.6001
17.925001,1742.6001
17.925001,1742.6001
17.925001,1742.6001
18.925,1863.9001
18.925,1863.9001
18.925,1863.9001
18.883333,2082.2
18.883333,2082.2
18.883333,2082.2
18.7,2516.5
18.7,2516.5
18.7,2516.5
18.7,2516.5
18.7,2516.5
19.283333,1771.7001
19.283333,1771.7001
19.283333,1771.7001
19.283333,1771.7001
18.741667,1162.5
18.741667,1162.5
18.741667,1162.5
18.741667,1162.5
18.741667,1162.5
18.741667,1162.5
18.741667,1162.5
19.300001,1780.8
19.300001,1780.8
19.300001,1780.8
19.300001,1780.8
19.300001,1780.8
19.300001,1780.8
19.199999,1630.9
19.199999,1630.9
19.199999,1630.9
19.199999,1630.9
19.199999,1630.9
19.199999,1630.9
17.541666,1592.2
17.541666,1592.2
17.541666,1592.2
17.541666,1592.2
18.175001,1539.9999
18.175001,1539.9999
18.175001,1539.9999
18.175001,1539.9999
17.883333,1836.6001
17.883333,1836.6001
17.883333,1836.6001
17.883333,1836.6001
18.316668,1411.7001
18.316668,1411.7001
18.316668,1411.7001
18.316668,1411.7001
18.366667,2439.5002
18.366667,2439.5002
18.366667,2439.5002
7.4166665,807.30005
7.4166665,807.30005
16.766666,1556.1
7.4166665,807.30005
7.4166665,807.30005
10.650001,197.1
10.650001,197.1
6.758333,496.9
6.758333,496.9
13.599999,611.10004
13.599999,611.10004
13.750001,605.2
13.750001,605.2
10.650001,197.1
10.650001,197.1
10.650001,197.1
18.258333,1426.4999
18.800001,1626.0001
18.508333,2027.8
18.658333,1618.0999
18.775,1635.0
18.716667,2360.7002
18.258333,1426.4999
18.800001,1626.0001
18.508333,2027.8
18.658333,1618.0999
18.775,1635.0
18.716667,2360.7002
18.258333,1426.4999
18.800001,1626.0001
18.508333,2027.8
18.658333,1618.0999
18.775,1635.0
18.716667,2360.7002
18.258333,1426.4999
18.800001,1626.0001
18.508333,2027.8
18.658333,1618.0999
18.775,1635.0
18.716667,2360.7002
18.258333,1426.4999
18.800001,1626.0001
18.508333,2027.8
18.658333,1618.0999
18.775,1635.0
18.716667,2360.7002
18.258333,1426.4999
18.800001,1626.0001
18.508333,2027.8
18.658333,1618.0999
18.775,1635.0
18.716667,2360.7002
18.5,1268.6001
18.5,1268.6001
18.5,1268.6001
17.800001,1595.7999
17.800001,1595.7999
17.800001,1595.7999
17.800001,1595.7999
18.775,2181.9
18.775,2181.9
18.775,2181.9
18.775,2181.9
18.775,2181.9
18.775,2181.9
18.775,2181.9
18.775,2181.9
19.374998,1852.2002
19.374998,1852.2002
19.374998,1852.2002
19.508333,2019.5999
19.508333,2019.5999
19.508333,2019.5999
18.633333,1621.8
18.633333,1621.8
18.633333,1621.8
19.191668,1813.0002
19.191668,1813.0002
19.191668,1813.0002
19.191668,1813.0002
18.175001,1539.9999
18.175001,1539.9999
18.175001,1539.9999
18.175001,1539.9999
17.541666,1592.2
17.541666,1592.2
17.541666,1592.2
17.541666,1592.2
18.175001,1539.9999
18.175001,1539.9999
18.175001,1539.9999
18.175001,1539.9999
17.883333,1836.6001
17.883333,1836.6001
17.883333,1836.6001
17.883333,1836.6001
18.316668,1411.7001
18.316668,1411.7001
18.316668,1411.7001
18.316668,1411.7001
17.633333,1592.9
17.633333,1592.9
17.633333,1592.9
17.633333,1592.9
17.591665,1368.2999
17.591665,1368.2999
17.591665,1368.2999
17.591665,1368.2999
22.966665,1210.0001
22.966665,1210.0001
22.966665,1210.0001
22.966665,1210.0001
6.808333,423.19998
6.808333,423.19998
6.808333,423.19998
6.808333,423.19998
6.808333,423.19998
27.341667,1608.7999
25.133333,1122.5001
25.133333,1122.5001
25.133333,1122.5001
25.133333,1122.5001
25.133333,1122.5001
25.133333,1122.5001
20.65,2890.0999
20.65,2890.0999
20.65,2890.0999
20.65,2890.0999
27.66667,1544.5
27.66667,1544.5
27.66667,1544.5
27.66667,1544.5
13.083333,1390.9
13.083333,1390.9
13.083333,1390.9
26.641665,2809.1997
28.383333,1591.9999
28.383333,1591.9999
28.383333,1591.9999
28.383333,1591.9999
28.383333,1591.9999
28.383333,1591.9999
25.258333,2373.4001
25.258333,2373.4001
25.258333,2373.4001
25.258333,2373.4001
25.408335,2416.2998
25.408335,2416.2998
25.408335,2416.2998
25.75,1915.8
25.75,1915.8
25.75,1915.8
25.75,1915.8
25.75,1915.8
27.741667,1254.6001
27.741667,1254.6001
27.741667,1254.6001
27.741667,1254.6001
27.75,1508.1001
27.75,1508.1001
27.75,1508.1001
27.75,1508.1001
27.833334,1225.1
27.833334,1225.1
27.833334,1225.1
27.833334,1225.1
27.833334,1225.1
27.833334,1225.1
27.833334,1225.1
27.833334,1225.1
27.833334,1225.1
27.833334,1225.1
27.116669,261.30002
27.116669,261.30002
27.116669,261.30002
27.116669,261.30002
27.116669,261.30002
27.116669,261.30002
27.658335,215.5
27.658335,215.5
27.658335,215.5
27.658335,215.5
27.658335,215.5
27.658335,215.5
28.699999,1086.1
28.699999,1086.1
28.699999,1086.1
28.699999,1086.1
28.699999,1086.1
28.699999,1086.1
25.408335,2416.2998
25.408335,2416.2998
25.408335,2416.2998
27.908333,1130.0
27.908333,1130.0
27.908333,1130.0
27.908333,1130.0
27.908333,1130.0
22.866667,1397.2
22.866667,1397.2
22.866667,1397.2
22.866667,1397.2
22.866667,1397.2
22.866667,1397.2
22.866667,1397.2
22.866667,1397.2
22.866667,1397.2
22.866667,1397.2
22.866667,1397.2
22.866667,1397.2
22.866667,1397.2
22.866667,1397.2
22.866667,1397.2
22.866667,1397.2
7.6750007,860.60004
7.808334,863.69995
7.3500004,764.3
7.4166665,807.30005
8.025001,804.49994
7.6750007,860.60004
7.808334,863.69995
7.3500004,764.3
7.4166665,807.30005
8.025001,804.49994
7.6750007,860.60004
7.808334,863.69995
7.3500004,764.3
7.4166665,807.30005
8.025001,804.49994
18.033335,1433.6
18.033335,1433.6
18.033335,1433.6
18.033335,1433.6
18.033335,1433.6
18.033335,1433.6
18.033335,1433.6
18.033335,1433.6
18.033335,1433.6
18.033335,1433.6
18.033335,1433.6
18.033335,1433.6
18.033335,1433.6
18.033335,1433.6
18.033335,1433.6
18.033335,1433.6
18.033335,1433.6
18.033335,1433.6
18.033335,1433.6
18.033335,1433.6
18.241667,1359.7001
18.425,1236.7001
18.1,1835.3
17.991667,951.69995
17.675001,1846.4001
18.241667,1359.7001
18.425,1236.7001
18.1,1835.3
17.991667,951.69995
17.675001,1846.4001
18.241667,1359.7001
18.425,1236.7001
18.1,1835.3
17.991667,951.69995
17.675001,1846.4001
18.241667,1359.7001
18.425,1236.7001
18.1,1835.3
17.991667,951.69995
17.675001,1846.4001
18.241667,1359.7001
18.425,1236.7001
18.1,1835.3
17.991667,951.69995
17.675001,1846.4001
18.241667,1359.7001
18.425,1236.7001
18.1,1835.3
17.991667,951.69995
17.675001,1846.4001
10.275,528.7
17.000002,1186.9999
17.000002,1186.9999
17.000002,1186.9999
17.000002,1186.9999
17.000002,1186.9999
17.000002,1186.9999
17.000002,1186.9999
17.000002,1186.9999
17.000002,1186.9999
17.000002,1186.9999
17.000002,1186.9999
17.000002,1186.9999
17.324999,802.9001
17.324999,802.9001
17.324999,802.9001
17.324999,802.9001
17.324999,802.9001
17.324999,802.9001
17.324999,802.9001
17.324999,802.9001
17.475,1327.7001
17.475,1327.7001
17.475,1327.7001
17.475,1327.7001
17.475,1327.7001
17.475,1327.7001
19.141666,1483.2001
19.141666,1483.2001
19.141666,1483.2001
19.141666,1483.2001
18.133333,1794.8999
18.133333,1794.8999
18.133333,1794.8999
18.133333,1794.8999
18.133333,1794.8999
18.133333,1794.8999
18.133333,1794.8999
18.133333,1794.8999
18.133333,1794.8999
18.133333,1794.8999
18.133333,1794.8999
18.133333,1794.8999
18.133333,1794.8999
18.133333,1794.8999
18.133333,1794.8999
18.3,1571.5
18.3,1571.5
18.3,1571.5
18.3,1571.5
18.3,1571.5
18.3,1571.5
18.3,1571.5
18.3,1571.5
18.3,1571.5
18.3,1571.5
18.3,1571.5
18.3,1571.5
18.3,1571.5
18.3,1571.5
18.3,1571.5
18.3,1571.5
18.3,1571.5
18.3,1571.5
18.3,1571.5
18.3,1571.5
18.3,1571.5
18.191668,1497.9
18.191668,1497.9
18.191668,1497.9
18.191668,1497.9
18.191668,1497.9
18.191668,1497.9
18.191668,1497.9
18.191668,1497.9
18.191668,1497.9
18.191668,1497.9
18.191668,1497.9
18.191668,1497.9
18.191668,1497.9
18.191668,1497.9
18.191668,1497.9
18.191668,1497.9
15.683334,972.5
15.725001,966.39996
16.416668,920.9
16.233334,1075.2001
14.724999,918.7
14.625,824.99994
15.216666,775.3
15.641667,974.60004
14.724999,918.7
14.625,824.99994
15.216666,775.3
15.641667,974.60004
17.883335,1400.7999
17.883335,1400.7999
17.883335,1400.7999
17.883335,1400.7999
17.883335,1400.7999
17.883335,1400.7999
17.875,1530.1001
17.875,1530.1001
17.875,1530.1001
17.875,1530.1001
17.875,1530.1001
17.875,1530.1001
17.983334,1589.8999
17.983334,1589.8999
17.983334,1589.8999
17.983334,1589.8999
17.983334,1589.8999
17.983334,1589.8999
18.508333,1264.9
18.508333,1264.9
18.216667,1420.8999
18.216667,1420.8999
18.541666,1516.8
18.541666,1516.8
18.541666,1516.8
18.541666,1516.8
18.541666,1516.8
18.425,1384.7001
18.425,1384.7001
18.425,1384.7001
18.425,1384.7001
18.425,1384.7001
18.375002,1304.3
18.375002,1304.3
18.375002,1304.3
18.375002,1304.3
18.375002,1304.3
15.474999,1399.3
15.474999,1399.3
5.858333,451.9
16.966667,1771.7999
16.966667,1771.7999
16.966667,1771.7999
16.966667,1771.7999
16.908335,1673.5
16.908335,1673.5
16.908335,1673.5
16.908335,1673.5
17.925001,1623.2001
17.925001,1623.2001
17.925001,1623.2001
17.925001,1623.2001
17.925001,1623.2001
17.925001,1623.2001
17.558332,1531.4999
17.558332,1531.4999
17.566668,1748.9
17.566668,1748.9
17.558332,1531.4999
17.558332,1531.4999
17.566668,1748.9
17.566668,1748.9
17.566668,1748.9
17.566668,1748.9
17.566668,1748.9
17.566668,1748.9
17.566668,1748.9
17.566668,1748.9
17.566668,1748.9
17.566668,1748.9
17.933332,1832.4001
17.933332,1832.4001
17.933332,1832.4001
17.933332,1832.4001
17.566668,1748.9
17.566668,1748.9
17.566668,1748.9
17.566668,1748.9
17.566668,1748.9
17.566668,1748.9
17.566668,1748.9
17.566668,1748.9
17.933332,1832.4001
17.933332,1832.4001
17.933332,1832.4001
17.933332,1832.4001
19.0,1417.9999
19.0,1417.9999
19.0,1417.9999
19.0,1417.9999
19.0,1417.9999
19.0,1417.9999
19.0,1417.9999
19.0,1417.9999
19.0,1417.9999
19.0,1417.9999
18.949999,1405.5001
18.949999,1405.5001
18.949999,1405.5001
18.949999,1405.5001
18.949999,1405.5001
18.949999,1405.5001
18.949999,1405.5001
18.949999,1405.5001
18.949999,1405.5001
18.949999,1405.5001
17.983334,1538.0
17.983334,1538.0
17.983334,1538.0
17.983334,1538.0
19.0,1417.9999
19.0,1417.9999
19.0,1417.9999
19.0,1417.9999
17.925001,1623.2001
17.925001,1623.2001
17.925001,1623.2001
17.925001,1623.2001
18.949999,1405.5001
18.949999,1405.5001
18.949999,1405.5001
18.949999,1405.5001
16.258333,1166.5
16.258333,1166.5
16.258333,1166.5
16.258333,1166.5
16.258333,1166.5
16.258333,1166.5
16.258333,1166.5
16.258333,1166.5
16.258333,1166.5
16.258333,1166.5
16.258333,1166.5
16.258333,1166.5
16.258333,1166.5
16.258333,1166.5
16.258333,1100.2999
16.258333,1100.2999
16.258333,1100.2999
16.258333,1100.2999
19.208332,1660.2
19.208332,1660.2
19.108334,1551.1
19.108334,1551.1
17.758333,1271.5999
17.758333,1271.5999
17.758333,1271.5999
17.758333,1271.5999
17.758333,1271.5999
17.758333,1271.5999
16.691668,976.2
16.691668,976.2
16.691668,976.2
16.691668,976.2
16.691668,976.2
16.691668,976.2
16.675001,1129.0
16.675001,1129.0
16.675001,1129.0
16.675001,1129.0
16.675001,1129.0
16.675001,1129.0
18.366667,1158.7
18.366667,1158.7
18.366667,1158.7
18.366667,1158.7
18.366667,1158.7
18.366667,1158.7
17.850002,1640.5001
17.850002,1640.5001
17.850002,1640.5001
17.850002,1640.5001
17.850002,1640.5001
17.850002,1640.5001
17.85,1329.9001
17.85,1329.9001
17.85,1329.9001
17.85,1329.9001
17.85,1329.9001
17.85,1329.9001
18.216667,1420.8999
18.216667,1420.8999
18.216667,1420.8999
18.216667,1420.8999
18.216667,1420.8999
18.216667,1420.8999
18.366667,1158.7
18.366667,1158.7
18.366667,1158.7
18.366667,1158.7
18.366667,1158.7
18.366667,1158.7
17.850002,1640.5001
17.850002,1640.5001
17.850002,1640.5001
17.850002,1640.5001
17.850002,1640.5001
17.850002,1640.5001
17.85,1329.9001
17.85,1329.9001
17.85,1329.9001
17.85,1329.9001
17.85,1329.9001
17.85,1329.9001
18.216667,1420.8999
18.216667,1420.8999
18.216667,1420.8999
18.216667,1420.8999
18.216667,1420.8999
18.216667,1420.8999
17.891666,1568.1001
17.891666,1568.1001
17.891666,1568.1001
17.891666,1568.1001
17.891666,1568.1001
17.891666,1568.1001
17.891666,1568.1001
17.891666,1568.1001
18.033335,1433.6
18.033335,1433.6
18.033335,1433.6
18.033335,1433.6
18.033335,1433.6
18.033335,1433.6
18.033335,1433.6
18.033335,1433.6
17.758333,1271.5999
17.566666,1486.2
17.408333,1678.8
17.891666,1568.1001
17.758333,1271.5999
17.566666,1486.2
17.408333,1678.8
17.891666,1568.1001
17.758333,1271.5999
17.566666,1486.2
17.408333,1678.8
17.891666,1568.1001
17.758333,1271.5999
17.566666,1486.2
17.408333,1678.8
17.891666,1568.1001
17.758333,1271.5999
17.566666,1486.2
17.408333,1678.8
17.891666,1568.1001
17.758333,1271.5999
17.566666,1486.2
17.408333,1678.8
17.891666,1568.1001
17.758333,1271.5999
17.566666,1486.2
17.408333,1678.8
17.891666,1568.1001
17.758333,1271.5999
17.566666,1486.2
17.408333,1678.8
17.891666,1568.1001
17.758333,1271.5999
17.566666,1486.2
17.408333,1678.8
17.891666,1568.1001
17.025,1249.9999
17.025,1249.9999
17.025,1249.9999
17.025,1249.9999
17.025,1249.9999
17.025,1249.9999
17.025,1249.9999
17.025,1249.9999
17.025,1249.9999
17.025,1249.9999
17.025,1249.9999
17.025,1249.9999
17.025,1249.9999
17.025,1249.9999
17.025,1249.9999
17.025,1249.9999
17.025,1249.9999
17.025,1249.9999
17.025,1249.9999
17.025,1249.9999
17.025,1249.9999
17.025,1249.9999
17.025,1249.9999
17.025,1249.9999
17.025,1249.9999
17.025,1249.9999
17.025,1249.9999
17.025,1249.9999
17.025,1249.9999
17.025,1249.9999
17.025,1249.9999
17.025,1249.9999
17.025,1249.9999
17.025,1249.9999
17.025,1249.9999
17.025,1249.9999
17.025,1249.9999
17.025,1249.9999
17.025,1249.9999
17.025,1249.9999
17.025,1249.9999
17.025,1249.9999
17.025,1249.9999
17.025,1249.9999
17.025,1249.9999
17.025,1249.9999
17.025,1249.9999
17.025,1249.9999
17.025,1249.9999
17.025,1249.9999
17.025,1249.9999
17.025,1249.9999
17.025,1249.9999
17.025,1249.9999
17.025,1249.9999
17.025,1249.9999
17.025,1249.9999
17.025,1249.9999
17.025,1249.9999
17.025,1249.9999
17.025,1249.9999
17.025,1249.9999
17.025,1249.9999
17.025,1249.9999
17.025,1249.9999
17.025,1249.9999
17.025,1249.9999
17.025,1249.9999
17.025,1249.9999
17.025,1249.9999
17.025,1249.9999
17.025,1249.9999
17.025,1249.9999
17.025,1249.9999
17.025,1249.9999
17.025,1249.9999
17.025,1249.9999
17.025,1249.9999
17.025,1249.9999
17.025,1249.9999
17.025,1249.9999
17.025,1249.9999
17.025,1249.9999
17.025,1249.9999
17.025,1249.9999
17.025,1249.9999
17.025,1249.9999
17.025,1249.9999
17.025,1249.9999
17.025,1249.9999
17.025,1249.9999
17.025,1249.9999
17.025,1249.9999
17.025,1249.9999
17.025,1249.9999
17.025,1249.9999
17.025,1249.9999
17.025,1249.9999
17.025,1249.9999
17.025,1249.9999
17.025,1249.9999
17.025,1249.9999
17.075,1705.4
17.075,1705.4
17.075,1705.4
17.075,1705.4
17.075,1705.4
17.075,1705.4
17.075,1705.4
17.075,1705.4
17.075,1705.4
17.075,1705.4
17.075,1705.4
17.075,1705.4
17.075,1705.4
17.075,1705.4
17.075,1705.4
17.075,1705.4
17.075,1705.4
17.075,1705.4
17.075,1705.4
17.075,1705.4
17.075,1705.4
17.075,1705.4
17.075,1705.4
17.075,1705.4
17.075,1705.4
17.075,1705.4
17.075,1705.4
17.075,1705.4
17.075,1705.4
17.075,1705.4
17.075,1705.4
17.075,1705.4
17.075,1705.4
17.075,1705.4
17.075,1705.4
17.075,1705.4
17.075,1705.4
17.075,1705.4
17.075,1705.4
17.075,1705.4
17.075,1705.4
17.075,1705.4
17.075,1705.4
17.075,1705.4
17.075,1705.4
17.075,1705.4
17.075,1705.4
17.075,1705.4
17.075,1705.4
17.075,1705.4
17.075,1705.4
17.075,1705.4
17.075,1705.4
17.075,1705.4
17.075,1705.4
17.075,1705.4
17.075,1705.4
17.075,1705.4
17.075,1705.4
17.075,1705.4
17.075,1705.4
17.075,1705.4
17.075,1705.4
17.075,1705.4
17.075,1705.4
17.075,1705.4
17.075,1705.4
17.075,1705.4
17.075,1705.4
17.075,1705.4
17.075,1705.4
17.075,1705.4
17.075,1705.4
17.075,1705.4
17.075,1705.4
17.075,1705.4
17.075,1705.4
17.075,1705.4
17.075,1705.4
17.075,1705.4
17.075,1705.4
17.075,1705.4
17.075,1705.4
17.075,1705.4
17.075,1705.4
17.075,1705.4
17.075,1705.4
17.075,1705.4
17.075,1705.4
17.075,1705.4
17.516665,1440.5
18.1,1212.7001
18.275002,1317.9
17.533335,1301.3999
17.333334,1515.5999
17.025,1249.9999
17.075,1705.4
17.516665,1440.5
18.1,1212.7001
18.275002,1317.9
17.533335,1301.3999
17.333334,1515.5999
17.025,1249.9999
17.075,1705.4
16.491667,1952.4
16.491667,1952.4
16.491667,1952.4
16.491667,1952.4
17.266666,2251.9
17.266666,2251.9
17.266666,2251.9
17.266666,2251.9
16.491667,1952.4
16.491667,1952.4
16.491667,1952.4
16.491667,1952.4
17.225,1432.6
17.225,1432.6
17.225,1432.6
17.225,1432.6
17.075,1157.9
17.250002,1371.2001
16.808334,1316.8999
16.675,1053.0001
16.6,1324.8999
17.166666,1081.5001
17.225,1041.2001
17.225,1041.2001
17.225,1041.2001
17.225,1041.2001
17.225,1041.2001
17.225,1041.2001
17.225,1041.2001
17.225,1041.2001
17.225,1041.2001
17.225,1041.2001
17.225,1041.2001
17.225,1041.2001
17.225,1041.2001
17.225,1041.2001
17.225,1041.2001
17.225,1041.2001
17.225,1041.2001
17.225,1041.2001
17.225,1041.2001
17.225,1041.2001
17.116667,1016.2999
17.116667,1016.2999
17.116667,1016.2999
17.116667,1016.2999
17.116667,1016.2999
17.116667,1016.2999
17.116667,1016.2999
17.116667,1016.2999
17.116667,1016.2999
17.116667,1016.2999
17.116667,1016.2999
17.116667,1016.2999
17.116667,1016.2999
17.116667,1016.2999
17.116667,1016.2999
17.116667,1016.2999
17.116667,1016.2999
17.116667,1016.2999
17.116667,1016.2999
17.116667,1016.2999
17.291666,940.2
17.291666,940.2
17.225,1041.2001
17.225,1041.2001
18.125002,1116.8
18.125002,1116.8
18.125002,1116.8
18.125002,1116.8
18.125002,1116.8
17.366667,1092.5001
17.366667,1092.5001
17.366667,1092.5001
17.366667,1092.5001
17.366667,1092.5001
18.09167,1278.8002
18.016666,1095.3
17.949999,933.8
17.925001,1277.8
18.09167,1278.8002
18.09167,1278.8002
18.016666,1095.3
18.016666,1095.3
17.949999,933.8
17.949999,933.8
17.925001,1277.8
17.925001,1277.8
16.983335,1070.7999
16.883333,1060.4001
16.841667,961.80005
16.983335,1070.7999
16.983335,1070.7999
16.883333,1060.4001
16.883333,1060.4001
16.841667,961.80005
16.841667,961.80005
17.691668,1466.1
17.691668,1466.1
17.691668,1466.1
17.691668,1466.1
17.691668,1466.1
17.691668,1466.1
17.333334,1515.5999
17.333334,1515.5999
17.333334,1515.5999
17.333334,1515.5999
17.333334,1515.5999
17.333334,1515.5999
16.741667,1611.2999
16.433332,2106.6
16.183332,1384.7001
16.741667,1611.2999
16.433332,2106.6
16.183332,1384.7001
16.741667,1611.2999
16.433332,2106.6
16.183332,1384.7001
16.741667,1611.2999
16.433332,2106.6
16.183332,1384.7001
16.741667,1611.2999
16.433332,2106.6
16.183332,1384.7001
16.741667,1611.2999
16.433332,2106.6
16.183332,1384.7001
16.741667,1611.2999
16.433332,2106.6
16.183332,1384.7001
16.741667,1611.2999
16.433332,2106.6
16.183332,1384.7001
3.3499997,836.39996
3.3499997,836.39996
3.3499997,836.39996
3.3499997,836.39996
3.3499997,836.39996
3.3499997,836.39996
3.3499997,836.39996
3.3499997,836.39996
3.3499997,767.0
3.3499997,767.0
3.3499997,767.0
3.3499997,767.0
3.3499997,767.0
3.3499997,767.0
3.3499997,767.0
3.3499997,767.0
22.441666,1845.6998
22.441666,1845.6998
16.416666,1351.1001
16.416666,1351.1001
16.416666,1351.1001
16.725,1107.2
17.608334,1055.7001
17.508333,1045.9
16.725,1107.2
17.608334,1055.7001
17.508333,1045.9
16.725,1107.2
17.608334,1055.7001
17.508333,1045.9
3.3166668,517.30005
3.3166668,517.30005
3.3166668,517.30005
3.3166668,517.30005
3.2083333,711.0
3.2083333,711.0
3.2083333,711.0
3.2083333,711.0
4.8333325,427.19998
4.8333325,427.19998
4.8333325,427.19998
4.8333325,427.19998
4.8333325,427.19998
4.766667,515.10004
4.766667,515.10004
4.766667,515.10004
4.766667,515.10004
4.766667,515.10004
6.658333,348.7
6.658333,348.7
6.658333,348.7
6.658333,348.7
6.658333,348.7
6.658333,348.7
6.658333,348.7
6.5333333,560.6
6.5333333,560.6
6.5333333,560.6
6.5333333,560.6
6.5333333,560.6
6.5333333,560.6
6.5333333,560.6
7.0833335,506.40002
7.0833335,506.40002
7.0833335,506.40002
7.0833335,506.40002
7.0833335,506.40002
7.0833335,506.40002
7.0833335,506.40002
6.658333,348.7
6.658333,348.7
6.658333,348.7
6.658333,348.7
6.658333,348.7
6.658333,348.7
6.658333,348.7
6.5333333,560.6
6.5333333,560.6
6.5333333,560.6
6.5333333,560.6
6.5333333,560.6
6.5333333,560.6
6.5333333,560.6
7.0833335,506.40002
7.0833335,506.40002
7.0833335,506.40002
7.0833335,506.40002
7.0833335,506.40002
7.0833335,506.40002
7.0833335,506.40002
16.074999,1076.9001
15.641667,1019.10004
15.591667,1161.5
16.141666,998.99994
18.083334,1306.2999
18.083334,1306.2999
18.083334,1306.2999
18.083334,1306.2999
17.941666,1569.4
17.941666,1569.4
17.941666,1569.4
17.941666,1569.4
18.216667,1244.2001
18.216667,1244.2001
18.216667,1244.2001
18.133333,1125.8
18.133333,1125.8
18.133333,1125.8
18.050001,1018.6
18.050001,1018.6
18.050001,1018.6
17.941666,1569.4
17.941666,1569.4
17.941666,1569.4
17.941666,1569.4
17.941666,1569.4
17.941666,1569.4
17.775,1924.1
17.775,1924.1
17.775,1924.1
17.775,1924.1
17.775,1924.1
17.775,1924.1
18.083334,1306.2999
18.083334,1306.2999
17.941666,1569.4
17.941666,1569.4
17.266666,2251.9
18.083334,1306.2999
17.941666,1569.4
17.775,1924.1
18.133333,1794.8999
18.3,1571.5
17.266666,2251.9
18.083334,1306.2999
17.941666,1569.4
17.775,1924.1
18.133333,1794.8999
18.3,1571.5
22.258333,1595.2001
22.258333,1595.2001
22.258333,1595.2001
22.258333,1595.2001
22.258333,1595.2001
22.258333,1595.2001
22.258333,1595.2001
22.258333,1595.2001
22.358335,1409.1001
22.358335,1409.1001
22.358335,1409.1001
22.358335,1409.1001
22.358335,1409.1001
22.358335,1409.1001
22.358335,1409.1001
22.358335,1409.1001
17.566668,1748.9
17.566668,1748.9
17.933332,1832.4001
17.933332,1832.4001
17.983334,1538.0
17.983334,1538.0
17.566668,1748.9
17.566668,1748.9
17.933332,1832.4001
17.933332,1832.4001
17.983334,1538.0
17.983334,1538.0
17.933332,1832.4001
17.933332,1832.4001
17.933332,1832.4001
17.933332,1832.4001
17.933332,1832.4001
17.933332,1832.4001
17.933332,1832.4001
17.933332,1832.4001
17.933332,1832.4001
17.983334,1538.0
17.983334,1538.0
17.983334,1538.0
17.983334,1538.0
17.983334,1538.0
17.983334,1538.0
17.983334,1538.0
17.983334,1538.0
17.983334,1538.0
15.491666,1089.0001
15.491666,1089.0001
16.45,1051.3
16.45,1051.3
15.491666,1089.0001
15.491666,1089.0001
16.45,1051.3
16.45,1051.3
16.45,1051.3
16.45,1051.3
16.133333,1459.0997
16.133333,1459.0997
16.45,1051.3
16.45,1051.3
16.133333,1459.0997
16.133333,1459.0997
15.491666,1089.0001
15.491666,1089.0001
16.45,1051.3
16.45,1051.3
16.133333,1459.0997
16.133333,1459.0997
15.491666,1089.0001
15.491666,1089.0001
16.45,1051.3
16.45,1051.3
16.133333,1459.0997
16.133333,1459.0997
18.266666,1508.1001
18.266666,1508.1001
18.608335,1606.4
18.608335,1606.4
18.266666,1508.1001
18.266666,1508.1001
18.608335,1606.4
18.608335,1606.4
18.266666,1508.1001
18.266666,1508.1001
18.608335,1606.4
18.608335,1606.4
18.266666,1508.1001
18.266666,1508.1001
18.608335,1606.4
18.608335,1606.4
18.266666,1508.1001
18.266666,1508.1001
18.608335,1606.4
18.608335,1606.4
18.2,1569.9
18.2,1569.9
18.2,1569.9
18.574999,1601.2001
18.574999,1601.2001
18.574999,1601.2001
18.574999,1601.2001
18.574999,1601.2001
18.574999,1601.2001
21.866669,1397.1
21.866669,1397.1
21.866669,1397.1
21.866669,1397.1
21.866669,1397.1
21.866669,1397.1
21.866669,1397.1
21.866669,1397.1
21.866669,1397.1
21.866669,1397.1
22.258333,1595.2001
22.258333,1595.2001
22.258333,1595.2001
22.258333,1595.2001
22.258333,1595.2001
22.258333,1595.2001
21.866669,1397.1
21.866669,1397.1
21.866669,1397.1
21.866669,1397.1
18.433332,1417.9001
18.433332,1417.9001
18.908335,1938.7002
18.908335,1938.7002
18.925001,2073.3
18.925001,2073.3
18.433332,1417.9001
18.433332,1417.9001
18.908335,1938.7002
18.908335,1938.7002
18.925001,2073.3
18.925001,2073.3
17.991667,951.69995
17.991667,951.69995
17.675001,1846.4001
17.675001,1846.4001
18.508333,1264.9
18.508333,1264.9
17.991667,951.69995
17.991667,951.69995
17.675001,1846.4001
17.675001,1846.4001
18.508333,1264.9
18.508333,1264.9
18.183332,1109.4
18.183332,1109.4
17.966667,1593.8
17.966667,1593.8
18.183332,1109.4
17.966667,1593.8
18.916666,1124.5
18.916666,1124.5
18.916666,1124.5
18.916666,1124.5
18.916666,1124.5
18.916666,1124.5
18.916666,1124.5
18.916666,1124.5
18.916666,1124.5
18.916666,1124.5
18.241667,1359.7001
18.241667,1359.7001
18.241667,1359.7001
18.241667,1359.7001
18.241667,1359.7001
18.241667,1359.7001
18.241667,1359.7001
18.241667,1359.7001
18.241667,1359.7001
18.241667,1359.7001
18.425,1236.7001
18.425,1236.7001
18.425,1236.7001
18.425,1236.7001
18.425,1236.7001
18.425,1236.7001
18.425,1236.7001
18.425,1236.7001
18.425,1236.7001
18.425,1236.7001
16.458334,1295.9001
16.458334,1295.9001
16.458334,1295.9001
16.458334,1295.9001
16.458334,1295.9001
16.458334,1295.9001
16.458334,1295.9001
16.458334,1295.9001
16.458334,1295.9001
16.458334,1295.9001
15.791668,1511.9
15.791668,1511.9
15.791668,1511.9
15.791668,1511.9
15.791668,1511.9
15.791668,1511.9
15.791668,1511.9
15.791668,1511.9
15.791668,1511.9
15.791668,1511.9
16.35,1409.7998
16.35,1409.7998
16.35,1409.7998
16.35,1409.7998
16.35,1409.7998
16.35,1409.7998
16.35,1409.7998
16.35,1409.7998
16.35,1409.7998
16.35,1409.7998
18.9,1037.1001
18.9,1037.1001
18.9,1037.1001
18.9,1037.1001
18.9,1037.1001
18.9,1037.1001
18.9,1037.1001
18.9,1037.1001
18.9,1037.1001
18.9,1037.1001
18.199999,1281.4
18.199999,1281.4
18.199999,1281.4
18.199999,1281.4
18.199999,1281.4
18.199999,1281.4
18.199999,1281.4
18.199999,1281.4
18.199999,1281.4
18.199999,1281.4
18.391668,1126.3
18.391668,1126.3
18.391668,1126.3
18.391668,1126.3
18.391668,1126.3
18.391668,1126.3
18.391668,1126.3
18.391668,1126.3
18.391668,1126.3
18.391668,1126.3
23.333336,2380.3
23.333336,2380.3
20.391668,2313.2002
20.391668,2313.2002
23.333336,2380.3
23.333336,2380.3
20.391668,2313.2002
20.391668,2313.2002
17.933332,982.89996
17.516668,1060.9
17.183332,1051.5
17.158333,1303.9
17.791668,959.30005
17.441668,1006.10004
17.066668,912.9
17.741667,817.60004
18.400002,1277.7
17.225,1238.4
18.675001,1416.7
18.675001,1416.7
18.675001,1416.7
18.675001,1416.7
18.675001,1416.7
18.675001,1416.7
18.675001,1416.7
18.675001,1416.7
18.6,1473.3999
18.6,1473.3999
18.6,1473.3999
18.6,1473.3999
18.6,1473.3999
18.6,1473.3999
18.6,1473.3999
18.6,1473.3999
18.675001,1416.7
18.675001,1416.7
18.675001,1416.7
18.675001,1416.7
18.675001,1416.7
18.675001,1416.7
18.675001,1416.7
18.675001,1416.7
18.6,1473.3999
18.6,1473.3999
18.6,1473.3999
18.6,1473.3999
18.6,1473.3999
18.6,1473.3999
18.6,1473.3999
18.6,1473.3999
22.866667,1397.2
22.866667,1397.2
22.866667,1397.2
22.866667,1397.2
22.866667,1397.2
22.866667,1397.2
22.866667,1397.2
22.866667,1397.2
22.866667,1397.2
22.866667,1397.2
22.866667,1397.2
22.866667,1397.2
4.358333,591.60004
4.358333,591.60004
4.358333,591.60004
4.358333,591.60004
4.1833334,791.30005
4.1833334,791.30005
4.1833334,791.30005
4.1833334,791.30005
17.449999,1283.6001
17.449999,1283.6001
17.449999,1283.6001
17.266666,2251.9
17.266666,2251.9
17.266666,2251.9
17.266666,2251.9
18.483334,1586.75
18.483334,1586.75
18.483334,1586.75
18.483334,1586.75
18.483334,1586.75
18.483334,1586.75
18.483334,1586.75
18.483334,1586.75
18.483334,1586.75
18.483334,1586.75
18.483334,1586.75
18.483334,1586.75
18.483334,1586.75
18.483334,1586.75
18.483334,1586.75
18.483334,1586.75
18.908335,1938.7002
18.908335,1938.7002
18.908335,1938.7002
18.925001,2073.3
18.925001,2073.3
18.925001,2073.3
18.908335,1938.7002
18.908335,1938.7002
18.908335,1938.7002
18.925001,2073.3
18.925001,2073.3
18.925001,2073.3
18.908335,1938.7002
18.908335,1938.7002
18.908335,1938.7002
18.925001,2073.3
18.925001,2073.3
18.925001,2073.3
18.908335,1938.7002
18.908335,1938.7002
18.908335,1938.7002
18.925001,2073.3
18.925001,2073.3
18.925001,2073.3
21.116667,1651.4999
21.116667,1651.4999
21.116667,1651.4999
21.583336,1849.5001
21.583336,1849.5001
21.583336,1849.5001
21.116667,1651.4999
21.116667,1651.4999
21.116667,1651.4999
21.583336,1849.5001
21.583336,1849.5001
21.583336,1849.5001
21.116667,1651.4999
21.116667,1651.4999
21.116667,1651.4999
21.583336,1849.5001
21.583336,1849.5001
21.583336,1849.5001
21.116667,1651.4999
21.116667,1651.4999
21.116667,1651.4999
21.583336,1849.5001
21.583336,1849.5001
21.583336,1849.5001
24.366667,2348.4
24.366667,2348.4
24.366667,2348.4
24.558334,2413.4
24.558334,2413.4
24.558334,2413.4
24.366667,2348.4
24.366667,2348.4
24.366667,2348.4
24.558334,2413.4
24.558334,2413.4
24.558334,2413.4
24.366667,2348.4
24.366667,2348.4
24.366667,2348.4
24.558334,2413.4
24.558334,2413.4
24.558334,2413.4
24.366667,2348.4
24.366667,2348.4
24.366667,2348.4
24.558334,2413.4
24.558334,2413.4
24.558334,2413.4
17.675001,1846.4001
17.675001,1846.4001
17.675001,1846.4001
18.508333,1264.9
18.508333,1264.9
18.508333,1264.9
17.675001,1846.4001
17.675001,1846.4001
17.675001,1846.4001
18.508333,1264.9
18.508333,1264.9
18.508333,1264.9
17.675001,1846.4001
17.675001,1846.4001
17.675001,1846.4001
18.508333,1264.9
18.508333,1264.9
18.508333,1264.9
17.675001,1846.4001
17.675001,1846.4001
17.675001,1846.4001
18.508333,1264.9
18.508333,1264.9
18.508333,1264.9
15.491666,1089.0001
15.491666,1089.0001
15.491666,1089.0001
16.45,1051.3
16.45,1051.3
16.45,1051.3
15.491666,1089.0001
15.491666,1089.0001
15.491666,1089.0001
16.45,1051.3
16.45,1051.3
16.45,1051.3
15.491666,1089.0001
15.491666,1089.0001
15.491666,1089.0001
16.45,1051.3
16.45,1051.3
16.45,1051.3
15.491666,1089.0001
15.491666,1089.0001
15.491666,1089.0001
16.45,1051.3
16.45,1051.3
16.45,1051.3
18.433332,1417.9001
18.433332,1417.9001
18.433332,1417.9001
18.433332,1417.9001
18.433332,1417.9001
18.433332,1417.9001
18.433332,1417.9001
18.433332,1417.9001
18.433332,1417.9001
18.433332,1417.9001
18.433332,1417.9001
18.433332,1417.9001
21.058332,1269.2001
21.058332,1269.2001
21.058332,1269.2001
21.058332,1269.2001
21.058332,1269.2001
21.058332,1269.2001
21.058332,1269.2001
21.058332,1269.2001
21.058332,1269.2001
21.058332,1269.2001
21.058332,1269.2001
21.058332,1269.2001
17.991667,951.69995
17.991667,951.69995
17.991667,951.69995
17.991667,951.69995
17.991667,951.69995
17.991667,951.69995
17.991667,951.69995
17.991667,951.69995
17.991667,951.69995
17.991667,951.69995
17.991667,951.69995
17.991667,951.69995
16.833334,891.39996
16.833334,891.39996
16.833334,891.39996
16.833334,891.39996
16.833334,891.39996
16.833334,891.39996
16.833334,891.39996
16.833334,891.39996
16.833334,891.39996
16.833334,891.39996
16.833334,891.39996
16.833334,891.39996
16.758333,977.7
16.758333,977.7
16.758333,977.7
16.758333,977.7
16.758333,977.7
16.758333,977.7
16.758333,977.7
16.758333,977.7
16.758333,977.7
16.758333,977.7
16.758333,977.7
16.758333,977.7
17.925,952.9001
17.925,952.9001
17.925,952.9001
17.925,952.9001
17.925,952.9001
17.925,952.9001
17.925,952.9001
17.925,952.9001
17.925,952.9001
17.925,952.9001
17.925,952.9001
17.925,952.9001
17.816668,965.00006
17.816668,965.00006
17.816668,965.00006
17.816668,965.00006
17.816668,965.00006
17.816668,965.00006
17.816668,965.00006
17.816668,965.00006
17.816668,965.00006
17.816668,965.00006
17.816668,965.00006
17.816668,965.00006
19.200003,1406.6001
19.050001,1637.1
18.958334,1851.7002
19.325,1959.9
19.200003,1406.6001
19.050001,1637.1
18.958334,1851.7002
19.325,1959.9
19.200003,1406.6001
19.050001,1637.1
18.958334,1851.7002
19.325,1959.9
19.200003,1406.6001
19.050001,1637.1
18.958334,1851.7002
19.325,1959.9
19.200003,1406.6001
19.050001,1637.1
18.958334,1851.7002
19.325,1959.9
19.200003,1406.6001
19.050001,1637.1
18.958334,1851.7002
19.325,1959.9
19.200003,1406.6001
19.050001,1637.1
18.958334,1851.7002
19.325,1959.9
19.200003,1406.6001
19.050001,1637.1
18.958334,1851.7002
19.325,1959.9
19.200003,1406.6001
19.050001,1637.1
18.958334,1851.7002
19.325,1959.9
19.200003,1406.6001
19.050001,1637.1
18.958334,1851.7002
19.325,1959.9
16.199999,1273.3
16.199999,1273.3
16.575,1064.1001
16.575,1064.1001
17.074999,1288.6001
16.941668,1225.0001
17.008333,1302.4
16.975,1398.8999
17.074999,1288.6001
16.941668,1225.0001
17.008333,1302.4
16.975,1398.8999
18.125002,1577.0
18.125002,1577.0
18.125002,1577.0
18.125002,1577.0
18.125002,1577.0
18.125002,1577.0
18.125002,1577.0
18.300001,1225.0999
18.300001,1225.0999
18.300001,1225.0999
18.300001,1225.0999
18.300001,1225.0999
18.300001,1225.0999
18.300001,1225.0999
16.933332,1019.2001
16.933332,1019.2001
16.933332,1019.2001
15.966667,898.89996
15.966667,898.89996
15.966667,898.89996
17.099998,995.60004
17.099998,995.60004
15.533334,1088.3
15.533334,1088.3
16.333334,1009.39996
16.333334,1009.39996
16.333334,1009.39996
16.333334,1009.39996
16.333334,1009.39996
15.133334,1086.7001
15.133334,1086.7001
15.133334,1086.7001
15.133334,1086.7001
15.133334,1086.7001
16.500002,1178.6
16.500002,1178.6
16.500002,1178.6
16.500002,1178.6
16.500002,1178.6
16.225,890.4
16.225,890.4
16.225,890.4
16.225,890.4
16.225,890.4
13.183333,1216.1002
13.375,1036.0
13.183333,1216.1002
13.375,1036.0
17.116667,1016.2999
17.249998,1061.2001
17.116667,1016.2999
17.249998,1061.2001
17.141668,943.6
17.141668,943.6
17.141668,943.6
17.141668,943.6
17.141668,943.6
17.141668,943.6
17.141668,943.6
17.141668,943.6
17.141668,943.6
17.141668,943.6
17.141668,943.6
17.141668,943.6
17.141668,943.6
17.141668,943.6
17.141668,943.6
17.141668,943.6
17.141668,943.6
17.141668,943.6
17.141668,943.6
17.141668,943.6
17.141668,943.6
17.141668,943.6
17.141668,943.6
17.141668,943.6
17.141668,943.6
17.141668,943.6
17.141668,943.6
17.141668,943.6
17.141668,943.6
17.141668,943.6
17.141668,943.6
17.141668,943.6
17.141668,943.6
17.141668,943.6
17.141668,943.6
17.141668,943.6
17.141668,943.6
17.141668,943.6
17.141668,943.6
17.141668,943.6
17.141668,943.6
17.141668,943.6
17.141668,943.6
17.141668,943.6
17.141668,943.6
16.925001,1276.0999
16.925001,1276.0999
16.925001,1276.0999
16.925001,1276.0999
16.925001,1276.0999
16.925001,1276.0999
16.925001,1276.0999
16.925001,1276.0999
16.925001,1276.0999
16.925001,1276.0999
16.925001,1276.0999
16.925001,1276.0999
16.925001,1276.0999
16.925001,1276.0999
16.925001,1276.0999
16.925001,1276.0999
16.925001,1276.0999
16.925001,1276.0999
16.925001,1276.0999
16.925001,1276.0999
16.925001,1276.0999
16.925001,1276.0999
16.925001,1276.0999
16.925001,1276.0999
16.925001,1276.0999
16.925001,1276.0999
16.925001,1276.0999
16.925001,1276.0999
16.925001,1276.0999
16.925001,1276.0999
16.925001,1276.0999
16.925001,1276.0999
16.925001,1276.0999
16.925001,1276.0999
16.925001,1276.0999
16.925001,1276.0999
16.925001,1276.0999
16.925001,1276.0999
16.925001,1276.0999
16.925001,1276.0999
16.925001,1276.0999
16.925001,1276.0999
16.925001,1276.0999
16.925001,1276.0999
16.925001,1276.0999
18.133333,1794.8999
18.133333,1794.8999
18.133333,1794.8999
18.133333,1794.8999
18.3,1571.5
18.3,1571.5
18.3,1571.5
18.3,1571.5
18.191668,1497.9
18.191668,1497.9
18.191668,1497.9
18.191668,1497.9
18.191668,1497.9
18.191668,1497.9
18.191668,1497.9
18.191668,1497.9
16.599998,1346.4
16.599998,1346.4
16.599998,1346.4
16.599998,1346.4
16.599998,1346.4
16.599998,1346.4
16.599998,1346.4
17.183336,1109.7
17.183336,1109.7
17.183336,1109.7
17.183336,1109.7
17.183336,1109.7
17.183336,1109.7
17.183336,1109.7
17.283333,1265.3
17.283333,1265.3
17.283333,1265.3
17.283333,1265.3
17.283333,1265.3
17.283333,1265.3
17.283333,1265.3
10.558333,728.39996
10.558333,728.39996
10.558333,728.39996
10.216666,724.00006
10.216666,724.00006
10.216666,724.00006
23.033333,2334.5002
23.033333,2334.5002
23.033333,2334.5002
23.033333,2334.5002
23.033333,2334.5002
23.033333,2334.5002
23.033333,2334.5002
23.033333,2334.5002
23.066666,1874.7001
23.066666,1874.7001
23.066666,1874.7001
23.066666,1874.7001
23.066666,1874.7001
23.066666,1874.7001
23.066666,1874.7001
23.066666,1874.7001
17.733334,1952.6
17.733334,1952.6
17.733334,1952.6
17.733334,1952.6
17.733334,1952.6
17.733334,1952.6
17.733334,1952.6
17.733334,1952.6
17.733334,1952.6
17.733334,1952.6
17.733334,1952.6
17.733334,1952.6
18.025002,2027.9001
18.025002,2027.9001
18.025002,2027.9001
18.025002,2027.9001
18.025002,2027.9001
18.025002,2027.9001
18.025002,2027.9001
18.025002,2027.9001
18.025002,2027.9001
18.025002,2027.9001
18.025002,2027.9001
18.025002,2027.9001
16.0,1062.3999
16.0,1062.3999
16.0,1062.3999
16.0,1062.3999
16.0,1062.3999
10.849999,247.00002
10.849999,247.00002
10.849999,247.00002
10.849999,247.00002
18.608335,1606.4
18.608335,1606.4
18.608335,1606.4
18.608335,1606.4
18.608335,1606.4
18.608335,1606.4
18.608335,1606.4
18.608335,1606.4
18.608335,1606.4
18.608335,1606.4
18.691668,1472.6001
18.691668,1472.6001
18.691668,1472.6001
18.691668,1472.6001
18.691668,1472.6001
18.691668,1472.6001
18.691668,1472.6001
18.691668,1472.6001
18.691668,1472.6001
18.691668,1472.6001
17.266666,2251.9
17.266666,2251.9
18.083334,1306.2999
18.083334,1306.2999
15.208333,679.60004
15.175,505.4
18.375002,2163.8
18.375002,2163.8
18.375002,2163.8
18.375002,2163.8
15.400001,1069.9999
15.400001,1069.9999
15.400001,1069.9999
15.400001,1069.9999
15.400001,1069.9999
15.400001,1069.9999
15.400001,1069.9999
15.400001,1069.9999
15.449998,997.4001
15.449998,997.4001
15.449998,997.4001
15.449998,997.4001
15.449998,997.4001
15.449998,997.4001
15.449998,997.4001
15.449998,997.4001
6.6916676,529.9
6.6916676,529.9
6.4416676,671.99994
6.4416676,671.99994
7.125,689.19995
7.125,689.19995
17.908333,1442.1
17.908333,1442.1
17.908333,1442.1
18.225,1517.0999
18.225,1517.0999
18.225,1517.0999
16.999998,1339.7999
16.999998,1339.7999
16.999998,1339.7999
16.999998,1339.7999
16.908335,1909.1
16.908335,1909.1
16.908335,1909.1
16.908335,1909.1
6.9249997,769.4001
6.9249997,769.4001
6.816667,614.6
6.816667,614.6
4.441666,680.4
4.275,830.4
4.275,830.4
4.275,830.4
4.766667,810.4
17.108335,2130.0
17.108335,2130.0
17.108335,2130.0
17.108335,2130.0
17.250002,1371.2001
17.250002,1371.2001
4.208333,617.5
4.208333,617.5
4.208333,617.5
4.208333,617.5
4.208333,617.5
4.208333,617.5
3.3249998,631.60004
3.3249998,631.60004
3.3249998,631.60004
3.3249998,631.60004
3.3249998,631.60004
3.3249998,631.60004
3.3499997,436.19998
3.3499997,436.19998
3.3499997,436.19998
3.3499997,436.19998
3.3499997,436.19998
2.8916667,651.30005
2.8916667,651.30005
2.8916667,651.30005
2.8916667,651.30005
2.8916667,651.30005
3.1166668,666.9
3.1166668,666.9
3.1166668,666.9
3.1166668,666.9
3.1166668,666.9
3.3499997,436.19998
3.3499997,436.19998
3.3499997,436.19998
3.3499997,436.19998
3.3499997,436.19998
2.8916667,651.30005
2.8916667,651.30005
2.8916667,651.30005
2.8916667,651.30005
2.8916667,651.30005
3.1166668,666.9
3.1166668,666.9
3.1166668,666.9
3.1166668,666.9
3.1166668,666.9
17.616667,1447.3999
17.616667,1447.3999
17.616667,1447.3999
17.616667,1447.3999
17.616667,1447.3999
5.041667,513.4
5.041667,513.4
4.391667,822.7
4.391667,822.7
5.041667,513.4
5.041667,513.4
4.391667,822.7
4.391667,822.7
19.324999,1594.1998
19.300001,1625.3
19.324999,1594.1998
19.300001,1625.3
19.324999,1594.1998
19.300001,1625.3
19.324999,1594.1998
19.300001,1625.3
19.425001,1499.8002
19.383333,1564.7001
19.425001,1499.8002
19.383333,1564.7001
19.425001,1499.8002
19.383333,1564.7001
19.425001,1499.8002
19.383333,1564.7001
18.6,1473.3999
18.6,1473.3999
18.6,1473.3999
18.6,1473.3999
18.483334,1401.4001
18.483334,1401.4001
18.483334,1401.4001
18.483334,1401.4001
19.425,1665.9001
19.324999,1594.1998
19.300001,1625.3
19.425,1665.9001
19.324999,1594.1998
19.300001,1625.3
19.425,1665.9001
19.324999,1594.1998
19.300001,1625.3
19.425,1665.9001
19.324999,1594.1998
19.300001,1625.3
19.425,1665.9001
19.324999,1594.1998
19.300001,1625.3
19.425,1665.9001
19.324999,1594.1998
19.300001,1625.3
19.425,1665.9001
19.324999,1594.1998
19.300001,1625.3
19.425,1665.9001
19.324999,1594.1998
19.300001,1625.3
19.425,1665.9001
19.324999,1594.1998
19.300001,1625.3
19.425,1665.9001
19.324999,1594.1998
19.300001,1625.3
19.425,1665.9001
19.324999,1594.1998
19.300001,1625.3
19.425,1665.9001
19.324999,1594.1998
19.300001,1625.3
17.575,1344.0
17.575,1344.0
17.508333,1449.0
17.508333,1449.0
17.725,979.7
17.725,979.7
18.425,1236.7001
18.425,1236.7001
18.425,1236.7001
18.425,1236.7001
18.425,1236.7001
18.425,1236.7001
18.1,1835.3
18.1,1835.3
18.1,1835.3
18.1,1835.3
18.1,1835.3
18.1,1835.3
16.833334,1174.3999
16.833334,1174.3999
16.833334,1174.3999
16.741667,1168.7999
16.741667,1168.7999
16.741667,1168.7999
16.866667,1587.2
16.866667,1587.2
16.866667,1587.2
17.000002,1667.7001
17.000002,1667.7001
17.000002,1667.7001
16.233332,1318.0
16.233332,1318.0
16.233332,1318.0
16.6,1303.5
16.6,1303.5
16.6,1303.5
16.258335,1219.8
16.258335,1219.8
13.424999,776.0999
13.424999,776.0999
16.133333,1201.9
16.133333,1201.9
13.008332,811.2001
13.008332,811.2001
16.741667,1168.7999
16.741667,1168.7999
16.741667,1168.7999
16.741667,1168.7999
16.741667,1168.7999
16.741667,1168.7999
16.741667,1168.7999
16.741667,1168.7999
16.741667,1168.7999
16.741667,1168.7999
16.741667,1168.7999
16.741667,1168.7999
16.741667,1168.7999
16.741667,1168.7999
16.741667,1168.7999
16.758333,1018.80005
16.758333,1018.80005
16.758333,1018.80005
16.758333,1018.80005
16.758333,1018.80005
16.758333,1018.80005
16.758333,1018.80005
16.758333,1018.80005
16.758333,1018.80005
16.758333,1018.80005
16.758333,1018.80005
16.758333,1018.80005
16.758333,1018.80005
16.758333,1018.80005
16.758333,1018.80005
2.708333,735.2
2.708333,735.2
2.708333,735.2
17.258333,1294.9
17.258333,1294.9
17.175001,1946.7999
17.175001,1946.7999
17.841667,1367.1
17.841667,1367.1
17.808332,1633.7001
17.808332,1633.7001
17.758335,1834.5002
17.758335,1834.5002
18.15,1681.5
18.15,1681.5
18.258335,1460.6
18.258335,1460.6
17.258333,1294.9
17.258333,1294.9
17.175001,1946.7999
17.175001,1946.7999
17.841667,1367.1
17.841667,1367.1
17.808332,1633.7001
17.808332,1633.7001
17.758335,1834.5002
17.758335,1834.5002
18.15,1681.5
18.15,1681.5
18.258335,1460.6
18.258335,1460.6
17.808332,1633.7001
17.808332,1633.7001
17.758335,1834.5002
17.758335,1834.5002
18.15,1681.5
18.15,1681.5
17.258333,1294.9
17.258333,1294.9
17.258333,1294.9
17.175001,1946.7999
17.175001,1946.7999
17.175001,1946.7999
17.841667,1367.1
17.841667,1367.1
17.841667,1367.1
17.808332,1633.7001
17.808332,1633.7001
17.808332,1633.7001
14.674999,768.80005
15.083333,1008.7
17.758333,1271.5999
17.758333,1271.5999
17.758333,1271.5999
17.566666,1486.2
17.566666,1486.2
17.566666,1486.2
17.408333,1678.8
17.408333,1678.8
17.408333,1678.8
17.891666,1568.1001
17.891666,1568.1001
17.891666,1568.1001
18.083334,1392.6
18.083334,1392.6
18.425001,1402.8
18.425001,1402.8
18.533335,1412.2998
18.533335,1412.2998
18.083334,1392.6
18.083334,1392.6
18.425001,1402.8
18.425001,1402.8
18.533335,1412.2998
18.533335,1412.2998
18.083334,1392.6
18.083334,1392.6
18.425001,1402.8
18.425001,1402.8
18.533335,1412.2998
18.533335,1412.2998
16.383335,1190.9
16.383335,1190.9
16.383335,1190.9
16.383335,1190.9
16.383335,1190.9
16.558332,1001.70013
16.558332,1001.70013
16.558332,1001.70013
16.558332,1001.70013
16.558332,1001.70013
22.841667,1866.4
22.841667,1866.4
22.841667,1866.4
22.841667,1866.4
22.841667,1866.4
22.841667,1866.4
22.841667,1866.4
22.841667,1866.4
22.841667,1866.4
22.841667,1866.4
22.841667,1866.4
22.841667,1866.4
17.783335,1473.3999
17.783335,1473.3999
17.783335,1473.3999
17.783335,1473.3999
17.783335,1473.3999
17.783335,1473.3999
17.783335,1473.3999
17.783335,1473.3999
18.225,1360.7001
18.225,1360.7001
18.225,1360.7001
18.225,1360.7001
18.225,1360.7001
18.225,1360.7001
18.225,1360.7001
18.225,1360.7001
22.283333,2133.1997
22.283333,2133.1997
22.283333,2133.1997
22.283333,2133.1997
22.283333,2133.1997
22.283333,2133.1997
22.283333,2133.1997
22.283333,2133.1997
18.033335,1752.2999
18.033335,1752.2999
18.033335,1752.2999
18.033335,1752.2999
18.033335,1752.2999
18.033335,1752.2999
18.033335,1752.2999
18.033335,1752.2999
18.383333,1824.3002
18.383333,1824.3002
18.383333,1824.3002
18.383333,1824.3002
18.383333,1824.3002
18.383333,1824.3002
18.383333,1824.3002
18.383333,1824.3002
22.625,1911.2001
22.625,1911.2001
22.625,1911.2001
22.625,1911.2001
22.625,1911.2001
22.625,1911.2001
22.625,1911.2001
22.625,1911.2001
3.05,578.4
3.05,578.4
3.05,578.4
3.05,578.4
2.95,642.2
2.95,642.2
2.95,642.2
2.95,642.2
3.3499997,436.19998
3.3499997,436.19998
3.3499997,436.19998
3.3499997,436.19998
17.95,1439.0
17.95,1439.0
17.95,1439.0
17.95,1439.0
18.516666,1596.3
18.516666,1596.3
18.516666,1596.3
18.516666,1596.3
18.516666,1596.3
18.516666,1596.3
18.325,1891.7999
18.325,1891.7999
18.325,1891.7999
18.325,1891.7999
18.325,1891.7999
18.325,1891.7999
18.766666,2126.1
18.766666,2126.1
18.766666,2126.1
18.766666,2126.1
18.766666,2126.1
18.766666,2126.1
18.775002,1268.1998
18.775002,1268.1998
18.775002,1268.1998
18.775002,1268.1998
18.775002,1268.1998
18.775002,1268.1998
18.516666,1596.3
18.516666,1596.3
18.516666,1596.3
18.516666,1596.3
18.516666,1596.3
18.516666,1596.3
18.325,1891.7999
18.325,1891.7999
18.325,1891.7999
18.325,1891.7999
18.325,1891.7999
18.325,1891.7999
18.766666,2126.1
18.766666,2126.1
18.766666,2126.1
18.766666,2126.1
18.766666,2126.1
18.766666,2126.1
17.791666,1348.4999
17.791666,1348.4999
17.791666,1348.4999
17.791666,1348.4999
17.466667,2057.3
17.466667,2057.3
17.466667,2057.3
17.466667,2057.3
17.35,1043.9
17.35,1043.9
17.35,1043.9
17.35,1043.9
15.166667,1064.4
15.166667,1064.4
15.650001,756.10004
15.650001,756.10004
15.224999,867.2001
15.224999,867.2001
15.841666,696.1
15.841666,696.1
16.000002,828.1001
16.000002,828.1001
15.375001,749.00006
15.375001,749.00006
15.491665,779.60004
15.491665,779.60004
17.983334,1538.0
17.983334,1538.0
17.983334,1538.0
17.983334,1538.0
17.925001,1623.2001
17.925001,1623.2001
17.925001,1623.2001
17.925001,1623.2001
17.983334,1538.0
17.983334,1538.0
17.983334,1538.0
17.983334,1538.0
17.925001,1623.2001
17.925001,1623.2001
17.925001,1623.2001
17.925001,1623.2001
17.074999,723.50006
17.074999,723.50006
17.074999,723.50006
17.074999,723.50006
17.025,1165.9
17.025,1165.9
17.025,1165.9
17.025,1165.9
16.333334,1009.39996
16.500002,1178.6
5.8333335,768.2999
5.8333335,768.2999
5.8333335,768.2999
5.8333335,768.2999
6.433334,613.30005
6.433334,613.30005
6.433334,613.30005
6.433334,613.30005
3.8083332,594.80005
3.8083332,594.80005
3.8083332,594.80005
3.8083332,594.80005
16.133333,1201.9
16.133333,1201.9
16.133333,1201.9
17.066668,1221.0001
17.066668,1221.0001
17.066668,1221.0001
16.1,1035.8
16.1,1035.8
18.1,1629.0
18.1,1629.0
18.1,1629.0
18.1,1629.0
18.1,1629.0
18.1,1629.0
18.1,1629.0
18.1,1629.0
18.1,1629.0
18.1,1629.0
18.1,1629.0
18.1,1629.0
16.725,1548.8
19.008333,2199.2002
19.008333,2199.2002
19.008333,2199.2002
19.008333,2199.2002
19.008333,2199.2002
19.008333,2199.2002
19.008333,2199.2002
19.008333,2199.2002
19.008333,2199.2002
19.008333,2199.2002
19.008333,2199.2002
19.008333,2199.2002
19.008333,2199.2002
19.008333,2199.2002
19.008333,2199.2002
19.008333,2199.2002
19.008333,2199.2002
19.008333,2199.2002
19.008333,2199.2002
19.008333,2199.2002
19.141666,1863.2001
19.141666,1863.2001
19.141666,1863.2001
19.141666,1863.2001
19.141666,1863.2001
19.141666,1863.2001
19.141666,1863.2001
19.141666,1863.2001
19.141666,1863.2001
19.141666,1863.2001
19.141666,1863.2001
19.141666,1863.2001
19.141666,1863.2001
19.141666,1863.2001
19.141666,1863.2001
19.141666,1863.2001
19.141666,1863.2001
19.141666,1863.2001
19.141666,1863.2001
19.141666,1863.2001
19.141666,1863.2001
19.141666,1863.2001
19.141666,1863.2001
19.141666,1863.2001
19.141666,1863.2001
19.141666,1863.2001
19.141666,1863.2001
19.141666,1863.2001
19.141666,1863.2001
19.141666,1863.2001
19.141666,1863.2001
19.141666,1863.2001
19.141666,1863.2001
19.141666,1863.2001
19.141666,1863.2001
19.141666,1863.2001
19.141666,1863.2001
19.141666,1863.2001
19.141666,1863.2001
19.141666,1863.2001
19.141666,1863.2001
19.141666,1863.2001
18.083334,1306.2999
18.083334,1306.2999
18.083334,1306.2999
18.083334,1306.2999
18.083334,1306.2999
18.083334,1306.2999
18.083334,1306.2999
18.083334,1306.2999
18.083334,1306.2999
18.083334,1306.2999
18.083334,1306.2999
18.083334,1306.2999
17.941666,1569.4
17.941666,1569.4
17.941666,1569.4
17.941666,1569.4
17.941666,1569.4
17.941666,1569.4
17.941666,1569.4
17.941666,1569.4
17.941666,1569.4
17.941666,1569.4
17.941666,1569.4
17.941666,1569.4
18.15,1681.5
18.15,1681.5
18.15,1681.5
18.15,1681.5
18.15,1681.5
18.258335,1460.6
18.258335,1460.6
18.258335,1460.6
18.258335,1460.6
18.258335,1460.6
18.091667,1413.0
18.091667,1413.0
18.091667,1413.0
18.091667,1413.0
18.091667,1413.0
18.15,1681.5
18.15,1681.5
18.15,1681.5
18.15,1681.5
18.15,1681.5
18.258335,1460.6
18.258335,1460.6
18.258335,1460.6
18.258335,1460.6
18.258335,1460.6
18.091667,1413.0
18.091667,1413.0
18.091667,1413.0
18.091667,1413.0
18.091667,1413.0
18.15,1681.5
18.15,1681.5
18.15,1681.5
18.15,1681.5
18.15,1681.5
18.258335,1460.6
18.258335,1460.6
18.258335,1460.6
18.258335,1460.6
18.258335,1460.6
18.091667,1413.0
18.091667,1413.0
18.091667,1413.0
18.091667,1413.0
18.091667,1413.0
18.15,1681.5
18.15,1681.5
18.15,1681.5
18.15,1681.5
18.15,1681.5
18.258335,1460.6
18.258335,1460.6
18.258335,1460.6
18.258335,1460.6
18.258335,1460.6
18.091667,1413.0
18.091667,1413.0
18.091667,1413.0
18.091667,1413.0
18.091667,1413.0
17.541668,1127.1001
17.541668,1127.1001
17.541668,1127.1001
17.541668,1127.1001
17.541668,1127.1001
17.541668,1127.1001
17.541668,1127.1001
17.541668,1127.1001
17.150002,976.49994
17.150002,976.49994
17.150002,976.49994
17.150002,976.49994
17.150002,976.49994
17.150002,976.49994
17.150002,976.49994
17.150002,976.49994
17.541668,1127.1001
17.541668,1127.1001
17.541668,1127.1001
17.541668,1127.1001
17.541668,1127.1001
17.541668,1127.1001
17.541668,1127.1001
17.541668,1127.1001
17.150002,976.49994
17.150002,976.49994
17.150002,976.49994
17.150002,976.49994
17.150002,976.49994
17.150002,976.49994
17.150002,976.49994
17.150002,976.49994
18.016666,1095.3
18.016666,1095.3
18.016666,1095.3
18.016666,1095.3
17.949999,933.8
17.949999,933.8
17.949999,933.8
17.949999,933.8
18.016666,1095.3
18.016666,1095.3
18.016666,1095.3
18.016666,1095.3
17.949999,933.8
17.949999,933.8
17.949999,933.8
17.949999,933.8
11.533334,362.40002
11.741668,331.9
17.941666,1569.4
17.941666,1569.4
17.941666,1569.4
17.941666,1569.4
17.941666,1569.4
17.941666,1569.4
17.941666,1569.4
17.941666,1569.4
17.941666,1569.4
17.941666,1569.4
17.941666,1569.4
17.941666,1569.4
17.775,1924.1
17.775,1924.1
17.775,1924.1
17.775,1924.1
17.775,1924.1
17.775,1924.1
17.775,1924.1
17.775,1924.1
17.775,1924.1
17.775,1924.1
17.775,1924.1
17.775,1924.1
17.891665,1678.2002
17.891665,1678.2002
17.891665,1678.2002
17.891665,1678.2002
18.791668,1695.0
18.791668,1695.0
18.791668,1695.0
18.791668,1695.0
17.749998,1469.7001
17.749998,1469.7001
17.749998,1469.7001
17.749998,1469.7001
17.875002,1385.8
17.875002,1385.8
17.558332,1531.4999
17.558332,1531.4999
17.566668,1748.9
17.566668,1748.9
17.933332,1832.4001
17.933332,1832.4001
17.983334,1538.0
17.983334,1538.0
17.875002,1385.8
17.875002,1385.8
17.558332,1531.4999
17.558332,1531.4999
17.566668,1748.9
17.566668,1748.9
17.933332,1832.4001
17.933332,1832.4001
17.983334,1538.0
17.983334,1538.0
17.875002,1385.8
17.875002,1385.8
17.875002,1385.8
17.875002,1385.8
17.558332,1531.4999
17.558332,1531.4999
17.558332,1531.4999
17.558332,1531.4999
17.566668,1748.9
17.566668,1748.9
17.566668,1748.9
17.566668,1748.9
16.883333,906.9
16.883333,906.9
16.883333,906.9
16.883333,906.9
16.883333,906.9
16.883333,906.9
16.883333,906.9
16.883333,906.9
16.883333,906.9
16.883333,906.9
16.883333,906.9
16.883333,906.9
16.883333,906.9
16.883333,906.9
16.883333,906.9
16.883333,906.9
16.883333,906.9
16.883333,906.9
16.883333,906.9
16.883333,906.9
16.883333,906.9
16.883333,906.9
16.883333,906.9
16.883333,906.9
16.783335,1045.9001
16.783335,1045.9001
16.783335,1045.9001
16.783335,1045.9001
16.783335,1045.9001
16.783335,1045.9001
16.783335,1045.9001
16.783335,1045.9001
16.783335,1045.9001
16.783335,1045.9001
16.783335,1045.9001
16.783335,1045.9001
16.783335,1045.9001
16.783335,1045.9001
16.783335,1045.9001
16.783335,1045.9001
16.783335,1045.9001
16.783335,1045.9001
16.783335,1045.9001
16.783335,1045.9001
16.783335,1045.9001
16.783335,1045.9001
16.783335,1045.9001
16.783335,1045.9001
16.883333,1657.3
16.883333,1657.3
16.883333,1657.3
16.883333,1657.3
16.883333,1657.3
16.883333,1657.3
16.883333,1657.3
16.883333,1657.3
16.883333,1657.3
16.883333,1657.3
16.883333,1657.3
16.883333,1657.3
16.883333,1657.3
16.883333,1657.3
16.883333,1657.3
16.883333,1657.3
16.883333,1657.3
16.883333,1657.3
16.883333,1657.3
16.883333,1657.3
16.883333,1657.3
16.883333,1657.3
16.883333,1657.3
16.883333,1657.3
16.783335,1955.2001
16.783335,1955.2001
16.783335,1955.2001
16.783335,1955.2001
16.783335,1955.2001
16.783335,1955.2001
16.783335,1955.2001
16.783335,1955.2001
16.783335,1955.2001
16.783335,1955.2001
16.783335,1955.2001
16.783335,1955.2001
16.783335,1955.2001
16.783335,1955.2001
16.783335,1955.2001
16.783335,1955.2001
16.783335,1955.2001
16.783335,1955.2001
16.783335,1955.2001
16.783335,1955.2001
16.783335,1955.2001
16.783335,1955.2001
16.783335,1955.2001
16.783335,1955.2001
17.924997,1435.6001
17.924997,1435.6001
17.924997,1435.6001
17.924997,1435.6001
17.924997,1435.6001
18.083334,1306.2999
18.083334,1306.2999
18.083334,1306.2999
18.083334,1306.2999
17.941666,1569.4
17.941666,1569.4
17.941666,1569.4
17.941666,1569.4
17.333334,1515.5999
17.333334,1515.5999
17.333334,1515.5999
17.333334,1515.5999
17.333334,1515.5999
17.025,1249.9999
17.025,1249.9999
17.025,1249.9999
17.025,1249.9999
17.025,1249.9999
17.075,1705.4
17.075,1705.4
17.075,1705.4
17.758333,1271.5999
17.758333,1271.5999
17.758333,1271.5999
17.075,1705.4
17.075,1705.4
17.075,1705.4
17.758333,1271.5999
17.758333,1271.5999
17.758333,1271.5999
17.075,1705.4
17.075,1705.4
17.075,1705.4
17.758333,1271.5999
17.758333,1271.5999
17.758333,1271.5999
17.65,2175.0999
17.65,2175.0999
17.65,2175.0999
17.65,2175.0999
17.449999,1283.6001
17.449999,1283.6001
17.449999,1283.6001
17.908333,1360.3002
17.091665,1145.7001
17.65,2175.0999
16.666666,1462.5
17.65,2175.0999
16.666666,1462.5
3.3499997,436.19998
3.3499997,436.19998
3.3499997,436.19998
3.3499997,436.19998
16.141666,998.99994
16.291666,1135.6001
17.058334,1587.2001
17.058334,1587.2001
17.058334,1587.2001
17.058334,1587.2001
17.058334,1587.2001
16.683334,1156.2999
16.683334,1156.2999
16.683334,1156.2999
16.683334,1156.2999
16.683334,1156.2999
17.166666,1144.1001
17.166666,1144.1001
17.166666,1144.1001
16.425,1303.5001
16.816668,1273.3
17.300001,1192.2
17.300001,1192.2
16.841667,1153.6
16.841667,1153.6
19.35,1051.4
19.35,1051.4
19.35,1051.4
17.766668,1153.7
17.766668,1153.7
17.766668,1153.7
16.25,1393.4
16.25,1393.4
16.25,1393.4
16.074999,1076.9001
16.258333,1301.2
19.058332,1920.8
19.058332,1920.8
19.208332,1660.2
19.208332,1660.2
19.058332,1920.8
19.058332,1920.8
19.208332,1660.2
19.208332,1660.2
18.3,1571.5
18.3,1571.5
18.3,1571.5
18.3,1571.5
18.3,1571.5
18.3,1571.5
18.3,1571.5
18.3,1571.5
18.191668,1497.9
18.191668,1497.9
18.191668,1497.9
18.191668,1497.9
18.191668,1497.9
18.191668,1497.9
18.191668,1497.9
18.191668,1497.9
18.3,1571.5
18.3,1571.5
18.3,1571.5
18.3,1571.5
18.3,1571.5
18.3,1571.5
18.3,1571.5
18.3,1571.5
18.191668,1497.9
18.191668,1497.9
18.191668,1497.9
18.191668,1497.9
18.191668,1497.9
18.191668,1497.9
18.191668,1497.9
18.191668,1497.9
15.883334,973.10004
15.883334,973.10004
4.7833333,809.30005
4.7833333,809.30005
4.7833333,809.30005
4.7083335,731.4
4.7083335,731.4
4.7083335,731.4
4.7833333,809.30005
4.7833333,809.30005
4.7833333,809.30005
4.7083335,731.4
4.7083335,731.4
4.7083335,731.4
4.7833333,809.30005
4.7833333,809.30005
4.7833333,809.30005
4.7083335,731.4
4.7083335,731.4
4.7083335,731.4
4.7833333,809.30005
4.7833333,809.30005
4.7833333,809.30005
4.7083335,731.4
4.7083335,731.4
4.7083335,731.4
4.7833333,809.30005
4.7833333,809.30005
4.7833333,809.30005
4.7083335,731.4
4.7083335,731.4
4.7083335,731.4
4.7833333,809.30005
4.7833333,809.30005
4.7833333,809.30005
4.7083335,731.4
4.7083335,731.4
4.7083335,731.4
4.7833333,809.30005
4.7833333,809.30005
4.7833333,809.30005
4.7083335,731.4
4.7083335,731.4
4.7083335,731.4
4.7833333,809.30005
4.7833333,809.30005
4.7833333,809.30005
4.7083335,731.4
4.7083335,731.4
4.7083335,731.4
4.7833333,809.30005
4.7833333,809.30005
4.7833333,809.30005
4.7083335,731.4
4.7083335,731.4
4.7083335,731.4
16.741667,1168.7999
16.741667,1168.7999
16.741667,1168.7999
16.758333,1018.80005
16.758333,1018.80005
16.758333,1018.80005
16.824999,1118.0
16.824999,1118.0
16.824999,1118.0
16.824999,1118.0
16.824999,1118.0
16.824999,1118.0
16.708334,1165.9001
16.708334,1165.9001
16.708334,1165.9001
16.708334,1165.9001
16.708334,1165.9001
16.708334,1165.9001
16.933332,1224.6
16.933332,1224.6
16.933332,1224.6
16.866667,1587.2
16.866667,1587.2
16.866667,1587.2
17.000002,1667.7001
17.000002,1667.7001
17.000002,1667.7001
17.425001,1519.4
17.425001,1519.4
17.425001,1519.4
15.449998,997.4001
16.125,922.8
15.449998,997.4001
16.125,922.8
15.449998,997.4001
16.125,922.8
15.449998,997.4001
16.125,922.8
19.300001,1625.3
19.300001,1625.3
19.300001,1625.3
19.300001,1625.3
19.300001,1625.3
19.300001,1625.3
19.300001,1625.3
19.300001,1625.3
19.300001,1625.3
19.300001,1625.3
19.300001,1625.3
19.300001,1625.3
19.300001,1625.3
19.300001,1625.3
19.300001,1625.3
19.300001,1625.3
19.300001,1625.3
19.300001,1625.3
19.300001,1625.3
19.300001,1625.3
19.300001,1625.3
19.300001,1625.3
19.300001,1625.3
19.300001,1625.3
19.300001,1625.3
19.300001,1625.3
19.300001,1625.3
19.300001,1625.3
19.300001,1625.3
19.300001,1625.3
19.300001,1625.3
19.300001,1625.3
19.300001,1625.3
19.300001,1625.3
19.300001,1625.3
19.300001,1625.3
19.300001,1625.3
19.300001,1625.3
19.300001,1625.3
19.300001,1625.3
19.300001,1625.3
19.300001,1625.3
19.300001,1625.3
19.300001,1625.3
19.300001,1625.3
19.300001,1625.3
19.300001,1625.3
19.300001,1625.3
19.300001,1625.3
19.300001,1625.3
19.300001,1625.3
19.300001,1625.3
19.300001,1625.3
19.300001,1625.3
19.300001,1625.3
19.300001,1625.3
19.300001,1625.3
19.300001,1625.3
19.300001,1625.3
19.300001,1625.3
19.391668,1715.2001
19.391668,1715.2001
19.391668,1715.2001
19.391668,1715.2001
19.391668,1715.2001
19.391668,1715.2001
19.391668,1715.2001
19.391668,1715.2001
19.391668,1715.2001
19.391668,1715.2001
19.391668,1715.2001
19.391668,1715.2001
19.391668,1715.2001
19.391668,1715.2001
19.391668,1715.2001
19.391668,1715.2001
19.391668,1715.2001
19.391668,1715.2001
19.391668,1715.2001
19.391668,1715.2001
19.391668,1715.2001
19.391668,1715.2001
19.391668,1715.2001
19.391668,1715.2001
19.391668,1715.2001
19.391668,1715.2001
19.391668,1715.2001
19.391668,1715.2001
19.391668,1715.2001
19.391668,1715.2001
19.391668,1715.2001
19.391668,1715.2001
19.391668,1715.2001
19.391668,1715.2001
19.391668,1715.2001
19.391668,1715.2001
19.391668,1715.2001
19.391668,1715.2001
19.391668,1715.2001
19.391668,1715.2001
19.391668,1715.2001
19.391668,1715.2001
19.391668,1715.2001
19.391668,1715.2001
19.391668,1715.2001
19.391668,1715.2001
19.391668,1715.2001
19.391668,1715.2001
19.391668,1715.2001
19.391668,1715.2001
19.391668,1715.2001
19.391668,1715.2001
19.391668,1715.2001
19.391668,1715.2001
19.391668,1715.2001
19.391668,1715.2001
19.391668,1715.2001
19.391668,1715.2001
19.391668,1715.2001
19.391668,1715.2001
22.058332,1459.1001
22.058332,1459.1001
22.058332,1459.1001
22.058332,1459.1001
22.058332,1459.1001
22.058332,1459.1001
22.058332,1459.1001
22.058332,1459.1001
22.058332,1459.1001
22.058332,1459.1001
22.058332,1459.1001
22.058332,1459.1001
22.050001,1849.3998
22.050001,1849.3998
22.050001,1849.3998
22.050001,1849.3998
22.050001,1849.3998
22.050001,1849.3998
22.050001,1849.3998
22.050001,1849.3998
22.050001,1849.3998
22.050001,1849.3998
22.050001,1849.3998
22.050001,1849.3998
20.908333,1457.5999
20.908333,1457.5999
20.908333,1457.5999
20.908333,1457.5999
20.908333,1457.5999
20.908333,1457.5999
20.908333,1457.5999
20.908333,1457.5999
20.908333,1457.5999
20.908333,1457.5999
20.908333,1457.5999
20.908333,1457.5999
16.883333,1657.3
16.883333,1657.3
16.883333,1657.3
16.883333,1657.3
16.883333,1657.3
16.883333,1657.3
16.883333,1657.3
16.883333,1657.3
16.883333,1657.3
16.883333,1657.3
16.883333,1657.3
16.883333,1657.3
16.883333,1657.3
16.883333,1657.3
16.883333,1657.3
16.783335,1955.2001
16.783335,1955.2001
16.783335,1955.2001
16.783335,1955.2001
16.783335,1955.2001
16.783335,1955.2001
16.783335,1955.2001
16.783335,1955.2001
16.783335,1955.2001
16.783335,1955.2001
16.783335,1955.2001
16.783335,1955.2001
16.783335,1955.2001
16.783335,1955.2001
16.783335,1955.2001
16.783335,1955.2001
16.783335,1955.2001
16.783335,1955.2001
17.733334,1730.7001
17.733334,1730.7001
17.733334,1730.7001
17.733334,1730.7001
17.733334,1952.6
17.733334,1952.6
17.733334,1952.6
17.733334,1952.6
16.775,1985.2001
16.775,1985.2001
16.775,1985.2001
16.775,1985.2001
16.775,1985.2001
16.775,1985.2001
16.95,1485.0001
16.95,1485.0001
16.95,1485.0001
16.95,1485.0001
17.116667,1401.2999
17.116667,1401.2999
17.116667,1401.2999
17.116667,1401.2999
17.074999,1002.50006
17.074999,1002.50006
17.074999,1002.50006
17.074999,1002.50006
17.074999,1002.50006
17.074999,1002.50006
17.074999,1002.50006
17.074999,1002.50006
17.475,1276.7999
17.475,1276.7999
17.475,1276.7999
17.475,1276.7999
17.466665,887.50006
17.466665,887.50006
23.066666,1874.7001
23.066666,1874.7001
23.066666,1874.7001
22.991667,1926.2
22.991667,1926.2
22.991667,1926.2
5.433334,440.40002
5.341667,601.8
22.208334,1660.4
22.208334,1660.4
20.908333,1457.5999
20.908333,1457.5999
22.050001,1849.3998
22.050001,1849.3998
22.208334,1660.4
22.208334,1660.4
20.908333,1457.5999
20.908333,1457.5999
22.050001,1849.3998
22.050001,1849.3998
18.933336,1513.2001
19.15,1433.2999
18.716667,2360.7002
18.5,1268.6001
18.366667,2439.5002
19.141668,1423.3
18.933336,1513.2001
19.15,1433.2999
18.716667,2360.7002
18.5,1268.6001
18.366667,2439.5002
19.141668,1423.3
18.933336,1513.2001
19.15,1433.2999
18.716667,2360.7002
18.5,1268.6001
18.366667,2439.5002
19.141668,1423.3
18.933336,1513.2001
19.15,1433.2999
18.716667,2360.7002
18.5,1268.6001
18.366667,2439.5002
19.141668,1423.3
18.933336,1513.2001
19.15,1433.2999
18.716667,2360.7002
18.5,1268.6001
18.366667,2439.5002
19.141668,1423.3
18.933336,1513.2001
19.15,1433.2999
18.716667,2360.7002
18.5,1268.6001
18.366667,2439.5002
19.141668,1423.3
18.933336,1513.2001
19.15,1433.2999
18.716667,2360.7002
18.5,1268.6001
18.366667,2439.5002
19.141668,1423.3
18.933336,1513.2001
19.15,1433.2999
18.716667,2360.7002
18.5,1268.6001
18.366667,2439.5002
19.141668,1423.3
18.933336,1513.2001
19.15,1433.2999
18.716667,2360.7002
18.5,1268.6001
18.366667,2439.5002
19.141668,1423.3
18.933336,1513.2001
19.15,1433.2999
18.716667,2360.7002
18.5,1268.6001
18.366667,2439.5002
19.141668,1423.3
18.933336,1513.2001
19.15,1433.2999
18.716667,2360.7002
18.5,1268.6001
18.366667,2439.5002
19.141668,1423.3
18.933336,1513.2001
19.15,1433.2999
18.716667,2360.7002
18.5,1268.6001
18.366667,2439.5002
19.141668,1423.3
5.0333333,726.2
5.0333333,726.2
5.0333333,726.2
5.0333333,726.2
5.0333333,726.2
5.0333333,726.2
5.0333333,726.2
5.0333333,726.2
5.0333333,726.2
5.0333333,726.2
5.0333333,726.2
5.0333333,726.2
5.6000004,728.5
5.6000004,728.5
5.6000004,728.5
5.6000004,728.5
5.6000004,728.5
5.6000004,728.5
5.6000004,728.5
5.6000004,728.5
5.6000004,728.5
5.6000004,728.5
5.6000004,728.5
5.6000004,728.5
8.808334,647.0
8.808334,647.0
8.808334,647.0
8.808334,647.0
8.808334,647.0
8.808334,647.0
8.808334,647.0
8.808334,647.0
8.808334,647.0
8.808334,647.0
8.808334,647.0
8.808334,647.0
8.808334,647.0
8.808334,647.0
8.808334,647.0
8.808334,647.0
8.808334,647.0
8.808334,647.0
9.5,719.9
9.5,719.9
9.5,719.9
9.5,719.9
9.5,719.9
9.5,719.9
9.5,719.9
9.5,719.9
9.5,719.9
9.5,719.9
9.5,719.9
9.5,719.9
9.5,719.9
9.5,719.9
9.5,719.9
9.5,719.9
9.5,719.9
9.5,719.9
18.391666,1834.7001
18.291666,1705.1
18.391666,1834.7001
18.291666,1705.1
18.416666,1661.3999
18.416666,1661.3999
18.416666,1661.3999
18.416666,1661.3999
18.416666,1661.3999
18.75,1609.7999
18.75,1609.7999
18.75,1609.7999
18.75,1609.7999
18.75,1609.7999
18.050001,1373.4001
18.050001,1373.4001
18.050001,1373.4001
18.050001,1373.4001
18.050001,1373.4001
18.050001,1373.4001
18.050001,1373.4001
18.050001,1373.4001
17.908335,1375.1
17.908335,1375.1
17.908335,1375.1
17.908335,1375.1
17.908335,1375.1
17.908335,1375.1
17.908335,1375.1
17.908335,1375.1
17.908335,1375.1
17.908335,1375.1
18.041666,1616.8999
18.041666,1616.8999
18.3,1571.5
18.3,1571.5
18.3,1571.5
18.3,1571.5
18.3,1571.5
18.3,1571.5
18.3,1571.5
18.3,1571.5
18.191668,1497.9
18.191668,1497.9
18.191668,1497.9
18.191668,1497.9
18.191668,1497.9
18.191668,1497.9
18.191668,1497.9
18.191668,1497.9
17.775,1924.1
17.775,1924.1
17.775,1924.1
17.775,1924.1
17.775,1924.1
17.775,1924.1
17.775,1924.1
17.775,1924.1
17.775,1924.1
17.775,1924.1
18.133333,1794.8999
18.133333,1794.8999
18.133333,1794.8999
18.133333,1794.8999
18.133333,1794.8999
18.133333,1794.8999
18.133333,1794.8999
18.133333,1794.8999
18.133333,1794.8999
18.133333,1794.8999
17.300001,1192.2
17.300001,1192.2
17.300001,1192.2
17.300001,1192.2
17.300001,1192.2
17.300001,1192.2
17.300001,1192.2
17.300001,1192.2
17.300001,1192.2
17.300001,1192.2
17.300001,1192.2
17.300001,1192.2
16.841667,1153.6
16.841667,1153.6
16.841667,1153.6
16.841667,1153.6
16.841667,1153.6
16.841667,1153.6
16.841667,1153.6
16.841667,1153.6
16.841667,1153.6
16.841667,1153.6
16.841667,1153.6
16.841667,1153.6
17.300001,1192.2
16.841667,1153.6
19.291666,1678.6001
19.291666,1678.6001
19.291666,1678.6001
19.199999,1630.9
19.199999,1630.9
19.199999,1630.9
19.191668,1813.0002
19.191668,1813.0002
19.191668,1813.0002
19.300001,1780.8
19.300001,1780.8
19.300001,1780.8
19.291666,1678.6001
19.291666,1678.6001
19.291666,1678.6001
19.199999,1630.9
19.199999,1630.9
19.199999,1630.9
19.191668,1813.0002
19.191668,1813.0002
19.191668,1813.0002
19.300001,1780.8
19.300001,1780.8
19.300001,1780.8
17.941666,863.7
17.941666,863.7
17.941666,863.7
17.941666,863.7
17.941666,863.7
17.941666,863.7
17.941666,863.7
17.941666,863.7
17.941666,863.7
17.941666,863.7
17.941666,863.7
17.941666,863.7
17.641668,1581.3
17.641668,1581.3
17.641668,1581.3
17.641668,1581.3
17.641668,1581.3
17.641668,1581.3
17.641668,1581.3
17.641668,1581.3
17.641668,1581.3
17.641668,1581.3
17.641668,1581.3
17.641668,1581.3
18.475,1063.2
18.475,1063.2
18.475,1063.2
18.475,1063.2
18.475,1063.2
18.475,1063.2
18.475,1063.2
18.475,1063.2
18.475,1063.2
18.475,1063.2
18.475,1063.2
18.475,1063.2
18.416668,1258.2001
18.416668,1258.2001
18.416668,1258.2001
18.416668,1258.2001
18.416668,1258.2001
18.416668,1258.2001
18.416668,1258.2001
18.416668,1258.2001
18.416668,1258.2001
18.416668,1258.2001
18.416668,1258.2001
18.416668,1258.2001
18.283333,1409.2002
18.283333,1409.2002
18.283333,1409.2002
18.283333,1409.2002
18.283333,1409.2002
18.283333,1409.2002
18.283333,1409.2002
18.283333,1409.2002
18.283333,1409.2002
18.283333,1409.2002
18.283333,1409.2002
18.283333,1409.2002
16.691668,1274.9999
16.583334,1349.6
16.691668,1274.9999
16.583334,1349.6
16.825,1291.4
16.475,1199.5
16.825,1291.4
16.475,1199.5
16.825,1291.4
16.475,1199.5
16.825,1291.4
16.475,1199.5
16.691668,1274.9999
16.583334,1349.6
16.691668,1274.9999
16.583334,1349.6
19.425,1665.9001
19.324999,1594.1998
19.425,1665.9001
19.324999,1594.1998
18.375,1607.1001
18.375,1607.1001
18.375,1607.1001
18.375,1607.1001
18.375,1607.1001
18.375,1607.1001
18.375,1607.1001
18.375,1607.1001
18.375,1607.1001
18.375,1607.1001
18.375,1607.1001
18.375,1607.1001
18.375,1607.1001
18.375,1607.1001
18.375,1607.1001
18.375,1607.1001
18.375,1607.1001
18.375,1607.1001
18.375,1607.1001
18.375,1607.1001
18.375,1607.1001
18.375,1607.1001
18.441668,1931.6
18.441668,1931.6
18.441668,1931.6
18.441668,1931.6
18.441668,1931.6
18.441668,1931.6
18.441668,1931.6
18.441668,1931.6
18.441668,1931.6
18.441668,1931.6
18.441668,1931.6
18.441668,1931.6
18.441668,1931.6
18.441668,1931.6
18.441668,1931.6
18.441668,1931.6
18.441668,1931.6
18.441668,1931.6
18.441668,1931.6
18.441668,1931.6
18.441668,1931.6
18.441668,1931.6
16.858334,1343.9
16.858334,1343.9
17.300001,1315.1
17.300001,1315.1
16.874998,1020.7001
16.874998,1020.7001
16.874998,1020.7001
16.874998,1020.7001
16.874998,1020.7001
16.874998,1020.7001
16.874998,1020.7001
16.874998,1020.7001
17.366667,1092.5001
17.366667,1092.5001
17.366667,1092.5001
17.366667,1092.5001
17.366667,1092.5001
17.366667,1092.5001
17.366667,1092.5001
17.366667,1092.5001
17.366667,1092.5001
17.366667,1092.5001
17.366667,1092.5001
17.366667,1092.5001
17.675001,1450.6
17.675001,1450.6
17.675001,1450.6
17.675001,1450.6
18.008335,1465.6001
18.008335,1465.6001
18.008335,1465.6001
18.008335,1465.6001
17.324999,1058.0
17.324999,1058.0
17.333334,1165.9
17.333334,1165.9
17.366665,1015.8
17.366665,1015.8
17.366667,1165.0
17.366667,1165.0
17.908333,1360.3002
17.908333,1360.3002
17.908333,1360.3002
17.908333,1360.3002
17.908333,1360.3002
17.908333,1360.3002
17.65,2175.0999
17.65,2175.0999
17.65,2175.0999
17.65,2175.0999
17.65,2175.0999
17.65,2175.0999
6.2833333,354.2
6.2833333,354.2
6.2833333,354.2
6.2833333,354.2
6.175001,520.8
6.175001,520.8
6.175001,520.8
6.175001,520.8
4.5333343,459.9
4.5333343,459.9
4.5333343,459.9
4.5333343,459.9
4.5333343,459.9
4.5333343,459.9
4.5333343,459.9
4.5333343,459.9
4.5333343,459.9
4.5333343,459.9
3.05,578.4
3.05,578.4
3.05,578.4
3.05,578.4
3.05,578.4
3.05,578.4
3.05,578.4
3.05,578.4
3.05,578.4
3.05,578.4
16.691668,1274.9999
16.691668,1274.9999
16.691668,1274.9999
16.583334,1349.6
16.583334,1349.6
16.583334,1349.6
16.975,1300.0001
16.975,1300.0001
16.975,1300.0001
17.891666,1568.1001
17.891666,1568.1001
17.891666,1568.1001
17.891666,1568.1001
17.891666,1568.1001
17.891666,1568.1001
17.891666,1568.1001
17.891666,1568.1001
17.891666,1568.1001
17.891666,1568.1001
17.891666,1568.1001
17.891666,1568.1001
17.891666,1568.1001
17.891666,1568.1001
17.891666,1568.1001
17.891666,1568.1001
17.891666,1568.1001
17.891666,1568.1001
18.033335,1433.6
18.033335,1433.6
18.033335,1433.6
18.033335,1433.6
18.033335,1433.6
18.033335,1433.6
18.033335,1433.6
18.033335,1433.6
18.033335,1433.6
18.033335,1433.6
18.033335,1433.6
18.033335,1433.6
18.033335,1433.6
18.033335,1433.6
18.033335,1433.6
18.033335,1433.6
17.891666,1568.1001
17.891666,1568.1001
17.891666,1568.1001
17.891666,1568.1001
17.891666,1568.1001
17.891666,1568.1001
17.891666,1568.1001
17.891666,1568.1001
17.891666,1568.1001
17.891666,1568.1001
17.891666,1568.1001
17.891666,1568.1001
18.033335,1433.6
18.033335,1433.6
18.033335,1433.6
18.033335,1433.6
18.033335,1433.6
18.033335,1433.6
18.033335,1433.6
18.033335,1433.6
18.033335,1433.6
18.033335,1433.6
18.033335,1433.6
18.033335,1433.6
18.033335,1433.6
18.033335,1433.6
18.033335,1433.6
18.033335,1433.6
17.891666,1568.1001
17.891666,1568.1001
17.891666,1568.1001
17.891666,1568.1001
17.891666,1568.1001
17.891666,1568.1001
17.891666,1568.1001
18.033335,1433.6
18.033335,1433.6
18.033335,1433.6
18.033335,1433.6
18.033335,1433.6
18.033335,1433.6
18.033335,1433.6
17.891666,1568.1001
17.891666,1568.1001
17.891666,1568.1001
17.891666,1568.1001
17.891666,1568.1001
17.891666,1568.1001
17.891666,1568.1001
18.033335,1433.6
18.033335,1433.6
18.033335,1433.6
18.033335,1433.6
18.033335,1433.6
18.033335,1433.6
18.033335,1433.6
17.883335,1400.7999
17.883335,1400.7999
17.883335,1400.7999
17.883335,1400.7999
17.883335,1400.7999
17.883335,1400.7999
17.883335,1400.7999
17.883335,1400.7999
17.883335,1400.7999
17.883335,1400.7999
17.883335,1400.7999
17.883335,1400.7999
17.883335,1400.7999
17.883335,1400.7999
17.883335,1400.7999
17.883335,1400.7999
17.875,1530.1001
17.875,1530.1001
17.875,1530.1001
17.875,1530.1001
17.875,1530.1001
17.875,1530.1001
17.875,1530.1001
17.875,1530.1001
17.875,1530.1001
17.875,1530.1001
17.875,1530.1001
17.875,1530.1001
17.875,1530.1001
17.875,1530.1001
17.875,1530.1001
17.875,1530.1001
17.883335,1400.7999
17.883335,1400.7999
17.883335,1400.7999
17.883335,1400.7999
17.883335,1400.7999
17.883335,1400.7999
17.883335,1400.7999
17.883335,1400.7999
17.883335,1400.7999
17.883335,1400.7999
17.883335,1400.7999
17.883335,1400.7999
17.883335,1400.7999
17.883335,1400.7999
17.875,1530.1001
17.875,1530.1001
17.875,1530.1001
17.875,1530.1001
17.875,1530.1001
17.875,1530.1001
17.875,1530.1001
17.875,1530.1001
17.875,1530.1001
17.875,1530.1001
17.875,1530.1001
17.875,1530.1001
17.875,1530.1001
17.875,1530.1001
16.425001,1588.8
16.425001,1588.8
16.425001,1588.8
16.425001,1588.8
16.425001,1588.8
16.425001,1588.8
16.425001,1588.8
16.425001,1588.8
16.425001,1588.8
16.425001,1588.8
16.425001,1588.8
16.425001,1588.8
16.425001,1588.8
16.425001,1588.8
16.425001,1588.8
16.425001,1588.8
16.425001,1588.8
16.425001,1588.8
16.425001,1588.8
16.425001,1588.8
16.308332,1512.8
16.308332,1512.8
16.308332,1512.8
16.308332,1512.8
16.308332,1512.8
16.308332,1512.8
16.308332,1512.8
16.308332,1512.8
16.308332,1512.8
16.308332,1512.8
16.308332,1512.8
16.308332,1512.8
16.308332,1512.8
16.308332,1512.8
16.308332,1512.8
16.308332,1512.8
16.308332,1512.8
16.308332,1512.8
16.308332,1512.8
16.308332,1512.8
8.75,777.60004
8.75,777.60004
8.75,777.60004
8.75,777.60004
8.75,777.60004
8.75,777.60004
9.325,590.69995
9.325,590.69995
9.325,590.69995
9.325,590.69995
9.325,590.69995
9.325,590.69995
18.033335,1433.6
17.883335,1400.7999
18.133333,1794.8999
18.133333,1794.8999
18.133333,1794.8999
18.133333,1794.8999
18.133333,1794.8999
18.133333,1794.8999
18.133333,1794.8999
18.133333,1794.8999
18.133333,1794.8999
18.133333,1794.8999
18.3,1571.5
18.3,1571.5
18.3,1571.5
18.3,1571.5
18.3,1571.5
18.3,1571.5
18.3,1571.5
18.3,1571.5
18.3,1571.5
18.3,1571.5
17.683334,1365.8999
17.683334,1365.8999
17.891666,1464.7
17.891666,1464.7
17.433332,1816.0999
17.433332,1816.0999
17.941666,1569.4
17.941666,1569.4
17.941666,1569.4
17.941666,1569.4
17.775,1924.1
17.775,1924.1
17.775,1924.1
17.775,1924.1
16.45,1057.8
16.45,1057.8
16.45,1057.8
16.45,1057.8
16.625002,1069.6001
16.625002,1069.6001
16.625002,1069.6001
16.625002,1069.6001
15.291667,760.49994
15.291667,760.49994
15.291667,760.49994
15.291667,760.49994
15.999999,846.2
15.999999,846.2
15.999999,846.2
15.999999,846.2
15.458333,1059.8
15.458333,1059.8
15.458333,1059.8
15.400001,1073.8
15.400001,1073.8
15.400001,1073.8
16.116669,1284.6
22.583334,2111.1
22.583334,2111.1
22.583334,2111.1
22.583334,2111.1
22.583334,2111.1
22.583334,2111.1
22.583334,2111.1
22.583334,2111.1
22.583334,2111.1
22.583334,2111.1
16.766666,1021.4001
16.766666,1021.4001
16.766666,1021.4001
16.766666,1021.4001
16.766666,1021.4001
16.650002,1233.7001
16.650002,1233.7001
16.650002,1233.7001
16.650002,1233.7001
16.650002,1233.7001
17.0,1209.7999
17.0,1209.7999
17.0,1209.7999
17.0,1209.7999
17.0,1209.7999
17.183332,984.5
17.183332,984.5
17.183332,984.5
17.183332,984.5
17.183332,984.5
17.091667,1038.2
17.091667,1038.2
17.091667,1038.2
17.091667,1038.2
17.091667,1038.2
17.016666,907.50006
17.016666,907.50006
17.016666,907.50006
17.016666,907.50006
17.016666,907.50006
16.983335,1539.1
16.983335,1539.1
16.983335,1539.1
16.983335,1539.1
16.983335,1539.1
17.533335,1489.0
17.533335,1489.0
18.258333,1619.0
18.258333,1619.0
17.625,1582.4001
17.625,1582.4001
17.533335,1489.0
17.533335,1489.0
18.258333,1619.0
18.258333,1619.0
17.625,1582.4001
17.625,1582.4001
14.833332,772.2
14.833332,772.2
15.108334,891.60004
15.108334,891.60004
21.333334,2099.6
21.333334,2099.6
21.333334,2099.6
21.333334,2099.6
23.308332,2076.6
23.308332,2076.6
23.308332,2076.6
23.308332,2076.6
23.033333,2081.0999
23.033333,2081.0999
23.033333,2081.0999
23.033333,2081.0999
16.500002,952.30005
16.500002,952.30005
16.500002,952.30005
16.500002,952.30005
16.500002,952.30005
16.500002,952.30005
16.35,1187.1
16.35,1187.1
16.35,1187.1
16.35,1187.1
16.35,1187.1
16.35,1187.1
19.125,1100.0
19.125,1100.0
19.04167,1109.7
19.04167,1109.7
18.300001,1225.0999
18.300001,1225.0999
18.300001,1225.0999
18.300001,1225.0999
18.300001,1225.0999
18.300001,1225.0999
17.608334,1476.4
17.608334,1476.4
17.608334,1476.4
17.608334,1476.4
17.608334,1476.4
17.608334,1476.4
18.300001,1225.0999
18.300001,1225.0999
18.300001,1225.0999
18.300001,1225.0999
18.300001,1225.0999
18.300001,1225.0999
17.608334,1476.4
17.608334,1476.4
17.608334,1476.4
17.608334,1476.4
17.608334,1476.4
17.608334,1476.4
18.425001,1416.0
18.425001,1416.0
18.425001,1416.0
18.425001,1416.0
18.425001,1416.0
18.425001,1416.0
17.808334,1483.0
17.808334,1483.0
17.808334,1483.0
17.808334,1483.0
17.808334,1483.0
17.808334,1483.0
18.425001,1416.0
18.425001,1416.0
18.425001,1416.0
18.425001,1416.0
18.425001,1416.0
18.425001,1416.0
17.808334,1483.0
17.808334,1483.0
17.808334,1483.0
17.808334,1483.0
17.808334,1483.0
17.808334,1483.0
16.758333,951.00006
16.758333,951.00006
16.758333,951.00006
16.758333,951.00006
16.758333,951.00006
16.758333,951.00006
16.758333,951.00006
16.949999,1028.4
16.949999,1028.4
16.949999,1028.4
16.949999,1028.4
16.949999,1028.4
16.949999,1028.4
16.949999,1028.4
22.991667,1926.2
22.991667,1926.2
22.991667,1926.2
22.991667,1926.2
23.441666,2103.0999
23.441666,2103.0999
23.441666,2103.0999
23.441666,2103.0999
16.833334,1174.3999
16.741667,1168.7999
2.95,642.2
2.95,642.2
2.95,642.2
3.3499997,436.19998
3.3499997,436.19998
3.3499997,436.19998
2.95,642.2
2.95,642.2
2.95,642.2
2.95,642.2
2.95,642.2
2.95,642.2
17.925001,1177.8002
17.925001,1177.8002
17.074999,1114.5001
16.958334,1158.6001
17.074999,1114.5001
16.958334,1158.6001
5.341667,601.8
5.9583335,594.60004
5.341667,601.8
5.341667,601.8
5.9583335,594.60004
5.9583335,594.60004
17.566668,1748.9
17.566668,1748.9
17.566668,1748.9
17.566668,1748.9
17.933332,1832.4001
17.933332,1832.4001
17.933332,1832.4001
17.933332,1832.4001
17.933332,1832.4001
17.933332,1832.4001
17.933332,1832.4001
17.933332,1832.4001
17.566668,1748.9
17.566668,1748.9
17.566668,1748.9
17.566668,1748.9
17.566668,1748.9
17.933332,1832.4001
17.933332,1832.4001
17.933332,1832.4001
17.933332,1832.4001
17.933332,1832.4001
17.933332,1832.4001
17.933332,1832.4001
17.933332,1832.4001
17.933332,1832.4001
17.933332,1832.4001
4.9,538.7
4.016667,599.1
4.7083335,532.7
4.9,538.7
4.016667,599.1
4.7083335,532.7
18.575,1099.3
18.575,1099.3
18.575,1099.3
18.575,1099.3
18.575,1099.3
18.575,1099.3
18.575,1099.3
18.575,1099.3
18.575,1099.3
18.533335,1090.8
18.533335,1090.8
18.533335,1090.8
18.533335,1090.8
18.533335,1090.8
18.533335,1090.8
18.533335,1090.8
18.533335,1090.8
18.533335,1090.8
18.575,1099.3
18.575,1099.3
18.575,1099.3
18.575,1099.3
18.575,1099.3
18.575,1099.3
18.575,1099.3
18.575,1099.3
18.575,1099.3
18.575,1099.3
18.575,1099.3
18.575,1099.3
18.575,1099.3
18.575,1099.3
18.575,1099.3
18.575,1099.3
18.575,1099.3
18.575,1099.3
18.575,1099.3
18.575,1099.3
18.533335,1090.8
18.533335,1090.8
18.533335,1090.8
18.533335,1090.8
18.533335,1090.8
18.533335,1090.8
18.533335,1090.8
18.533335,1090.8
18.533335,1090.8
18.533335,1090.8
18.533335,1090.8
18.533335,1090.8
18.533335,1090.8
18.533335,1090.8
18.533335,1090.8
18.533335,1090.8
18.533335,1090.8
18.533335,1090.8
18.533335,1090.8
18.533335,1090.8
18.541666,1516.8
18.541666,1516.8
18.541666,1516.8
18.541666,1516.8
18.666666,1238.9
18.666666,1238.9
18.666666,1238.9
18.666666,1238.9
17.325,1158.7001
17.325,1158.7001
17.325,1158.7001
17.325,1158.7001
17.325,1158.7001
17.325,1158.7001
17.325,1158.7001
17.325,1158.7001
17.183332,1154.4
17.183332,1154.4
17.183332,1154.4
17.183332,1154.4
17.183332,1154.4
17.183332,1154.4
17.183332,1154.4
17.183332,1154.4
13.174999,1271.5
13.174999,1271.5
13.174999,1271.5
13.174999,1271.5
13.174999,1271.5
13.174999,1271.5
13.174999,1271.5
13.174999,1271.5
13.183333,1216.1002
13.183333,1216.1002
13.183333,1216.1002
13.183333,1216.1002
13.183333,1216.1002
13.183333,1216.1002
13.183333,1216.1002
13.183333,1216.1002
18.35,2304.0999
18.35,2304.0999
18.19167,1322.3
18.19167,1322.3
17.975,2395.2002
17.975,2395.2002
17.65,1513.2001
17.65,1513.2001
17.65,1513.2001
17.65,1513.2001
17.65,1513.2001
17.65,1513.2001
15.950001,992.6
15.950001,992.6
15.950001,992.6
15.950001,992.6
15.950001,992.6
15.950001,992.6
15.950001,992.6
15.658333,1075.2001
15.658333,1075.2001
15.658333,1075.2001
15.658333,1075.2001
15.658333,1075.2001
15.658333,1075.2001
15.658333,1075.2001
16.558334,853.89996
16.558334,853.89996
16.558334,853.89996
16.558334,853.89996
16.558334,853.89996
16.558334,853.89996
16.558334,853.89996
16.558334,853.89996
17.45,1726.0001
17.45,1726.0001
17.45,1726.0001
17.45,1726.0001
17.45,1726.0001
17.45,1726.0001
17.45,1726.0001
17.45,1726.0001
17.45,1726.0001
17.45,1726.0001
17.45,1726.0001
17.45,1726.0001
17.7,1838.1
17.7,1838.1
17.7,1838.1
17.7,1838.1
17.7,1838.1
17.7,1838.1
17.7,1838.1
17.7,1838.1
17.7,1838.1
17.7,1838.1
17.7,1838.1
17.7,1838.1
17.7,1838.1
17.7,1838.1
17.7,1838.1
17.7,1838.1
17.7,1838.1
17.7,1838.1
17.7,1838.1
17.7,1838.1
17.7,1838.1
17.7,1838.1
17.7,1838.1
17.7,1838.1
18.133333,1794.8999
18.133333,1794.8999
18.133333,1794.8999
18.133333,1794.8999
18.133333,1794.8999
18.133333,1794.8999
18.133333,1794.8999
18.133333,1794.8999
18.3,1571.5
18.3,1571.5
18.3,1571.5
18.3,1571.5
18.3,1571.5
18.3,1571.5
18.3,1571.5
18.3,1571.5
18.291666,1216.1
18.291666,1216.1
18.291666,1216.1
18.291666,1216.1
17.849998,1445.8002
17.849998,1445.8002
17.849998,1445.8002
17.849998,1445.8002
18.291666,1216.1
18.291666,1216.1
17.849998,1445.8002
17.849998,1445.8002
17.71667,895.4
17.71667,895.4
18.291666,1216.1
18.291666,1216.1
17.849998,1445.8002
17.849998,1445.8002
17.71667,895.4
17.71667,895.4
18.291666,1216.1
18.291666,1216.1
17.849998,1445.8002
17.849998,1445.8002
17.71667,895.4
17.71667,895.4
15.449998,997.4001
15.933334,1134.9
15.783334,1042.0001
15.783334,1042.0001
15.783334,1042.0001
15.783334,1042.0001
15.783334,1042.0001
15.783334,1042.0001
15.724998,1081.8
15.724998,1081.8
15.724998,1081.8
15.724998,1081.8
15.724998,1081.8
15.724998,1081.8
15.9416685,1419.6
15.9416685,1419.6
15.9416685,1419.6
15.9416685,1419.6
15.9416685,1419.6
15.9416685,1419.6
15.9416685,1419.6
15.9416685,1419.6
15.9416685,1419.6
15.9416685,1419.6
15.9416685,1419.6
15.9416685,1419.6
15.9416685,1419.6
15.9416685,1419.6
15.9416685,1419.6
15.9416685,1419.6
15.825,1314.7001
15.825,1314.7001
15.825,1314.7001
15.825,1314.7001
15.825,1314.7001
15.825,1314.7001
15.825,1314.7001
15.825,1314.7001
15.825,1314.7001
15.825,1314.7001
15.825,1314.7001
15.825,1314.7001
15.825,1314.7001
15.825,1314.7001
15.825,1314.7001
15.825,1314.7001
17.008333,1302.4
17.008333,1302.4
16.975,1398.8999
16.975,1398.8999
17.008333,1302.4
17.008333,1302.4
17.008333,1302.4
16.975,1398.8999
16.975,1398.8999
16.975,1398.8999
18.199999,1281.4
18.391668,1126.3
18.091665,1674.0001
17.941666,863.7
17.641668,1581.3
18.475,1063.2
18.416668,1258.2001
18.283333,1409.2002
18.608334,1476.2999
18.758333,1383.2001
18.199999,1281.4
18.391668,1126.3
18.091665,1674.0001
17.941666,863.7
17.641668,1581.3
18.475,1063.2
18.416668,1258.2001
18.283333,1409.2002
18.608334,1476.2999
18.758333,1383.2001
18.199999,1281.4
18.391668,1126.3
18.091665,1674.0001
17.941666,863.7
17.641668,1581.3
18.475,1063.2
18.416668,1258.2001
18.283333,1409.2002
18.608334,1476.2999
18.758333,1383.2001
18.199999,1281.4
18.391668,1126.3
18.091665,1674.0001
17.941666,863.7
17.641668,1581.3
18.475,1063.2
18.416668,1258.2001
18.283333,1409.2002
18.608334,1476.2999
18.758333,1383.2001
18.199999,1281.4
18.391668,1126.3
18.091665,1674.0001
17.941666,863.7
17.641668,1581.3
18.475,1063.2
18.416668,1258.2001
18.283333,1409.2002
18.608334,1476.2999
18.758333,1383.2001
18.199999,1281.4
18.391668,1126.3
18.091665,1674.0001
17.941666,863.7
17.641668,1581.3
18.475,1063.2
18.416668,1258.2001
18.283333,1409.2002
18.608334,1476.2999
18.758333,1383.2001
18.199999,1281.4
18.391668,1126.3
18.091665,1674.0001
17.941666,863.7
17.641668,1581.3
18.475,1063.2
18.416668,1258.2001
18.283333,1409.2002
18.608334,1476.2999
18.758333,1383.2001
18.199999,1281.4
18.391668,1126.3
18.091665,1674.0001
17.941666,863.7
17.641668,1581.3
18.475,1063.2
18.416668,1258.2001
18.283333,1409.2002
18.608334,1476.2999
18.758333,1383.2001
18.199999,1281.4
18.391668,1126.3
18.091665,1674.0001
17.941666,863.7
17.641668,1581.3
18.475,1063.2
18.416668,1258.2001
18.283333,1409.2002
18.608334,1476.2999
18.758333,1383.2001
18.199999,1281.4
18.391668,1126.3
18.091665,1674.0001
17.941666,863.7
17.641668,1581.3
18.475,1063.2
18.416668,1258.2001
18.283333,1409.2002
18.608334,1476.2999
18.758333,1383.2001
18.199999,1281.4
18.391668,1126.3
18.091665,1674.0001
17.941666,863.7
17.641668,1581.3
18.475,1063.2
18.416668,1258.2001
18.283333,1409.2002
18.608334,1476.2999
18.758333,1383.2001
18.199999,1281.4
18.391668,1126.3
18.091665,1674.0001
17.941666,863.7
17.641668,1581.3
18.475,1063.2
18.416668,1258.2001
18.283333,1409.2002
18.608334,1476.2999
18.758333,1383.2001
18.199999,1281.4
18.391668,1126.3
18.091665,1674.0001
17.941666,863.7
17.641668,1581.3
18.475,1063.2
18.416668,1258.2001
18.283333,1409.2002
18.608334,1476.2999
18.758333,1383.2001
18.199999,1281.4
18.391668,1126.3
18.091665,1674.0001
17.941666,863.7
17.641668,1581.3
18.475,1063.2
18.416668,1258.2001
18.283333,1409.2002
18.608334,1476.2999
18.758333,1383.2001
18.283335,1437.3003
17.816668,2174.6
17.883333,1847.4
18.483335,2051.7
17.875002,1936.1998
17.85,1566.2999
18.133333,2233.5
19.075,2238.0002
18.325,1898.3002
18.45,1915.1
18.766668,2232.9001
18.775002,1268.1998
18.516666,1596.3
18.325,1891.7999
18.766666,2126.1
18.283335,1437.3003
17.816668,2174.6
17.883333,1847.4
18.483335,2051.7
17.875002,1936.1998
17.85,1566.2999
18.133333,2233.5
19.075,2238.0002
18.325,1898.3002
18.45,1915.1
18.766668,2232.9001
18.775002,1268.1998
18.516666,1596.3
18.325,1891.7999
18.766666,2126.1
18.283335,1437.3003
17.816668,2174.6
17.883333,1847.4
18.483335,2051.7
17.875002,1936.1998
17.85,1566.2999
18.133333,2233.5
19.075,2238.0002
18.325,1898.3002
18.45,1915.1
18.766668,2232.9001
18.775002,1268.1998
18.516666,1596.3
18.325,1891.7999
18.766666,2126.1
18.283335,1437.3003
17.816668,2174.6
17.883333,1847.4
18.483335,2051.7
17.875002,1936.1998
17.85,1566.2999
18.133333,2233.5
19.075,2238.0002
18.325,1898.3002
18.45,1915.1
18.766668,2232.9001
18.775002,1268.1998
18.516666,1596.3
18.325,1891.7999
18.766666,2126.1
18.283335,1437.3003
17.816668,2174.6
17.883333,1847.4
18.483335,2051.7
17.875002,1936.1998
17.85,1566.2999
18.133333,2233.5
19.075,2238.0002
18.325,1898.3002
18.45,1915.1
18.766668,2232.9001
18.775002,1268.1998
18.516666,1596.3
18.325,1891.7999
18.766666,2126.1
18.283335,1437.3003
17.816668,2174.6
17.883333,1847.4
18.483335,2051.7
17.875002,1936.1998
17.85,1566.2999
18.133333,2233.5
19.075,2238.0002
18.325,1898.3002
18.45,1915.1
18.766668,2232.9001
18.775002,1268.1998
18.516666,1596.3
18.325,1891.7999
18.766666,2126.1
18.283335,1437.3003
17.816668,2174.6
17.883333,1847.4
18.483335,2051.7
17.875002,1936.1998
17.85,1566.2999
18.133333,2233.5
19.075,2238.0002
18.325,1898.3002
18.45,1915.1
18.766668,2232.9001
18.775002,1268.1998
18.516666,1596.3
18.325,1891.7999
18.766666,2126.1
18.283335,1437.3003
17.816668,2174.6
17.883333,1847.4
18.483335,2051.7
17.875002,1936.1998
17.85,1566.2999
18.133333,2233.5
19.075,2238.0002
18.325,1898.3002
18.45,1915.1
18.766668,2232.9001
18.775002,1268.1998
18.516666,1596.3
18.325,1891.7999
18.766666,2126.1
18.283335,1437.3003
17.816668,2174.6
17.883333,1847.4
18.483335,2051.7
17.875002,1936.1998
17.85,1566.2999
18.133333,2233.5
19.075,2238.0002
18.325,1898.3002
18.45,1915.1
18.766668,2232.9001
18.775002,1268.1998
18.516666,1596.3
18.325,1891.7999
18.766666,2126.1
18.283335,1437.3003
17.816668,2174.6
17.883333,1847.4
18.483335,2051.7
17.875002,1936.1998
17.85,1566.2999
18.133333,2233.5
19.075,2238.0002
18.325,1898.3002
18.45,1915.1
18.766668,2232.9001
18.775002,1268.1998
18.516666,1596.3
18.325,1891.7999
18.766666,2126.1
18.241669,1378.2999
18.308332,1107.7999
17.691668,1397.0
17.858332,1211.7
17.550001,1680.6001
17.391666,890.9
17.158333,1722.3999
17.941666,1245.9
17.391666,1418.8998
17.800001,1595.7999
17.84167,1500.5001
17.775,1359.6001
18.241669,1378.2999
18.308332,1107.7999
17.691668,1397.0
17.858332,1211.7
17.550001,1680.6001
17.391666,890.9
17.158333,1722.3999
17.941666,1245.9
17.391666,1418.8998
17.800001,1595.7999
17.84167,1500.5001
17.775,1359.6001
18.241669,1378.2999
18.308332,1107.7999
17.691668,1397.0
17.858332,1211.7
17.550001,1680.6001
17.391666,890.9
17.158333,1722.3999
17.941666,1245.9
17.391666,1418.8998
17.800001,1595.7999
17.84167,1500.5001
17.775,1359.6001
18.241669,1378.2999
18.308332,1107.7999
17.691668,1397.0
17.858332,1211.7
17.550001,1680.6001
17.391666,890.9
17.158333,1722.3999
17.941666,1245.9
17.391666,1418.8998
17.800001,1595.7999
17.84167,1500.5001
17.775,1359.6001
17.583334,1467.1
18.241669,1378.2999
18.308332,1107.7999
17.691668,1397.0
17.858332,1211.7
17.550001,1680.6001
17.391666,890.9
17.158333,1722.3999
17.941666,1245.9
17.391666,1418.8998
17.800001,1595.7999
17.84167,1500.5001
17.775,1359.6001
17.583334,1467.1
18.241669,1378.2999
18.308332,1107.7999
17.691668,1397.0
17.858332,1211.7
17.550001,1680.6001
17.391666,890.9
17.158333,1722.3999
17.941666,1245.9
17.391666,1418.8998
17.800001,1595.7999
17.84167,1500.5001
17.775,1359.6001
17.583334,1467.1
18.241669,1378.2999
18.308332,1107.7999
17.691668,1397.0
17.858332,1211.7
17.550001,1680.6001
17.391666,890.9
17.158333,1722.3999
17.941666,1245.9
17.391666,1418.8998
17.800001,1595.7999
17.84167,1500.5001
17.775,1359.6001
17.583334,1467.1
18.241669,1378.2999
18.308332,1107.7999
17.691668,1397.0
17.858332,1211.7
17.550001,1680.6001
17.391666,890.9
17.158333,1722.3999
17.941666,1245.9
17.391666,1418.8998
17.800001,1595.7999
17.84167,1500.5001
17.775,1359.6001
18.175001,1539.9999
17.408335,1449.2
17.708334,1241.7999
17.883333,1836.6001
17.508333,1160.7001
18.033333,1364.1001
17.633337,1295.2
18.316668,1411.7001
18.383333,1071.6001
17.758335,1315.7999
17.933332,1179.5
17.633333,1592.9
17.466665,887.50006
17.216665,1653.1
18.008333,1171.4
17.591665,1368.2999
17.633333,1476.1
18.175001,1539.9999
17.408335,1449.2
17.708334,1241.7999
17.883333,1836.6001
17.508333,1160.7001
18.033333,1364.1001
17.633337,1295.2
18.316668,1411.7001
18.383333,1071.6001
17.758335,1315.7999
17.933332,1179.5
17.633333,1592.9
17.466665,887.50006
17.216665,1653.1
18.008333,1171.4
17.591665,1368.2999
17.633333,1476.1
18.175001,1539.9999
17.408335,1449.2
17.708334,1241.7999
17.883333,1836.6001
17.508333,1160.7001
18.033333,1364.1001
17.633337,1295.2
18.316668,1411.7001
18.383333,1071.6001
17.758335,1315.7999
17.933332,1179.5
17.633333,1592.9
17.466665,887.50006
17.216665,1653.1
18.008333,1171.4
17.591665,1368.2999
17.633333,1476.1
18.175001,1539.9999
17.408335,1449.2
17.708334,1241.7999
17.883333,1836.6001
17.508333,1160.7001
18.033333,1364.1001
17.633337,1295.2
18.316668,1411.7001
18.383333,1071.6001
17.758335,1315.7999
17.933332,1179.5
17.633333,1592.9
17.466665,887.50006
17.216665,1653.1
18.008333,1171.4
17.591665,1368.2999
17.633333,1476.1
18.175001,1539.9999
17.408335,1449.2
17.708334,1241.7999
17.883333,1836.6001
17.508333,1160.7001
18.033333,1364.1001
17.633337,1295.2
18.316668,1411.7001
18.383333,1071.6001
17.758335,1315.7999
17.933332,1179.5
17.633333,1592.9
17.466665,887.50006
17.216665,1653.1
18.008333,1171.4
17.591665,1368.2999
17.633333,1476.1
18.175001,1539.9999
17.408335,1449.2
17.708334,1241.7999
17.883333,1836.6001
17.508333,1160.7001
18.033333,1364.1001
17.633337,1295.2
18.316668,1411.7001
18.383333,1071.6001
17.758335,1315.7999
17.933332,1179.5
17.633333,1592.9
17.466665,887.50006
17.216665,1653.1
18.008333,1171.4
17.591665,1368.2999
17.633333,1476.1
17.236113,1246.0
17.236113,1246.0
17.580557,1382.9335
17.82778,1466.0332
16.594446,1552.9335
17.866667,1523.7334
17.866667,1523.7334
17.866667,1523.7334
17.866667,1523.7334
17.866667,1523.7334
17.866667,1523.7334
17.830557,1558.1333
17.830557,1558.1333
17.830557,1558.1333
17.830557,1558.1333
17.830557,1558.1333
17.830557,1558.1333
17.655556,1308.1
17.655556,1308.1
17.655556,1308.1
17.655556,1308.1
17.655556,1308.1
17.655556,1308.1
18.016666,1328.65
18.016666,1328.65
16.125,1039.65
16.125,1039.65
16.125,1039.65
16.125,1039.65
16.125,1039.65
16.125,1039.65
18.663635,1709.2878
18.663635,1709.2878
18.663635,1709.2878
18.663635,1709.2878
18.663635,1709.2878
18.663635,1709.2878
18.663635,1709.2878
18.663635,1709.2878
18.663635,1709.2878
18.663635,1709.2878
18.663635,1709.2878
18.663635,1709.2878
18.596476,1718.3423
18.596476,1718.3423
18.596476,1718.3423
18.596476,1718.3423
18.596476,1718.3423
18.596476,1718.3423
18.596476,1718.3423
18.596476,1718.3423
18.596476,1718.3423
18.596476,1718.3423
18.596476,1718.3423
18.596476,1718.3423
18.596476,1718.3423
18.596476,1718.3423
18.596476,1718.3423
18.596476,1718.3423
18.596476,1718.3423
18.50978,1679.1868
18.50978,1679.1868
18.50978,1679.1868
18.50978,1679.1868
18.50978,1679.1868
18.50978,1679.1868
18.50978,1679.1868
18.50978,1679.1868
18.50978,1679.1868
18.50978,1679.1868
18.099333,1385.896
18.099333,1385.896
18.099333,1385.896
18.099333,1385.896
18.099333,1385.896
18.099333,1385.896
18.099333,1385.896
18.099333,1385.896
18.099333,1385.896
18.099333,1385.896
18.099333,1385.896
18.099333,1385.896
17.649998,1262.9999
17.649998,1262.9999
17.649998,1262.9999
17.649998,1262.9999
17.649998,1262.9999
17.649998,1262.9999
17.649998,1262.9999
17.649998,1262.9999
17.649998,1262.9999
17.649998,1262.9999
17.649998,1262.9999
17.649998,1262.9999
17.649998,1262.9999
17.649998,1262.9999
17.649998,1262.9999
17.649998,1262.9999
17.649998,1262.9999
17.45,1212.3
17.45,1212.3
17.45,1212.3
17.45,1212.3
17.45,1212.3
17.45,1212.3
17.45,1212.3
17.45,1212.3
17.45,1212.3
17.45,1212.3
17.45,1212.3
17.45,1212.3
17.45,1212.3
17.45,1212.3
17.45,1212.3
17.45,1212.3
17.45,1212.3
16.033333,1700.7
16.033333,1700.7
16.033333,1700.7
16.033333,1700.7
18.725,2012.7
18.725,2012.7
18.725,2012.7
18.725,2012.7
18.725,2012.7
18.725,2012.7
19.008335,1647.2
19.008335,1647.2
19.325,1126.6001
19.325,1126.6001
19.325,1126.6001
15.787498,960.10004
15.787498,960.10004
15.787498,960.10004
15.787498,960.10004
15.787498,960.10004
15.787498,960.10004
17.566668,1748.9
17.566668,1748.9
17.933332,1832.4001
17.933332,1832.4001
24.366667,2348.4
24.366667,2348.4
24.366667,2348.4
17.875002,1385.8
17.875002,1385.8
17.875002,1385.8
17.875002,1385.8
17.875002,1385.8
17.875002,1385.8
17.875002,1385.8
17.875002,1385.8
17.4875,1582.5
17.4875,1582.5
17.4875,1582.5
17.4875,1582.5
17.4875,1582.5
17.4875,1582.5
9.229167,555.00006
9.229167,555.00006
9.229167,555.00006
9.229167,555.00006
9.229167,555.00006
9.229167,555.00006
9.229167,555.00006
9.229167,555.00006
9.229167,555.00006
9.229167,555.00006
9.229167,555.00006
9.229167,555.00006
9.229167,555.00006
9.229167,555.00006
16.325,1129.5
16.325,1129.5
16.325,1129.5
16.325,1129.5
16.325,1129.5
16.325,1129.5
16.325,1129.5
16.325,1129.5
16.325,1129.5
16.325,1129.5
16.325,1129.5
16.325,1129.5
16.325,1129.5
16.325,1129.5
16.325,1129.5
16.325,1129.5
16.325,1129.5
16.325,1129.5
16.325,1129.5
16.325,1129.5
16.325,1129.5
16.325,1129.5
16.325,1129.5
16.325,1129.5
16.325,1129.5
16.325,1129.5
16.325,1129.5
16.325,1129.5
16.325,1129.5
16.325,1129.5
20.162498,1660.2
20.162498,1660.2
20.162498,1660.2
20.162498,1660.2
20.162498,1660.2
20.162498,1660.2
20.162498,1660.2
20.162498,1660.2
20.162498,1660.2
20.162498,1660.2
20.162498,1660.2
20.162498,1660.2
20.162498,1660.2
20.162498,1660.2
20.162498,1660.2
20.162498,1660.2
20.162498,1660.2
20.162498,1660.2
20.162498,1660.2
20.162498,1660.2
20.162498,1660.2
20.162498,1660.2
20.162498,1660.2
20.162498,1660.2
20.162498,1660.2
20.162498,1660.2
20.162498,1660.2
20.162498,1660.2
20.162498,1660.2
20.162498,1660.2
20.162498,1660.2
20.162498,1660.2
20.162498,1660.2
20.162498,1660.2
20.162498,1660.2
20.162498,1660.2
20.162498,1660.2
20.162498,1660.2
20.162498,1660.2
20.162498,1660.2
20.162498,1660.2
20.162498,1660.2
21.4375,1481.3999
21.4375,1481.3999
21.4375,1481.3999
21.4375,1481.3999
21.4375,1481.3999
21.4375,1481.3999
21.4375,1481.3999
21.4375,1481.3999
21.4375,1481.3999
21.4375,1481.3999
21.4375,1481.3999
21.4375,1481.3999
21.4375,1481.3999
21.4375,1481.3999
21.4375,1481.3999
21.4375,1481.3999
21.4375,1481.3999
21.4375,1481.3999
21.4375,1481.3999
21.4375,1481.3999
21.4375,1481.3999
21.4375,1481.3999
21.4375,1481.3999
21.4375,1481.3999
21.4375,1481.3999
21.4375,1481.3999
21.4375,1481.3999
21.4375,1481.3999
21.4375,1481.3999
21.4375,1481.3999
21.4375,1481.3999
21.4375,1481.3999
21.4375,1481.3999
21.4375,1481.3999
21.4375,1481.3999
21.4375,1481.3999
21.4375,1481.3999
21.4375,1481.3999
21.4375,1481.3999
21.4375,1481.3999
21.4375,1481.3999
21.4375,1481.3999
22.900002,2130.6
22.900002,2130.6
16.454168,941.1167
16.454168,941.1167
16.454168,941.1167
16.454168,941.1167
18.8375,1581.9335
18.8375,1581.9335
18.8375,1581.9335
18.8375,1581.9335
16.716667,1251.8501
16.716667,1251.8501
16.716667,1251.8501
16.716667,1251.8501
16.716667,1251.8501
16.716667,1251.8501
16.716667,1251.8501
16.716667,1251.8501
16.716667,1251.8501
16.716667,1251.8501
16.716667,1251.8501
16.716667,1251.8501
16.716667,1251.8501
16.716667,1251.8501
16.716667,1251.8501
16.716667,1251.8501
16.716667,1251.8501
16.716667,1251.8501
16.716667,1251.8501
16.716667,1251.8501
16.716667,1251.8501
16.716667,1251.8501
16.716667,1251.8501
16.716667,1251.8501
16.716667,1251.8501
16.716667,1251.8501
16.716667,1251.8501
16.716667,1251.8501
16.716667,1251.8501
16.716667,1251.8501
16.716667,1251.8501
16.716667,1251.8501
16.716667,1251.8501
16.716667,1251.8501
16.716667,1251.8501
16.716667,1251.8501
16.716667,1251.8501
16.716667,1251.8501
16.716667,1251.8501
16.716667,1251.8501
16.716667,1251.8501
16.716667,1251.8501
16.716667,1251.8501
16.716667,1251.8501
16.716667,1251.8501
16.716667,1251.8501
16.716667,1251.8501
16.716667,1251.8501
16.716667,1251.8501
16.716667,1251.8501
16.716667,1251.8501
16.716667,1251.8501
16.716667,1251.8501
16.716667,1251.8501
16.716667,1251.8501
16.716667,1251.8501
16.716667,1251.8501
17.675001,1033.4501
17.675001,1033.4501
17.675001,1033.4501
17.675001,1033.4501
17.675001,1033.4501
17.675001,1033.4501
17.675001,1033.4501
17.675001,1033.4501
17.675001,1033.4501
17.675001,1033.4501
17.675001,1033.4501
17.675001,1033.4501
17.675001,1033.4501
17.675001,1033.4501
17.675001,1033.4501
17.675001,1033.4501
17.675001,1033.4501
17.675001,1033.4501
16.416666,1310.75
17.830557,1903.7334
17.830557,1903.7334
17.830557,1903.7334
17.830557,1903.7334
17.866667,1523.7334
17.866667,1523.7334
17.866667,1523.7334
17.866667,1523.7334
17.866667,1523.7334
15.866667,1136.75
15.866667,1136.75
15.866667,1136.75
15.866667,1136.75
15.866667,1136.75
15.866667,1136.75
14.091667,871.50006
14.091667,871.50006
14.091667,871.50006
16.025002,947.64996
16.025002,947.64996
16.025002,947.64996
16.025002,947.64996
16.025002,947.64996
16.025002,947.64996
23.058334,2140.35
23.058334,2140.35
23.058334,2140.35
23.058334,2140.35
16.166668,984.3667
16.166668,984.3667
16.166668,984.3667
16.166668,984.3667
17.941666,863.7
17.641668,1581.3
18.475,1063.2
18.416668,1258.2001
18.283333,1409.2002
18.608334,1476.2999
18.758333,1383.2001
17.941666,863.7
17.641668,1581.3
18.475,1063.2
18.416668,1258.2001
18.283333,1409.2002
18.608334,1476.2999
18.758333,1383.2001
17.941666,863.7
17.641668,1581.3
18.475,1063.2
18.416668,1258.2001
18.283333,1409.2002
18.608334,1476.2999
18.758333,1383.2001
17.941666,863.7
17.641668,1581.3
18.475,1063.2
18.416668,1258.2001
18.283333,1409.2002
18.608334,1476.2999
18.758333,1383.2001
17.941666,863.7
17.641668,1581.3
18.475,1063.2
18.416668,1258.2001
18.283333,1409.2002
18.608334,1476.2999
18.758333,1383.2001
17.941666,863.7
17.641668,1581.3
18.475,1063.2
18.416668,1258.2001
18.283333,1409.2002
18.608334,1476.2999
18.758333,1383.2001
17.941666,863.7
17.641668,1581.3
18.475,1063.2
18.416668,1258.2001
18.283333,1409.2002
18.608334,1476.2999
18.758333,1383.2001
17.941666,863.7
17.641668,1581.3
18.475,1063.2
18.416668,1258.2001
18.283333,1409.2002
18.608334,1476.2999
18.758333,1383.2001
17.941666,863.7
17.641668,1581.3
18.475,1063.2
18.416668,1258.2001
18.283333,1409.2002
18.608334,1476.2999
18.758333,1383.2001
17.941666,863.7
17.641668,1581.3
18.475,1063.2
18.416668,1258.2001
18.283333,1409.2002
18.608334,1476.2999
18.758333,1383.2001
18.658333,1360.7
18.658333,1360.7
17.5,1771.8
17.5,1771.8
17.5,1771.8
17.5,1771.8
17.5,1771.8
17.5,1771.8
17.5,1771.8
17.5,1771.8
18.333332,1276.6
18.333332,1276.6
18.333332,1276.6
18.333332,1276.6
18.333332,1276.6
18.333332,1276.6
18.333332,1276.6
18.333332,1276.6
18.166666,1404.7001
18.166666,1404.7001
18.166666,1404.7001
18.166666,1404.7001
18.166666,1404.7001
18.166666,1404.7001
18.166666,1404.7001
18.166666,1404.7001
16.925,1052.6001
8.620834,658.55
8.620834,658.55
8.620834,658.55
8.620834,658.55
17.758333,1271.5999
17.758333,1271.5999
17.758333,1271.5999
17.758333,1271.5999
17.758333,1271.5999
17.758333,1271.5999
17.566666,1486.2
17.566666,1486.2
17.566666,1486.2
17.566666,1486.2
17.566666,1486.2
17.566666,1486.2
13.366666,811.69995
13.366666,811.69995
13.366666,811.69995
13.366666,811.69995
13.366666,811.69995
13.366666,811.69995
13.366666,811.69995
13.366666,811.69995
13.366666,811.69995
14.116668,869.5
14.116668,869.5
14.116668,869.5
14.116668,869.5
14.116668,869.5
14.116668,869.5
14.116668,869.5
14.116668,869.5
14.116668,869.5
14.425,914.10004
14.425,914.10004
14.425,914.10004
14.425,914.10004
14.425,914.10004
14.425,914.10004
14.425,914.10004
14.425,914.10004
14.425,914.10004
16.633333,999.0
16.633333,999.0
16.633333,999.0
16.633333,999.0
16.35,1187.1
16.35,1187.1
16.199999,1273.3
16.199999,1273.3
17.441668,1131.6001
17.441668,1131.6001
17.958334,1436.2
17.958334,1436.2
17.958334,1436.2
17.958334,1436.2
17.816668,1433.1
17.816668,1433.1
17.816668,1433.1
17.816668,1433.1
17.9,1697.8
17.9,1697.8
17.9,1697.8
17.9,1697.8
17.35,1043.9
17.35,1043.9
17.35,1043.9
17.35,1043.9
17.35,1043.9
17.35,1043.9
17.35,1043.9
17.35,1043.9
17.35,1043.9
17.35,1043.9
17.041666,2060.4001
17.041666,2060.4001
17.041666,2060.4001
17.041666,2060.4001
17.041666,2060.4001
17.041666,2060.4001
17.041666,2060.4001
17.041666,2060.4001
17.041666,2060.4001
17.041666,2060.4001
17.875002,1385.8
17.875002,1385.8
17.875002,1385.8
17.875002,1385.8
17.875002,1385.8
17.875002,1385.8
17.875002,1385.8
17.875002,1385.8
17.875002,1385.8
17.875002,1385.8
17.941666,1245.9
17.941666,1245.9
17.941666,1245.9
17.941666,1245.9
17.941666,1245.9
17.941666,1245.9
17.391666,1418.8998
17.391666,1418.8998
17.391666,1418.8998
17.391666,1418.8998
17.391666,1418.8998
17.391666,1418.8998
17.316668,1026.4
17.316668,1026.4
16.641666,1289.4001
16.641666,1289.4001
17.791668,989.9001
17.791668,989.9001
17.791668,989.9001
17.5,1771.8
17.5,1771.8
17.5,1771.8
16.941668,1240.2001
16.941668,1240.2001
17.758333,1062.3
17.758333,1062.3
19.0,2099.2002
19.0,2099.2002
19.0,2099.2002
19.0,2099.2002
19.0,2099.2002
19.0,2099.2002
19.0,2099.2002
19.0,2099.2002
19.066666,2452.2
19.066666,2452.2
19.066666,2452.2
19.066666,2452.2
19.066666,2452.2
19.066666,2452.2
19.066666,2452.2
19.066666,2452.2
17.091667,968.9001
17.091667,968.9001
17.075,1207.9
17.075,1207.9
17.633335,978.30005
17.633335,978.30005
17.475,1033.0
17.475,1033.0
17.475,1033.0
18.1,750.4
18.1,750.4
18.1,750.4
19.408333,1878.6002
19.408333,1878.6002
16.941668,1225.0001
15.591667,1161.5
15.591667,1161.5
15.591667,1161.5
15.591667,1161.5
15.591667,1161.5
15.591667,1161.5
15.591667,1161.5
15.591667,1161.5
16.141666,998.99994
16.141666,998.99994
16.141666,998.99994
16.141666,998.99994
16.141666,998.99994
16.141666,998.99994
16.141666,998.99994
16.141666,998.99994
17.108334,864.39996
17.108334,864.39996
17.108334,864.39996
17.108334,864.39996
17.108334,864.39996
17.108334,864.39996
19.633333,1775.9
19.633333,1775.9
19.633333,1775.9
19.633333,1775.9
18.1,1835.3
18.1,1835.3
18.716667,2360.7002
18.716667,2360.7002
16.825,1278.6
16.825,1278.6
16.825,1278.6
16.825,1278.6
16.825,1278.6
16.825,1278.6
17.883335,1091.2001
17.808332,1194.9
17.708334,1105.5
3.7583334,686.2
3.7583334,686.2
3.7583334,686.2
3.7583334,686.2
3.7583334,686.2
3.7583334,686.2
3.7583334,686.2
3.7583334,686.2
4.0,631.8
4.0,631.8
4.0,631.8
4.0,631.8
4.0,631.8
4.0,631.8
4.0,631.8
4.0,631.8
17.758333,1062.3
17.758333,1062.3
17.741667,1164.8
17.741667,1164.8
18.891668,1084.2999
18.891668,1084.2999
18.891668,1084.2999
18.708334,1263.2
18.708334,1263.2
18.708334,1263.2
18.391668,1955.7001
18.391668,1955.7001
19.058332,1407.0
19.058332,1407.0
19.058332,1407.0
19.058332,1407.0
19.2,1598.5001
19.2,1598.5001
22.725,1693.4
22.716667,1515.2002
18.216665,1264.6
18.216665,1264.6
18.216665,1264.6
18.216665,1264.6
18.216665,1264.6
18.216665,1264.6
18.216665,1264.6
18.216665,1264.6
18.275002,2390.5
18.275002,2390.5
18.275002,2390.5
18.275002,2390.5
18.275002,2390.5
18.275002,2390.5
18.275002,2390.5
18.275002,2390.5
18.841667,1657.0
18.841667,1657.0
18.841667,1657.0
18.841667,1657.0
18.841667,1657.0
18.841667,1657.0
18.841667,1657.0
18.841667,1657.0
19.0,2099.2002
19.0,2099.2002
19.0,2099.2002
19.0,2099.2002
19.0,2099.2002
19.0,2099.2002
19.0,2099.2002
19.0,2099.2002
17.941666,1245.9
17.941666,1245.9
17.941666,1245.9
17.941666,1245.9
17.941666,1245.9
17.941666,1245.9
17.391666,1418.8998
17.391666,1418.8998
17.391666,1418.8998
17.391666,1418.8998
17.391666,1418.8998
17.391666,1418.8998
16.316668,1240.3999
16.316668,1240.3999
16.316668,1240.3999
16.316668,1240.3999
17.008333,988.3
17.008333,988.3
17.008333,988.3
17.008333,988.3
21.875,1984.8
21.875,1984.8
21.875,1984.8
21.875,1984.8
21.875,1984.8
21.875,1984.8
21.875,1984.8
21.875,1984.8
21.875,1984.8
21.875,1984.8
21.875,1984.8
21.875,1984.8
21.875,1984.8
21.875,1984.8
21.875,1984.8
21.875,1984.8
21.875,1984.8
21.875,1984.8
21.941668,2420.4004
21.941668,2420.4004
21.941668,2420.4004
21.941668,2420.4004
21.941668,2420.4004
21.941668,2420.4004
21.941668,2420.4004
21.941668,2420.4004
21.941668,2420.4004
21.941668,2420.4004
21.941668,2420.4004
21.941668,2420.4004
21.941668,2420.4004
21.941668,2420.4004
21.941668,2420.4004
21.941668,2420.4004
21.941668,2420.4004
21.941668,2420.4004
19.275002,1782.4001
19.275002,1782.4001
19.275002,1782.4001
17.883335,1091.2001
17.808332,1194.9
17.708334,1105.5
17.908333,1325.4
17.916668,1361.4
18.383333,1071.6001
18.383333,1071.6001
18.383333,1071.6001
18.383333,1071.6001
18.383333,1071.6001
18.383333,1071.6001
18.383333,1071.6001
18.383333,1071.6001
18.383333,1071.6001
18.383333,1071.6001
18.383333,1071.6001
18.383333,1071.6001
17.758335,1315.7999
17.758335,1315.7999
17.758335,1315.7999
17.758335,1315.7999
17.758335,1315.7999
17.758335,1315.7999
17.758335,1315.7999
17.758335,1315.7999
17.758335,1315.7999
17.758335,1315.7999
17.758335,1315.7999
17.758335,1315.7999
17.933332,1179.5
17.933332,1179.5
17.933332,1179.5
17.933332,1179.5
17.933332,1179.5
17.933332,1179.5
17.933332,1179.5
17.933332,1179.5
17.933332,1179.5
17.933332,1179.5
17.933332,1179.5
17.933332,1179.5
18.03333,908.80005
18.03333,908.80005
18.03333,908.80005
18.03333,908.80005
17.758333,1062.3
17.758333,1062.3
17.741667,1164.8
17.741667,1164.8
17.625002,1263.0001
17.625002,1263.0001
2.8333333,563.60004
2.8333333,563.60004
2.8333333,563.60004
2.8333333,563.60004
2.8333333,563.60004
2.8333333,563.60004
2.8333333,563.60004
2.8333333,563.60004
22.841667,1866.4
22.841667,1866.4
22.841667,1866.4
22.841667,1866.4
22.841667,1866.4
22.841667,1866.4
22.841667,1866.4
22.841667,1866.4
22.841667,1866.4
22.841667,1866.4
22.841667,1866.4
17.633333,1476.1
17.633333,1476.1
17.633333,1476.1
17.633333,1476.1
17.633333,1476.1
17.633333,1476.1
17.008333,1385.7002
17.008333,1385.7002
17.008333,1385.7002
17.008333,1385.7002
16.691668,1353.3002
16.691668,1353.3002
16.691668,1353.3002
16.691668,1353.3002
16.691668,1353.3002
16.691668,1353.3002
17.333334,1379.7
17.333334,1379.7
17.333334,1379.7
17.333334,1379.7
17.333334,1379.7
17.925,1459.0
17.925,1459.0
17.925,1459.0
17.925,1459.0
17.925,1459.0
17.925,1459.0
17.925,1459.0
17.925,1459.0
13.291667,587.9
13.291667,587.9
13.291667,587.9
18.0,1430.6
18.0,1430.6
18.0,1430.6
18.0,1430.6
18.0,1430.6
18.0,1430.6
18.016668,1351.0
18.016668,1351.0
18.016668,1351.0
18.016668,1351.0
18.016668,1351.0
18.016668,1351.0
17.108334,1025.6
17.216665,1197.6001
17.15,1206.0
10.441667,234.30002
17.591665,1368.2999
17.591665,1368.2999
17.591665,1368.2999
17.591665,1368.2999
22.85,1596.3
22.85,1596.3
22.85,1596.3
22.741669,1536.1
22.741669,1536.1
22.741669,1536.1
22.741669,1536.1
22.741669,1536.1
22.741669,1536.1
22.725,1693.4
22.725,1693.4
22.725,1693.4
13.366666,811.69995
13.366666,811.69995
14.116668,869.5
14.116668,869.5
18.75,1609.7999
18.75,1609.7999
18.75,1609.7999
18.75,1609.7999
18.75,1609.7999
18.75,1609.7999
18.433334,2608.4001
18.433334,2608.4001
18.433334,2608.4001
18.433334,2608.4001
18.433334,2608.4001
18.433334,2608.4001
18.433334,2608.4001
18.433334,2608.4001
11.041667,599.7
11.041667,599.7
11.041667,599.7
11.041667,599.7
10.616668,502.30002
10.616668,502.30002
10.616668,502.30002
10.616668,502.30002
11.525001,348.6
11.525001,348.6
11.525001,348.6
11.525001,348.6
22.85,1596.3
22.85,1596.3
22.85,1596.3
22.85,1596.3
22.85,1596.3
22.85,1596.3
22.741669,1536.1
22.741669,1536.1
22.741669,1536.1
22.741669,1536.1
22.741669,1536.1
22.741669,1536.1
15.841667,789.9
15.841667,789.9
15.841667,789.9
15.841667,789.9
15.841667,789.9
15.841667,789.9
15.841667,789.9
15.841667,789.9
15.841667,789.9
15.841667,789.9
15.841667,789.9
15.841667,789.9
17.949999,1328.9
17.949999,1328.9
17.949999,1328.9
17.949999,1328.9
17.300001,1248.2002
17.300001,1248.2002
17.300001,1248.2002
17.300001,1248.2002
18.116667,1134.1
18.116667,1134.1
18.116667,1134.1
18.116667,1134.1
17.983334,1205.9001
17.983334,1205.9001
17.983334,1205.9001
17.983334,1205.9001
22.716667,1515.2002
22.716667,1515.2002
22.716667,1515.2002
18.75,1609.7999
18.75,1609.7999
18.75,1609.7999
18.75,1609.7999
18.75,1609.7999
18.75,1609.7999
18.433334,2608.4001
18.433334,2608.4001
18.433334,2608.4001
18.433334,2608.4001
18.433334,2608.4001
18.433334,2608.4001
18.216665,1264.6
18.216665,1264.6
18.216665,1264.6
18.216665,1264.6
18.216665,1264.6
18.216665,1264.6
17.216665,1197.6001
17.216665,1197.6001
17.15,1206.0
17.15,1206.0
18.1,1835.3
18.1,1835.3
18.1,1835.3
18.1,1835.3
18.425,1236.7001
18.425,1236.7001
18.425,1236.7001
18.425,1236.7001
18.425,1236.7001
18.425,1236.7001
18.425,1236.7001
18.425,1236.7001
16.966665,945.2999
18.033335,1433.6
17.541666,1072.9
18.241667,1359.7001
18.241667,1359.7001
18.241667,1359.7001
18.241667,1359.7001
18.241667,1359.7001
18.241667,1359.7001
18.241667,1359.7001
18.241667,1359.7001
18.425,1236.7001
18.425,1236.7001
18.425,1236.7001
18.425,1236.7001
18.425,1236.7001
18.425,1236.7001
18.425,1236.7001
18.425,1236.7001
17.758333,1062.3
17.758333,1062.3
17.758333,1062.3
17.758333,1062.3
17.933332,1832.4001
17.933332,1832.4001
17.933332,1832.4001
17.933332,1832.4001
17.933332,1832.4001
17.933332,1832.4001
17.933332,1832.4001
17.933332,1832.4001
17.933332,1832.4001
17.933332,1832.4001
16.291668,1235.1
16.291668,1235.1
17.675001,1846.4001
17.675001,1846.4001
17.675001,1846.4001
17.675001,1846.4001
17.191668,1534.7999
17.191668,1534.7999
17.191668,1506.6
17.191668,1506.6
2.6166666,516.89996
2.6166666,516.89996
2.6166666,516.89996
2.6166666,516.89996
25.541664,1676.6
25.541664,1676.6
25.541664,1676.6
25.541664,1676.6
25.541664,1676.6
25.541664,1676.6
25.541664,1676.6
25.541664,1676.6
15.641667,1019.10004
17.300001,1109.1
17.300001,1109.1
17.300001,920.7999
17.300001,920.7999
18.758333,1383.2001
18.758333,1383.2001
18.533335,1412.2998
18.533335,1412.2998
8.620834,658.55
8.620834,658.55
8.620834,658.55
8.620834,658.55
8.620834,658.55
8.620834,658.55
16.633333,999.0
16.633333,999.0
16.35,1187.1
16.35,1187.1
16.199999,1273.3
16.199999,1273.3
16.641666,1289.4001
16.641666,1289.4001
16.641666,1289.4001
16.641666,1289.4001
17.791668,989.9001
17.791668,989.9001
17.5,1771.8
17.5,1771.8
19.408333,1878.6002
19.408333,1878.6002
18.1,1835.3
18.1,1835.3
18.1,1835.3
18.1,1835.3
18.716667,2360.7002
18.716667,2360.7002
18.716667,2360.7002
18.716667,2360.7002
10.441667,234.30002
10.441667,234.30002
10.441667,234.30002
17.191668,1534.7999
17.191668,1534.7999
17.191668,1506.6
17.191668,1506.6
19.275002,1782.4001
19.275002,1782.4001
16.500002,1178.6
16.500002,1178.6
16.324999,1198.5
16.324999,1198.5
16.016666,976.4
16.016666,976.4
18.48889,1865.2832
18.48889,1865.2832
18.48889,1865.2832
18.48889,1865.2832
18.48889,1865.2832
18.48889,1865.2832
19.141668,1423.3
19.141668,1423.3
19.141668,1423.3
19.141668,1423.3
19.141668,1423.3
19.141668,1423.3
18.941668,1781.4
18.941668,1781.4
18.941668,1781.4
18.941668,1781.4
18.941668,1781.4
18.941668,1781.4
18.883333,2082.2
18.883333,2082.2
18.883333,2082.2
18.883333,2082.2
18.883333,2082.2
18.883333,2082.2
18.75,1609.7999
18.75,1609.7999
18.75,1609.7999
18.75,1609.7999
18.75,1609.7999
18.75,1609.7999
18.75,1609.7999
18.75,1609.7999
18.75,1609.7999
18.75,1609.7999
18.433334,2608.4001
18.433334,2608.4001
18.433334,2608.4001
18.433334,2608.4001
18.433334,2608.4001
18.433334,2608.4001
18.433334,2608.4001
18.433334,2608.4001
18.433334,2608.4001
18.433334,2608.4001
18.216665,1264.6
18.216665,1264.6
18.216665,1264.6
18.216665,1264.6
18.216665,1264.6
18.216665,1264.6
18.275002,2390.5
18.275002,2390.5
18.275002,2390.5
18.275002,2390.5
18.275002,2390.5
18.275002,2390.5
18.275002,2390.5
18.275002,2390.5
18.275002,2390.5
18.275002,2390.5
18.841667,1657.0
18.841667,1657.0
18.841667,1657.0
18.841667,1657.0
18.841667,1657.0
18.841667,1657.0
18.841667,1657.0
18.841667,1657.0
18.841667,1657.0
18.841667,1657.0
19.0,2099.2002
19.0,2099.2002
19.0,2099.2002
19.0,2099.2002
19.0,2099.2002
19.0,2099.2002
19.0,2099.2002
19.0,2099.2002
19.0,2099.2002
19.0,2099.2002
18.025,1209.7
18.025,1209.7
18.025,1209.7
18.025,1209.7
18.025,1209.7
18.025,1209.7
18.025,1209.7
18.016666,1321.3
18.016666,1321.3
18.016666,1321.3
18.016666,1321.3
18.016666,1321.3
18.016666,1321.3
18.016666,1321.3
9.008333,469.0
9.008333,469.0
14.425,914.10004
14.425,914.10004
18.1,1295.6998
18.1,1295.6998
22.991667,1926.2
22.991667,1926.2
22.991667,1926.2
22.991667,1926.2
22.991667,1926.2
22.991667,1926.2
22.991667,1926.2
22.991667,1926.2
23.441666,2103.0999
23.441666,2103.0999
23.441666,2103.0999
23.441666,2103.0999
23.441666,2103.0999
23.441666,2103.0999
23.441666,2103.0999
23.441666,2103.0999
23.5,1782.0001
23.5,1782.0001
23.5,1782.0001
18.1,1629.0
18.1,1629.0
18.099998,1661.0001
18.099998,1661.0001
18.033335,1433.6
17.883335,1400.7999
10.491667,579.80005
10.491667,579.80005
10.491667,579.80005
10.491667,579.80005
10.291667,688.3
10.291667,688.3
19.691668,1509.7
19.691668,1509.7
19.691668,1509.7
19.691668,1509.7
19.691668,1509.7
19.691668,1509.7
8.558333,669.35004
8.558333,669.35004
8.558333,669.35004
8.558333,669.35004
19.35,1786.3
19.35,1786.3
19.35,1786.3
19.35,1786.3
19.35,1786.3
19.35,1786.3
19.35,1786.3
19.35,1786.3
18.891666,2133.5002
18.891666,2133.5002
18.891666,2133.5002
18.891666,2133.5002
18.891666,2133.5002
18.891666,2133.5002
18.891666,2133.5002
18.891666,2133.5002
18.891666,2133.5002
18.891666,2133.5002
18.891666,2133.5002
18.891666,2133.5002
19.291666,1948.5001
19.291666,1948.5001
19.291666,1948.5001
19.291666,1948.5001
19.291666,1948.5001
19.291666,1948.5001
19.291666,1948.5001
19.291666,1948.5001
19.291666,1948.5001
19.291666,1948.5001
19.291666,1948.5001
19.291666,1948.5001
18.066668,1034.6
18.066668,1034.6
17.391668,929.8
17.391668,929.8
17.391668,929.8
17.391668,929.8
17.166666,1306.6
17.166666,1306.6
17.166666,1306.6
17.166666,1306.6
17.724998,1231.4
17.724998,1231.4
17.883333,1171.3
17.883333,1171.3
18.1,1295.6998
18.1,1295.6998
18.1,1295.6998
18.1,1295.6998
18.1,1295.6998
18.1,1295.6998
18.1,1295.6998
18.025,1209.7
18.025,1209.7
18.025,1209.7
18.025,1209.7
18.025,1209.7
18.025,1209.7
18.025,1209.7
14.441667,864.60004
14.441667,864.60004
14.441667,864.60004
14.441667,864.60004
14.441667,864.60004
14.441667,864.60004
5.0333333,726.2
5.0333333,726.2
5.0333333,726.2
5.0333333,726.2
5.0333333,726.2
5.0333333,726.2
5.0333333,726.2
5.0333333,726.2
5.0333333,726.2
5.0333333,726.2
5.0333333,726.2
5.0333333,726.2
5.0333333,726.2
5.0333333,726.2
5.0333333,726.2
5.0333333,726.2
5.0333333,726.2
5.0333333,726.2
17.783335,1247.2999
17.783335,1247.2999
17.783335,1247.2999
17.783335,1247.2999
17.783335,1247.2999
17.783335,1247.2999
17.783335,1247.2999
17.783335,1247.2999
17.800001,1652.9003
17.800001,1652.9003
17.800001,1652.9003
17.800001,1652.9003
17.800001,1652.9003
17.800001,1652.9003
17.800001,1652.9003
17.800001,1652.9003
19.633333,1807.3999
19.633333,1807.3999
19.633333,1807.3999
19.633333,1807.3999
19.633333,1807.3999
19.633333,1807.3999
19.633333,1807.3999
19.633333,1807.3999
17.050001,1361.5
17.050001,1361.5
17.050001,1361.5
17.058334,1563.7001
17.058334,1563.7001
17.058334,1563.7001
17.241667,1733.3
17.241667,1733.3
17.241667,1733.3
17.241667,1733.3
17.341665,1466.6
17.341665,1466.6
17.341665,1466.6
17.341665,1466.6
17.191668,1386.0
17.191668,1386.0
17.191668,1386.0
17.191668,1386.0
17.308332,1359.7999
17.308332,1359.7999
17.308332,1359.7999
17.308332,1359.7999
17.308334,1750.4
17.308334,1750.4
17.308334,1750.4
17.308334,1750.4
15.375,1099.2001
15.858333,1126.8999
16.016666,1154.7
15.375,1099.2001
15.858333,1126.8999
16.016666,1154.7
17.433334,1081.6
17.433334,1081.6
17.300001,1109.1
17.300001,1109.1
17.300001,920.7999
17.300001,920.7999
17.433334,1081.6
17.433334,1081.6
17.541666,1315.7
17.541666,1315.7
16.783335,1343.1
16.783335,1343.1
17.074999,1280.3002
17.074999,1280.3002
16.6,1603.5001
16.6,1603.5001
17.541666,1592.2
17.541666,1592.2
17.375,1444.1998
17.375,1444.1998
16.866667,1303.5
16.866667,1303.5
17.4,1483.2999
17.4,1483.2999
18.175001,1539.9999
18.175001,1539.9999
17.408335,1449.2
17.408335,1449.2
17.708334,1241.7999
17.708334,1241.7999
17.883333,1836.6001
17.883333,1836.6001
17.508333,1160.7001
17.508333,1160.7001
18.033333,1364.1001
18.033333,1364.1001
17.633337,1295.2
17.633337,1295.2
18.316668,1411.7001
18.316668,1411.7001
18.383333,1071.6001
18.383333,1071.6001
17.758335,1315.7999
17.758335,1315.7999
17.933332,1179.5
17.933332,1179.5
17.633333,1592.9
17.633333,1592.9
17.466665,887.50006
17.466665,887.50006
17.216665,1653.1
17.216665,1653.1
18.008333,1171.4
18.008333,1171.4
17.591665,1368.2999
17.591665,1368.2999
17.541666,1315.7
17.541666,1315.7
16.783335,1343.1
16.783335,1343.1
17.074999,1280.3002
17.074999,1280.3002
16.6,1603.5001
16.6,1603.5001
17.541666,1592.2
17.541666,1592.2
17.375,1444.1998
17.375,1444.1998
16.866667,1303.5
16.866667,1303.5
17.4,1483.2999
17.4,1483.2999
18.175001,1539.9999
18.175001,1539.9999
17.408335,1449.2
17.408335,1449.2
17.708334,1241.7999
17.708334,1241.7999
17.883333,1836.6001
17.883333,1836.6001
17.508333,1160.7001
17.508333,1160.7001
18.033333,1364.1001
18.033333,1364.1001
17.633337,1295.2
17.633337,1295.2
18.316668,1411.7001
18.316668,1411.7001
18.383333,1071.6001
18.383333,1071.6001
17.758335,1315.7999
17.758335,1315.7999
17.933332,1179.5
17.933332,1179.5
17.633333,1592.9
17.633333,1592.9
17.541666,1315.7
17.541666,1315.7
16.783335,1343.1
16.783335,1343.1
17.074999,1280.3002
17.074999,1280.3002
16.6,1603.5001
16.6,1603.5001
17.541666,1592.2
17.541666,1592.2
17.375,1444.1998
17.375,1444.1998
16.866667,1303.5
16.866667,1303.5
17.4,1483.2999
17.4,1483.2999
18.175001,1539.9999
18.175001,1539.9999
17.408335,1449.2
17.408335,1449.2
17.708334,1241.7999
17.708334,1241.7999
17.883333,1836.6001
17.883333,1836.6001
17.508333,1160.7001
17.508333,1160.7001
18.033333,1364.1001
18.033333,1364.1001
17.633337,1295.2
17.633337,1295.2
18.316668,1411.7001
18.316668,1411.7001
18.383333,1071.6001
18.383333,1071.6001
17.758335,1315.7999
17.758335,1315.7999
17.933332,1179.5
17.933332,1179.5
17.633333,1592.9
17.633333,1592.9
17.541666,1315.7
17.541666,1315.7
16.783335,1343.1
16.783335,1343.1
17.074999,1280.3002
17.074999,1280.3002
16.6,1603.5001
16.6,1603.5001
17.541666,1592.2
17.541666,1592.2
17.375,1444.1998
17.375,1444.1998
16.866667,1303.5
16.866667,1303.5
17.4,1483.2999
17.4,1483.2999
18.175001,1539.9999
18.175001,1539.9999
17.408335,1449.2
17.408335,1449.2
17.708334,1241.7999
17.708334,1241.7999
17.883333,1836.6001
17.883333,1836.6001
17.508333,1160.7001
17.508333,1160.7001
18.033333,1364.1001
18.033333,1364.1001
17.633337,1295.2
17.633337,1295.2
18.316668,1411.7001
18.316668,1411.7001
18.383333,1071.6001
18.383333,1071.6001
17.758335,1315.7999
17.758335,1315.7999
17.933332,1179.5
17.933332,1179.5
17.633333,1592.9
17.633333,1592.9
19.558332,1464.2999
19.558332,1464.2999
19.558332,1464.2999
19.558332,1464.2999
19.558332,1464.2999
19.558332,1464.2999
18.008333,1389.5001
18.008333,1389.5001
18.008333,1389.5001
12.558333,582.0
12.558333,582.0
12.558333,582.0
12.558333,582.0
12.558333,582.0
12.466667,640.19995
12.466667,640.19995
12.466667,640.19995
12.466667,640.19995
12.466667,640.19995
11.841666,480.0
11.841666,480.0
11.841666,480.0
11.841666,480.0
11.841666,480.0
12.375,494.50003
13.041668,520.50006
12.375,494.50003
13.041668,520.50006
12.375,494.50003
13.041668,520.50006
12.375,494.50003
13.041668,520.50006
12.375,494.50003
13.041668,520.50006
12.966666,472.70004
12.966666,472.70004
12.966666,472.70004
12.966666,472.70004
12.966666,472.70004
12.0666685,523.0
12.0666685,523.0
12.0666685,523.0
12.0666685,523.0
12.0666685,523.0
11.925,749.3001
11.925,749.3001
11.925,749.3001
11.925,749.3001
11.925,749.3001
12.283336,585.6
12.283336,585.6
12.283336,585.6
12.283336,585.6
12.283336,585.6
12.525001,690.89996
12.525001,690.89996
12.525001,690.89996
12.525001,690.89996
12.525001,690.89996
12.816666,696.30005
12.816666,696.30005
12.816666,696.30005
12.816666,696.30005
12.816666,696.30005
13.283333,409.00003
13.283333,409.00003
13.283333,409.00003
13.283333,409.00003
13.283333,409.00003
12.950001,694.3
12.950001,694.3
12.950001,694.3
12.950001,694.3
12.950001,694.3
12.383334,657.39996
12.383334,657.39996
12.383334,657.39996
12.383334,657.39996
12.383334,657.39996
17.608332,1369.7
17.725,1233.0
17.608332,1369.7
17.725,1233.0
17.608332,1369.7
17.725,1233.0
17.608332,1369.7
17.725,1233.0
16.316666,1399.9
16.316666,1399.9
18.916666,1124.5
18.916666,1124.5
18.241667,1359.7001
18.241667,1359.7001
18.425,1236.7001
18.425,1236.7001
18.916666,1124.5
18.916666,1124.5
18.241667,1359.7001
18.241667,1359.7001
18.425,1236.7001
18.425,1236.7001
18.916666,1124.5
18.916666,1124.5
18.241667,1359.7001
18.241667,1359.7001
18.425,1236.7001
18.425,1236.7001
18.425001,1656.7001
18.425001,1656.7001
18.425001,1656.7001
18.425001,1656.7001
18.425001,1656.7001
18.425001,1656.7001
18.425001,1656.7001
18.425001,1656.7001
18.425001,1656.7001
18.425001,1656.7001
18.1,1249.0
18.1,1249.0
18.183332,1109.4
18.183332,1109.4
17.966667,1593.8
17.966667,1593.8
17.733335,862.1001
17.733335,862.1001
17.6,1614.5999
17.6,1614.5999
18.25,1092.4
18.25,1092.4
17.933332,1330.5001
17.933332,1330.5001
17.916668,1443.0
17.916668,1443.0
18.325,1384.3
18.325,1384.3
18.449999,1264.1001
18.449999,1264.1001
18.34167,1271.5
18.34167,1271.5
18.1,1249.0
18.1,1249.0
18.183332,1109.4
18.183332,1109.4
17.966667,1593.8
17.966667,1593.8
17.733335,862.1001
17.733335,862.1001
17.6,1614.5999
17.6,1614.5999
18.25,1092.4
18.25,1092.4
17.933332,1330.5001
17.933332,1330.5001
17.916668,1443.0
17.916668,1443.0
18.325,1384.3
18.325,1384.3
18.449999,1264.1001
18.449999,1264.1001
18.34167,1271.5
18.34167,1271.5
18.1,1249.0
18.1,1249.0
18.183332,1109.4
18.183332,1109.4
17.966667,1593.8
17.966667,1593.8
17.733335,862.1001
17.733335,862.1001
17.6,1614.5999
17.6,1614.5999
18.25,1092.4
18.25,1092.4
17.933332,1330.5001
17.933332,1330.5001
17.916668,1443.0
17.916668,1443.0
18.325,1384.3
18.325,1384.3
18.449999,1264.1001
18.449999,1264.1001
18.34167,1271.5
18.34167,1271.5
18.1,1249.0
18.1,1249.0
18.183332,1109.4
18.183332,1109.4
17.966667,1593.8
17.966667,1593.8
17.733335,862.1001
17.733335,862.1001
17.6,1614.5999
17.6,1614.5999
18.25,1092.4
18.25,1092.4
17.933332,1330.5001
17.933332,1330.5001
17.916668,1443.0
17.916668,1443.0
18.325,1384.3
18.325,1384.3
18.449999,1264.1001
18.449999,1264.1001
18.34167,1271.5
18.34167,1271.5
18.1,1249.0
18.1,1249.0
18.183332,1109.4
18.183332,1109.4
17.966667,1593.8
17.966667,1593.8
17.733335,862.1001
17.733335,862.1001
17.6,1614.5999
17.6,1614.5999
18.25,1092.4
18.25,1092.4
17.933332,1330.5001
17.933332,1330.5001
17.916668,1443.0
17.916668,1443.0
18.325,1384.3
18.325,1384.3
18.449999,1264.1001
18.449999,1264.1001
18.34167,1271.5
18.34167,1271.5
18.1,1249.0
18.1,1249.0
18.183332,1109.4
18.183332,1109.4
17.966667,1593.8
17.966667,1593.8
17.733335,862.1001
17.733335,862.1001
17.6,1614.5999
17.6,1614.5999
18.25,1092.4
18.25,1092.4
17.933332,1330.5001
17.933332,1330.5001
17.916668,1443.0
17.916668,1443.0
18.325,1384.3
18.325,1384.3
18.449999,1264.1001
18.449999,1264.1001
18.34167,1271.5
18.34167,1271.5
18.1,1249.0
18.1,1249.0
18.183332,1109.4
18.183332,1109.4
17.966667,1593.8
17.966667,1593.8
17.733335,862.1001
17.733335,862.1001
17.6,1614.5999
17.6,1614.5999
18.25,1092.4
18.25,1092.4
17.933332,1330.5001
17.933332,1330.5001
17.916668,1443.0
17.916668,1443.0
18.325,1384.3
18.325,1384.3
18.449999,1264.1001
18.449999,1264.1001
18.34167,1271.5
18.34167,1271.5
6.8833337,428.8
6.8833337,428.8
6.8833337,428.8
6.8833337,428.8
6.8833337,428.8
18.941668,1781.4
18.941668,1781.4
18.883333,2082.2
18.883333,2082.2
22.866669,2100.6
22.866669,2100.6
22.800001,1475.7
22.800001,1475.7
22.866669,2100.6
22.866669,2100.6
22.800001,1475.7
22.800001,1475.7
22.866669,2100.6
22.866669,2100.6
22.800001,1475.7
22.800001,1475.7
22.866669,2100.6
22.866669,2100.6
22.800001,1475.7
22.800001,1475.7
22.866669,2100.6
22.866669,2100.6
22.800001,1475.7
22.800001,1475.7
22.866669,2100.6
22.866669,2100.6
22.800001,1475.7
22.800001,1475.7
4.3416667,750.4
4.525,871.7
4.7250004,973.80005
4.3416667,834.4
5.2666664,632.00006
4.3416667,750.4
4.525,871.7
4.7250004,973.80005
4.3416667,834.4
5.2666664,632.00006
4.3416667,750.4
4.525,871.7
4.7250004,973.80005
4.3416667,834.4
5.2666664,632.00006
4.3416667,750.4
4.525,871.7
4.7250004,973.80005
4.3416667,834.4
5.2666664,632.00006
4.3416667,750.4
4.525,871.7
4.7250004,973.80005
4.3416667,834.4
5.2666664,632.00006
4.3416667,750.4
4.525,871.7
4.7250004,973.80005
4.3416667,834.4
5.2666664,632.00006
4.3416667,750.4
4.525,871.7
4.7250004,973.80005
4.3416667,834.4
5.2666664,632.00006
4.3416667,750.4
4.525,871.7
4.7250004,973.80005
4.3416667,834.4
5.2666664,632.00006
22.033333,1481.2999
22.033333,1481.2999
22.391668,1740.7001
22.391668,1740.7001
22.458334,2519.7998
22.458334,2519.7998
22.033333,1481.2999
22.033333,1481.2999
22.391668,1740.7001
22.391668,1740.7001
22.458334,2519.7998
22.458334,2519.7998
22.033333,1481.2999
22.033333,1481.2999
22.391668,1740.7001
22.391668,1740.7001
22.458334,2519.7998
22.458334,2519.7998
22.033333,1481.2999
22.033333,1481.2999
22.391668,1740.7001
22.391668,1740.7001
22.458334,2519.7998
22.458334,2519.7998
17.258333,1294.9
17.175001,1946.7999
17.841667,1367.1
17.258333,1294.9
17.175001,1946.7999
17.841667,1367.1
17.258333,1294.9
17.175001,1946.7999
17.841667,1367.1
17.258333,1294.9
17.175001,1946.7999
17.841667,1367.1
17.258333,1294.9
17.175001,1946.7999
17.841667,1367.1
18.275,1420.8
18.275,1420.8
17.391665,1332.1
17.391665,1332.1
18.275,1420.8
18.275,1420.8
17.391665,1332.1
17.391665,1332.1
18.275,1420.8
18.275,1420.8
17.391665,1332.1
17.391665,1332.1
17.941668,1221.5
17.941668,1221.5
18.191666,1112.0
18.191666,1112.0
17.941668,1221.5
17.941668,1221.5
18.191666,1112.0
18.191666,1112.0
17.941668,1221.5
17.941668,1221.5
18.191666,1112.0
18.191666,1112.0
18.575,1290.9
18.575,1290.9
17.941668,1315.7
17.941668,1315.7
18.575,1290.9
18.575,1290.9
17.941668,1315.7
17.941668,1315.7
18.575,1290.9
18.575,1290.9
17.941668,1315.7
17.941668,1315.7
17.974998,1296.6
17.974998,1296.6
18.458334,1438.6001
18.458334,1438.6001
17.974998,1296.6
17.974998,1296.6
18.458334,1438.6001
18.458334,1438.6001
17.974998,1296.6
17.974998,1296.6
18.458334,1438.6001
18.458334,1438.6001
17.883333,1337.5999
17.883333,1337.5999
17.633331,1391.9001
17.633331,1391.9001
17.449999,1446.3999
17.449999,1446.3999
18.066668,1712.3
18.066668,1712.3
17.883333,1337.5999
17.883333,1337.5999
17.633331,1391.9001
17.633331,1391.9001
17.449999,1446.3999
17.449999,1446.3999
18.066668,1712.3
18.066668,1712.3
17.883333,1337.5999
17.883333,1337.5999
17.633331,1391.9001
17.633331,1391.9001
17.449999,1446.3999
17.449999,1446.3999
18.066668,1712.3
18.066668,1712.3
17.691666,1259.7001
17.691666,1259.7001
17.508333,1310.4999
17.508333,1310.4999
17.691666,1259.7001
17.691666,1259.7001
17.508333,1310.4999
17.508333,1310.4999
17.691666,1259.7001
17.691666,1259.7001
17.508333,1310.4999
17.508333,1310.4999
17.925001,1639.3999
17.925001,1639.3999
18.78333,1402.2
18.78333,1402.2
17.925001,1639.3999
17.925001,1639.3999
18.78333,1402.2
18.78333,1402.2
17.925001,1639.3999
17.925001,1639.3999
18.78333,1402.2
18.78333,1402.2
18.058332,1490.8
18.058332,1490.8
18.058332,1490.8
18.058332,1490.8
18.058332,1490.8
18.058332,1490.8
18.191666,1323.6
18.191666,1323.6
18.441666,1804.9999
18.441666,1804.9999
18.191666,1323.6
18.191666,1323.6
18.441666,1804.9999
18.441666,1804.9999
18.191666,1323.6
18.191666,1323.6
18.441666,1804.9999
18.441666,1804.9999
18.191666,1323.6
18.191666,1323.6
18.441666,1804.9999
18.441666,1804.9999
18.566668,1059.2001
18.566668,1059.2001
18.566668,1059.2001
18.566668,1059.2001
18.566668,1059.2001
18.566668,1059.2001
18.566668,1059.2001
18.566668,1059.2001
18.491667,1268.6002
18.491667,1268.6002
18.491667,1268.6002
18.491667,1268.6002
18.491667,1268.6002
18.491667,1268.6002
18.491667,1268.6002
18.491667,1268.6002
18.108334,1290.2999
18.108334,1290.2999
18.658335,1463.8999
18.658335,1463.8999
18.108334,1290.2999
18.108334,1290.2999
18.658335,1463.8999
18.658335,1463.8999
18.108334,1290.2999
18.108334,1290.2999
18.658335,1463.8999
18.658335,1463.8999
18.108334,1290.2999
18.108334,1290.2999
18.658335,1463.8999
18.658335,1463.8999
18.858332,1101.4
18.858332,1101.4
18.175001,1307.7
18.175001,1307.7
18.858332,1101.4
18.858332,1101.4
18.175001,1307.7
18.175001,1307.7
18.858332,1101.4
18.858332,1101.4
18.175001,1307.7
18.175001,1307.7
18.858332,1101.4
18.858332,1101.4
18.175001,1307.7
18.175001,1307.7
18.71667,1212.8999
18.71667,1212.8999
18.266668,1470.3
18.266668,1470.3
18.71667,1212.8999
18.71667,1212.8999
18.266668,1470.3
18.266668,1470.3
18.71667,1212.8999
18.71667,1212.8999
18.266668,1470.3
18.266668,1470.3
18.71667,1212.8999
18.71667,1212.8999
18.266668,1470.3
18.266668,1470.3
18.008333,974.0
18.008333,974.0
18.008333,974.0
18.008333,974.0
18.008333,974.0
18.008333,974.0
18.008333,974.0
18.008333,974.0
17.875,1497.7
17.875,1497.7
17.875,1497.7
17.875,1497.7
17.875,1497.7
17.875,1497.7
17.875,1497.7
17.875,1497.7
17.224998,1389.7001
17.224998,1389.7001
17.224998,1389.7001
16.8,1171.6
16.8,1171.6
16.8,1171.6
16.8,1171.6
16.8,1171.6
16.8,1171.6
16.8,1171.6
16.8,1171.6
16.8,1171.6
16.8,1171.6
16.641666,1289.4001
16.641666,1289.4001
16.641666,1289.4001
16.316666,1399.9
16.316666,1399.9
16.316666,1399.9
16.316666,1399.9
19.058334,1988.7
19.058334,1988.7
19.058334,1988.7
18.541666,1031.5
18.541666,1031.5
18.541666,1031.5
9.383334,937.80005
9.383334,937.80005
9.383334,937.80005
9.383334,937.80005
18.366667,1599.7001
18.366667,1599.7001
18.366667,1599.7001
18.366667,1599.7001
23.28333,1763.5
23.28333,1763.5
23.28333,1763.5
23.28333,1763.5
18.683332,2041.8
18.683332,2041.8
18.683332,2041.8
18.683332,2041.8
10.066667,789.7
10.066667,789.7
23.291666,1162.0
23.291666,1162.0
23.291666,1162.0
23.291666,1162.0
23.291666,1162.0
23.291666,1162.0
23.291666,1162.0
23.291666,1162.0
22.724998,1234.1
22.724998,1234.1
22.724998,1234.1
22.724998,1234.1
22.724998,1234.1
22.724998,1234.1
22.724998,1234.1
22.724998,1234.1
19.208334,1451.7
19.208334,1451.7
19.84167,1682.6
19.84167,1682.6
19.84167,1682.6
19.84167,1682.6
3.1833332,610.99994
3.1833332,610.99994
3.1833332,610.99994
3.1833332,610.99994
3.1833332,610.99994
2.7999995,679.4001
17.558332,1531.4999
17.558332,1531.4999
17.566668,1748.9
17.566668,1748.9
17.291666,940.2
17.291666,940.2
17.291666,940.2
17.225,1041.2001
17.225,1041.2001
17.225,1041.2001
16.725,1107.2
17.608334,1055.7001
17.508333,1045.9
16.725,1107.2
17.608334,1055.7001
17.508333,1045.9
16.725,1107.2
17.608334,1055.7001
17.508333,1045.9
16.725,1107.2
17.608334,1055.7001
17.508333,1045.9
16.725,1107.2
17.608334,1055.7001
17.508333,1045.9
16.725,1107.2
17.608334,1055.7001
17.508333,1045.9
24.366667,2348.4
17.875002,1385.8
23.333336,2380.3
23.333336,2380.3
20.391668,2313.2002
20.391668,2313.2002
23.333336,2380.3
23.333336,2380.3
20.391668,2313.2002
20.391668,2313.2002
16.199999,1273.3
16.199999,1273.3
16.199999,1273.3
16.575,1064.1001
16.575,1064.1001
16.575,1064.1001
18.608335,1606.4
18.608335,1606.4
18.608335,1606.4
18.608335,1606.4
18.608335,1606.4
18.608335,1606.4
18.691668,1472.6001
18.691668,1472.6001
18.691668,1472.6001
18.691668,1472.6001
18.691668,1472.6001
18.691668,1472.6001
17.575,1344.0
17.575,1344.0
17.575,1344.0
17.575,1344.0
17.575,1344.0
17.575,1344.0
17.508333,1449.0
17.508333,1449.0
17.508333,1449.0
17.508333,1449.0
17.508333,1449.0
17.508333,1449.0
17.725,979.7
17.725,979.7
17.258333,1294.9
17.175001,1946.7999
17.841667,1367.1
17.258333,1294.9
17.175001,1946.7999
17.841667,1367.1
17.808332,1633.7001
17.758335,1834.5002
18.15,1681.5
17.258333,1294.9
17.175001,1946.7999
17.841667,1367.1
17.258333,1294.9
17.175001,1946.7999
17.841667,1367.1
17.808332,1633.7001
17.758335,1834.5002
18.15,1681.5
17.258333,1294.9
17.258333,1294.9
17.258333,1294.9
17.175001,1946.7999
17.175001,1946.7999
17.175001,1946.7999
17.841667,1367.1
17.841667,1367.1
17.841667,1367.1
17.808332,1633.7001
17.808332,1633.7001
17.808332,1633.7001
17.95,1439.0
17.95,1439.0
17.875002,1385.8
17.558332,1531.4999
17.566668,1748.9
17.933332,1832.4001
17.983334,1538.0
17.875002,1385.8
17.558332,1531.4999
17.566668,1748.9
17.933332,1832.4001
17.983334,1538.0
17.875002,1385.8
17.558332,1531.4999
17.566668,1748.9
17.933332,1832.4001
17.983334,1538.0
17.875002,1385.8
17.558332,1531.4999
17.566668,1748.9
17.933332,1832.4001
17.983334,1538.0
17.875002,1385.8
17.875002,1385.8
17.875002,1385.8
17.875002,1385.8
17.875002,1385.8
17.875002,1385.8
17.875002,1385.8
17.875002,1385.8
17.558332,1531.4999
17.558332,1531.4999
17.558332,1531.4999
17.558332,1531.4999
17.558332,1531.4999
17.558332,1531.4999
17.558332,1531.4999
17.558332,1531.4999
17.566668,1748.9
17.566668,1748.9
17.566668,1748.9
17.566668,1748.9
17.566668,1748.9
17.566668,1748.9
17.566668,1748.9
17.566668,1748.9
16.074999,1076.9001
16.074999,1076.9001
16.258333,1301.2
16.258333,1301.2
18.391666,1834.7001
18.391666,1834.7001
18.291666,1705.1
18.291666,1705.1
17.908335,1375.1
17.908335,1375.1
17.908335,1375.1
17.908335,1375.1
17.908335,1375.1
17.908335,1375.1
17.908335,1375.1
17.908335,1375.1
17.908335,1375.1
17.908335,1375.1
17.908335,1375.1
17.908335,1375.1
18.041666,1616.8999
18.041666,1616.8999
18.041666,1616.8999
18.041666,1616.8999
18.041666,1616.8999
18.041666,1616.8999
18.041666,1616.8999
18.041666,1616.8999
18.041666,1616.8999
18.041666,1616.8999
18.041666,1616.8999
18.041666,1616.8999
18.016666,1328.65
17.683334,1365.8999
17.891666,1464.7
17.433332,1816.0999
4.9,538.7
4.016667,599.1
4.7083335,532.7
4.9,538.7
4.016667,599.1
4.7083335,532.7
17.808332,1633.7001
17.758335,1834.5002
18.15,1681.5
18.258335,1460.6
17.808332,1633.7001
17.758335,1834.5002
18.15,1681.5
18.258335,1460.6
17.808332,1633.7001
17.758335,1834.5002
18.15,1681.5
18.258335,1460.6
17.808332,1633.7001
17.758335,1834.5002
18.15,1681.5
18.258335,1460.6
17.975,1211.3
17.975,1211.3
17.975,1211.3
17.975,1211.3
17.55,1461.7001
17.55,1461.7001
17.55,1461.7001
17.55,1461.7001
17.975,1211.3
17.975,1211.3
17.975,1211.3
17.975,1211.3
17.55,1461.7001
17.55,1461.7001
17.55,1461.7001
17.55,1461.7001
4.9,538.7
4.016667,599.1
4.7083335,532.7
6.2833333,354.2
6.2833333,354.2
6.2833333,354.2
16.941668,1240.2001
16.941668,1240.2001
17.758333,1062.3
17.758333,1062.3
16.825,1278.6
16.825,1278.6
17.758333,1062.3
17.758333,1062.3
17.741667,1164.8
17.741667,1164.8
17.625002,1263.0001
17.625002,1263.0001
17.758333,1062.3
17.758333,1062.3
17.741667,1164.8
17.741667,1164.8
17.625002,1263.0001
17.625002,1263.0001
22.716667,1515.2002
15.799999,1021.5
15.799999,1021.5
15.799999,1021.5
16.45,1057.8
16.45,1057.8
16.45,1057.8
16.625002,1069.6001
16.625002,1069.6001
16.625002,1069.6001
15.933334,1134.9
15.933334,1134.9
15.791665,1158.0
15.791665,1158.0
14.258332,1078.0
14.316667,885.6001
13.866668,857.4
15.449998,997.4001
15.449998,997.4001
15.449998,997.4001
15.449998,997.4001
16.125,922.8
16.125,922.8
16.125,922.8
16.125,922.8
17.391668,929.8
17.391668,929.8
17.391668,929.8
17.391668,929.8
16.425001,718.39996
16.425001,718.39996
16.425001,718.39996
16.425001,718.39996
17.216667,895.60004
17.216667,895.60004
17.216667,895.60004
17.216667,895.60004
17.166666,1306.6
17.166666,1306.6
17.166666,1306.6
17.166666,1306.6
16.191666,924.9
16.191666,924.9
16.191666,924.9
16.191666,924.9
16.941668,1240.2001
16.941668,1240.2001
16.941668,1240.2001
16.941668,1240.2001
15.808334,1221.5001
15.808334,1221.5001
15.808334,1221.5001
17.183332,1278.8
17.183332,1278.8
17.183332,1278.8
17.183332,1278.8
16.491667,1952.4
16.491667,1952.4
16.491667,1952.4
16.491667,1952.4
17.225,1432.6
17.225,1432.6
17.225,1432.6
17.225,1432.6
16.883333,1657.3
16.883333,1657.3
16.883333,1657.3
16.883333,1657.3
16.783335,1955.2001
16.783335,1955.2001
16.783335,1955.2001
16.783335,1955.2001
17.199999,1916.5001
17.199999,1916.5001
17.199999,1916.5001
17.199999,1916.5001
17.341667,1619.0001
17.341667,1619.0001
17.341667,1619.0001
17.341667,1619.0001
16.258333,1166.5
16.258333,1166.5
16.258333,1166.5
16.258333,1166.5
16.258333,1166.5
16.258333,1166.5
16.258333,1166.5
16.258333,1166.5
16.258333,1166.5
16.258333,1166.5
16.258333,1166.5
16.258333,1166.5
16.258333,1100.2999
16.258333,1100.2999
16.258333,1100.2999
16.258333,1100.2999
16.258333,1100.2999
16.258333,1100.2999
16.258333,1100.2999
16.258333,1100.2999
16.258333,1100.2999
16.258333,1100.2999
16.258333,1100.2999
16.258333,1100.2999
16.508333,1255.9
16.508333,1255.9
16.508333,1255.9
16.508333,1255.9
18.65,1390.5
18.65,1390.5
18.65,1390.5
17.975,1211.3
17.975,1211.3
17.975,1211.3
17.975,1211.3
19.15,1433.2999
19.15,1433.2999
19.15,1433.2999
19.15,1433.2999
17.55,1461.7001
17.55,1461.7001
17.55,1461.7001
17.55,1461.7001
18.716667,2360.7002
18.716667,2360.7002
18.716667,2360.7002
18.716667,2360.7002
16.391666,1165.8
16.391666,1165.8
16.391666,1165.8
16.391666,1165.8
16.391666,1165.8
16.883333,1030.2
16.883333,1030.2
16.883333,1030.2
16.883333,1030.2
16.883333,1030.2
16.883333,1030.2
16.558334,853.89996
16.558334,853.89996
16.558334,853.89996
16.558334,853.89996
16.558334,853.89996
16.558334,853.89996
16.508333,999.80005
16.508333,999.80005
16.508333,999.80005
16.508333,999.80005
16.508333,999.80005
16.508333,999.80005
17.025,957.2
17.025,957.2
17.025,957.2
17.025,957.2
17.025,957.2
17.025,957.2
16.675001,1015.5
16.675001,1015.5
16.675001,1015.5
16.675001,1015.5
16.675001,1015.5
16.675001,1015.5
16.883333,982.30005
16.883333,982.30005
16.883333,982.30005
16.883333,982.30005
16.883333,982.30005
16.883333,982.30005
17.509998,1410.7001
17.509998,1410.7001
17.509998,1410.7001
18.09167,1278.8002
18.09167,1278.8002
18.09167,1278.8002
18.016666,1095.3
18.016666,1095.3
18.016666,1095.3
19.058332,1407.0
19.183332,1617.0
19.5,1755.5001
19.533333,1720.9
19.425001,1499.8002
19.383333,1564.7001
19.666666,1628.0
19.058332,1407.0
19.183332,1617.0
19.5,1755.5001
19.533333,1720.9
19.425001,1499.8002
19.383333,1564.7001
19.666666,1628.0
17.125,807.6
17.125,807.6
17.125,807.6
17.125,807.6
17.125,807.6
17.125,807.6
17.074999,723.50006
17.074999,723.50006
17.074999,723.50006
17.074999,723.50006
17.074999,723.50006
17.074999,723.50006
15.491668,811.3001
15.491668,811.3001
15.491668,811.3001
15.491668,811.3001
15.833332,1104.5001
15.833332,1104.5001
15.833332,1104.5001
15.833332,1104.5001
15.383332,1037.1
15.383332,1037.1
15.383332,1037.1
15.383332,1037.1
15.383332,1037.1
15.383332,1037.1
15.108335,1084.8
15.108335,1084.8
15.108335,1084.8
19.199999,1630.9
19.199999,1630.9
15.108335,1084.8
17.925001,1623.2001
17.841665,1535.3999
17.891665,1678.2002
17.925001,1623.2001
17.841665,1535.3999
17.891665,1678.2002
17.925001,1540.8
17.925001,1540.8
17.925001,1540.8
17.925001,1540.8
17.925001,1540.8
17.925,1011.3001
17.925,1011.3001
17.925,1011.3001
16.675,1284.8
16.675,1284.8
16.675,1284.8
16.675,1284.8
16.675,1284.8
17.058332,1486.9001
17.058332,1486.9001
17.058332,1486.9001
17.058332,1486.9001
17.058332,1486.9001
17.475,1033.0
17.475,1033.0
17.475,1033.0
17.475,1033.0
17.475,1033.0
16.766666,959.60004
17.291666,963.9
17.366667,927.9
17.525,1037.7001
16.741667,1168.7999
16.741667,1168.7999
16.741667,1168.7999
16.741667,1168.7999
16.741667,1168.7999
16.741667,1168.7999
16.758333,1018.80005
16.758333,1018.80005
16.758333,1018.80005
16.758333,1018.80005
16.758333,1018.80005
16.758333,1018.80005
16.666666,1424.7002
16.666666,1424.7002
16.666666,1424.7002
16.666666,1424.7002
16.758333,1220.3
16.758333,1220.3
16.758333,1220.3
16.758333,1220.3
16.249998,1295.7
16.249998,1295.7
16.249998,1295.7
16.666666,1424.7002
16.666666,1424.7002
16.666666,1424.7002
15.983334,1091.2001
15.983334,1091.2001
15.983334,1091.2001
16.025,1121.5
16.025,1121.5
16.025,1121.5
15.849999,1145.1
15.849999,1145.1
15.849999,1145.1
15.849999,1145.1
15.849999,1145.1
15.849999,1145.1
15.849999,1145.1
15.849999,1145.1
15.849999,1145.1
15.849999,1145.1
16.2,955.9
16.2,955.9
16.2,955.9
16.2,955.9
16.2,955.9
16.2,955.9
16.2,955.9
16.2,955.9
16.2,955.9
16.2,955.9
16.133333,1024.3
16.133333,1024.3
16.133333,1024.3
16.291668,1235.1
16.291668,1235.1
16.291668,1235.1
16.125002,1192.8
16.125002,1192.8
16.125002,1192.8
15.833332,1016.7999
15.833332,1016.7999
15.833332,1016.7999
15.699998,1104.4
15.699998,1104.4
15.699998,1104.4
15.699998,1104.4
15.699998,1104.4
15.699998,1104.4
15.699998,1104.4
15.699998,1104.4
15.699998,1104.4
15.699998,1104.4
15.699998,1104.4
15.699998,1104.4
15.699998,1104.4
15.699998,1104.4
15.699998,1104.4
15.699998,1104.4
15.699998,1104.4
15.699998,1104.4
15.699998,1104.4
15.699998,1104.4
15.699998,1104.4
15.699998,1104.4
15.699998,1104.4
15.699998,1104.4
17.625,1582.4001
17.625,1582.4001
17.625,1582.4001
17.625,1582.4001
17.625,1582.4001
17.625,1582.4001
17.625,1582.4001
17.625,1582.4001
17.625,1582.4001
17.625,1582.4001
17.625,1582.4001
17.625,1582.4001
17.625,1582.4001
17.625,1582.4001
17.625,1582.4001
17.625,1582.4001
17.000002,1186.9999
17.000002,1186.9999
17.000002,1186.9999
17.000002,1186.9999
17.000002,1186.9999
17.000002,1186.9999
17.000002,1186.9999
17.000002,1186.9999
16.233332,1318.0
16.233332,1318.0
16.233332,1318.0
16.233332,1318.0
16.275002,1228.4
16.275002,1228.4
16.508333,1321.8
16.508333,1321.8
15.774999,1178.0
15.774999,1178.0
16.366667,1565.9001
16.366667,1565.9001
15.641667,1217.6001
15.641667,1217.6001
16.841665,1264.8
16.841665,1264.8
16.841665,1264.8
16.841665,1264.8
16.841665,1264.8
16.841665,1264.8
16.841665,1264.8
16.133333,1249.6
16.133333,1249.6
16.133333,1249.6
16.133333,1249.6
16.133333,1249.6
16.133333,1249.6
16.133333,1249.6
18.15,1681.5
18.15,1681.5
18.15,1681.5
18.550001,1371.6001
18.758335,1454.9
18.916666,1124.5
18.241667,1359.7001
18.425,1236.7001
18.1,1835.3
18.550001,1371.6001
18.758335,1454.9
18.916666,1124.5
18.241667,1359.7001
18.425,1236.7001
18.1,1835.3
16.233334,1013.3
17.116667,1070.2001
16.666666,1424.7002
16.666666,1424.7002
16.666666,1424.7002
16.666666,1424.7002
16.758333,1220.3
16.758333,1220.3
16.758333,1220.3
16.758333,1220.3
17.499998,1041.9001
17.499998,1041.9001
17.499998,1041.9001
17.499998,1041.9001
15.400001,1073.8
15.400001,1073.8
16.025,1121.5
16.025,1121.5
15.941667,945.8
15.941667,945.8
16.716667,1057.0001
16.716667,1057.0001
16.1,1145.7002
16.1,1145.7002
16.508333,1321.8
16.508333,1321.8
16.074999,1288.0
16.074999,1288.0
16.366667,1565.9001
16.366667,1565.9001
17.925,952.9001
17.925,952.9001
17.925,952.9001
17.925,952.9001
17.816668,965.00006
17.816668,965.00006
17.816668,965.00006
17.816668,965.00006
17.758333,905.4
17.758333,905.4
17.758333,905.4
17.758333,905.4
17.733332,1655.9
17.733332,1655.9
17.733332,1655.9
17.733332,1655.9
18.208332,1484.0
18.208332,1484.0
18.208332,1484.0
18.316666,1720.6
18.316666,1720.6
18.316666,1720.6
16.766666,959.60004
17.291666,963.9
19.408333,1878.6002
19.408333,1878.6002
19.408333,1878.6002
19.408333,1878.6002
17.724998,1231.4
17.883333,1171.3
17.800001,1014.1
16.241667,927.9
16.241667,927.9
16.241667,927.9
16.241667,927.9
16.241667,927.9
16.241667,927.9
16.391668,1123.1
16.391668,1123.1
16.391668,1123.1
16.391668,1123.1
16.391668,1123.1
16.391668,1123.1
16.308332,1148.0001
16.308332,1148.0001
16.308332,1148.0001
16.308332,1148.0001
16.308332,1148.0001
16.308332,1148.0001
16.366667,1565.9001
16.366667,1565.9001
16.841665,1264.8
16.841665,1264.8
16.966667,1221.7999
16.966667,1221.7999
16.675,1284.8
16.675,1284.8
17.058332,1486.9001
17.058332,1486.9001
17.208334,1275.7
17.208334,1275.7
17.008333,850.9
17.008333,850.9
17.008333,850.9
17.008333,850.9
16.725,1107.2
16.725,1107.2
16.725,1107.2
16.725,1107.2
17.533333,1021.7001
17.533333,1021.7001
17.533333,1021.7001
17.533333,1021.7001
17.575,1029.1
17.575,1029.1
17.575,1029.1
17.575,1029.1
17.458334,1234.2001
17.458334,1234.2001
17.458334,1234.2001
17.458334,1234.2001
17.766668,1153.7
17.766668,1153.7
17.766668,1153.7
17.766668,1153.7
17.925,952.9001
17.925,952.9001
17.925,952.9001
17.925,952.9001
17.816668,965.00006
17.816668,965.00006
17.816668,965.00006
17.816668,965.00006
17.758333,905.4
17.758333,905.4
17.758333,905.4
17.758333,905.4
17.733332,1655.9
17.733332,1655.9
17.733332,1655.9
17.733332,1655.9
17.908335,1048.2001
17.908335,1048.2001
17.908335,1048.2001
17.908335,1048.2001
17.908335,1048.2001
17.908335,1048.2001
17.908335,1048.2001
17.283335,1191.6001
17.283335,1191.6001
17.283335,1191.6001
17.283335,1191.6001
17.283335,1191.6001
17.283335,1191.6001
17.283335,1191.6001
17.416668,1036.5
17.416668,1036.5
17.416668,1036.5
17.416668,1036.5
17.416668,1036.5
17.416668,1036.5
17.416668,1036.5
17.108334,1295.9
17.108334,1295.9
17.108334,1295.9
17.108334,1295.9
17.108334,1295.9
17.108334,1295.9
17.108334,1295.9
16.95,906.00006
16.95,906.00006
16.95,906.00006
16.95,906.00006
16.95,906.00006
16.95,906.00006
16.95,906.00006
16.675,1074.4001
16.675,1074.4001
16.675,1074.4001
16.675,1074.4001
16.675,1074.4001
16.675,1074.4001
16.675,1074.4001
17.483334,1118.6
17.483334,1118.6
17.483334,1118.6
17.483334,1118.6
17.483334,1118.6
17.483334,1118.6
17.483334,1118.6
17.508333,1508.8
17.508333,1508.8
17.508333,1508.8
17.508333,1508.8
17.508333,1508.8
17.508333,1508.8
17.508333,1508.8
17.508333,1508.8
17.508333,1508.8
17.800001,1595.7999
17.800001,1595.7999
17.800001,1595.7999
17.800001,1595.7999
17.800001,1595.7999
17.800001,1595.7999
17.800001,1595.7999
17.800001,1595.7999
17.800001,1595.7999
16.766666,959.60004
17.291666,963.9
17.366667,927.9
17.525,1037.7001
16.983332,953.39996
17.566668,777.10004
17.416666,1098.5
17.016665,1076.0
14.883332,913.7999
14.883332,913.7999
14.883332,913.7999
14.883332,913.7999
14.883332,913.7999
14.883332,913.7999
15.491668,811.3001
15.491668,811.3001
15.491668,811.3001
15.491668,811.3001
15.491668,811.3001
15.491668,811.3001
18.483334,1401.4001
18.483334,1401.4001
18.516665,1540.4
18.516665,1540.4
18.483335,1615.9
18.483335,1615.9
18.874998,1648.0
18.874998,1648.0
18.983334,1633.5002
18.983334,1633.5002
18.433336,1509.9
18.433336,1509.9
18.758333,1410.3
18.758333,1410.3
18.908333,1511.3
18.908333,1511.3
18.308332,1107.7999
18.308332,1107.7999
18.308332,1107.7999
18.308332,1107.7999
18.308332,1107.7999
18.308332,1107.7999
18.308332,1107.7999
18.308332,1107.7999
17.391666,890.9
17.391666,890.9
17.391666,890.9
17.391666,890.9
17.391666,890.9
17.391666,890.9
17.391666,890.9
17.391666,890.9
6.2833333,354.2
6.2833333,354.2
6.2833333,354.2
6.2833333,354.2
6.2833333,354.2
6.175001,520.8
6.175001,520.8
6.175001,520.8
6.175001,520.8
6.175001,520.8
6.758333,496.9
6.758333,496.9
6.758333,496.9
6.758333,496.9
6.758333,496.9
6.808333,423.19998
6.808333,423.19998
6.808333,423.19998
6.808333,423.19998
6.808333,423.19998
16.758333,1220.3
16.758333,1220.3
16.758333,1220.3
16.758333,1220.3
16.758333,1220.3
16.758333,1220.3
16.508333,1093.4
16.508333,1093.4
16.508333,1093.4
16.508333,1093.4
16.508333,1093.4
16.508333,1093.4
15.808334,1221.5001
15.808334,1221.5001
15.808334,1221.5001
17.449999,1283.6001
17.449999,1283.6001
17.449999,1283.6001
17.449999,1283.6001
17.449999,1283.6001
17.449999,1283.6001
17.266666,2251.9
17.266666,2251.9
17.266666,2251.9
17.266666,2251.9
17.266666,2251.9
17.266666,2251.9
18.508333,1264.9
18.508333,1264.9
18.216667,1420.8999
18.216667,1420.8999
22.358335,1409.1001
22.358335,1409.1001
17.65,1233.0001
17.65,1233.0001
17.65,1233.0001
17.65,1233.0001
17.65,1233.0001
17.65,1233.0001
17.65,1233.0001
17.65,1233.0001
17.65,1233.0001
17.96667,1302.7999
17.96667,1302.7999
17.96667,1302.7999
17.96667,1302.7999
17.96667,1302.7999
17.96667,1302.7999
17.96667,1302.7999
17.96667,1302.7999
17.96667,1302.7999
18.09167,1278.8002
18.09167,1278.8002
18.09167,1278.8002
18.09167,1278.8002
18.09167,1278.8002
18.09167,1278.8002
18.09167,1278.8002
18.09167,1278.8002
18.09167,1278.8002
17.341667,1619.0001
17.341667,1619.0001
17.341667,1619.0001
17.341667,1619.0001
17.341667,1619.0001
17.191668,1534.7999
17.191668,1534.7999
17.191668,1534.7999
17.191668,1534.7999
17.191668,1534.7999
10.216666,211.20003
10.216666,211.20003
10.216666,211.20003
16.733334,1273.4
16.733334,1273.4
16.733334,1273.4
23.808334,1802.0001
23.808334,1802.0001
23.808334,1802.0001
23.808334,1802.0001
23.883331,1781.4
23.883331,1781.4
23.883331,1781.4
23.883331,1781.4
23.974998,1403.9999
23.974998,1403.9999
23.974998,1403.9999
23.974998,1403.9999
15.233335,1070.2
15.233335,1070.2
15.233335,1070.2
15.233335,1070.2
15.233335,1070.2
15.741668,914.2001
15.741668,914.2001
15.741668,914.2001
15.741668,914.2001
15.741668,914.2001
15.791668,1086.5
15.791668,1086.5
15.791668,1086.5
15.791668,1086.5
15.791668,1086.5
16.658333,975.30005
16.658333,975.30005
16.658333,975.30005
16.658333,975.30005
16.658333,975.30005
16.658333,975.30005
18.841665,1099.8
18.841665,1099.8
18.841665,1099.8
18.841665,1099.8
18.841665,1099.8
18.841665,1099.8
16.833334,1034.8
16.833334,1034.8
16.833334,1034.8
16.833334,1034.8
16.833334,1034.8
16.833334,1034.8
19.241667,1086.2001
19.241667,1086.2001
19.241667,1086.2001
19.241667,1086.2001
19.241667,1086.2001
19.241667,1086.2001
16.775,999.00006
16.775,999.00006
16.775,999.00006
16.775,999.00006
16.775,999.00006
16.775,999.00006
19.233332,1193.4
19.233332,1193.4
19.233332,1193.4
19.233332,1193.4
19.233332,1193.4
19.233332,1193.4
16.958334,1212.9001
16.958334,1212.9001
16.958334,1212.9001
16.958334,1212.9001
16.958334,1212.9001
16.958334,1212.9001
16.958334,1212.9001
16.958334,1212.9001
16.958334,1212.9001
16.958334,1212.9001
16.958334,1212.9001
16.958334,1212.9001
17.09167,1270.4
17.09167,1270.4
17.09167,1270.4
17.09167,1270.4
17.09167,1270.4
17.09167,1270.4
17.09167,1270.4
17.09167,1270.4
17.09167,1270.4
17.09167,1270.4
17.09167,1270.4
17.09167,1270.4
18.025,1087.9
18.025,1087.9
18.025,1087.9
18.025,1087.9
18.025,1087.9
18.025,1087.9
18.891668,1084.2999
18.891668,1084.2999
18.891668,1084.2999
18.891668,1084.2999
18.891668,1084.2999
18.891668,1084.2999
18.708334,1263.2
18.708334,1263.2
18.708334,1263.2
18.708334,1263.2
18.708334,1263.2
18.708334,1263.2
19.3,1201.8
19.3,1201.8
19.3,1201.8
19.3,1201.8
19.3,1201.8
19.3,1201.8
19.35,1051.4
19.35,1051.4
19.35,1051.4
19.35,1051.4
19.35,1051.4
19.35,1051.4
16.691668,976.2
16.691668,976.2
16.691668,976.2
16.691668,976.2
16.675001,1129.0
16.675001,1129.0
16.675001,1129.0
16.675001,1129.0
5.991667,766.1
5.991667,766.1
5.991667,766.1
5.991667,766.1
5.3250003,725.19995
5.3250003,725.19995
5.3250003,725.19995
5.3250003,725.19995
6.5333333,820.8999
6.5333333,820.8999
6.5333333,820.8999
6.5333333,820.8999
6.5333333,820.8999
6.5333333,820.8999
5.858334,616.89996
5.858334,616.89996
5.858334,616.89996
5.858334,616.89996
5.858334,616.89996
5.858334,616.89996
16.766666,959.60004
16.766666,959.60004
16.766666,959.60004
16.766666,959.60004
17.291666,963.9
17.291666,963.9
17.291666,963.9
17.291666,963.9
17.366667,927.9
17.366667,927.9
17.366667,927.9
17.366667,927.9
17.141666,1144.9001
17.141666,1144.9001
17.141666,1144.9001
17.141666,1144.9001
17.141666,1144.9001
17.141666,1144.9001
17.433334,1066.0
17.433334,1066.0
17.433334,1066.0
17.433334,1066.0
17.433334,1066.0
17.433334,1066.0
18.533333,1245.0001
18.533333,1245.0001
18.35,1383.5001
18.35,1383.5001
18.266666,1508.1001
18.266666,1508.1001
18.608335,1606.4
18.608335,1606.4
18.533333,1245.0001
18.533333,1245.0001
18.35,1383.5001
18.35,1383.5001
18.266666,1508.1001
18.266666,1508.1001
18.608335,1606.4
18.608335,1606.4
17.125,994.69995
17.125,994.69995
16.675001,1129.0
16.675001,1129.0
16.675001,1129.0
16.675001,1129.0
16.675001,1129.0
16.675001,1129.0
16.658335,1281.6
16.658335,1281.6
16.658335,1281.6
16.658335,1281.6
16.658335,1281.6
16.658335,1281.6
17.025,1120.8
17.025,1120.8
17.025,1120.8
17.025,1120.8
17.025,1120.8
17.025,1120.8
17.141665,1047.4
17.141665,1047.4
17.141665,1047.4
17.141665,1047.4
17.141665,1047.4
17.141665,1047.4
16.966667,1110.1001
16.966667,1110.1001
16.966667,1110.1001
16.966667,1110.1001
16.966667,1110.1001
16.966667,1110.1001
17.1,1106.7
17.1,1106.7
17.1,1106.7
17.1,1106.7
17.1,1106.7
17.1,1106.7
17.066668,1297.9
17.066668,1297.9
17.066668,1297.9
17.066668,1297.9
17.066668,1297.9
17.066668,1297.9
21.875,1984.8
21.875,1984.8
21.875,1984.8
21.875,1984.8
21.875,1984.8
21.875,1984.8
21.875,1984.8
21.875,1984.8
21.875,1984.8
21.875,1984.8
21.941668,2420.4004
21.941668,2420.4004
21.941668,2420.4004
21.941668,2420.4004
21.941668,2420.4004
21.941668,2420.4004
21.941668,2420.4004
21.941668,2420.4004
21.941668,2420.4004
21.941668,2420.4004
22.116667,2081.4001
22.116667,2081.4001
22.116667,2081.4001
22.116667,2081.4001
22.116667,2081.4001
22.116667,2081.4001
22.116667,2081.4001
22.116667,2081.4001
22.116667,2081.4001
22.116667,2081.4001
22.46667,2084.8
22.46667,2084.8
22.46667,2084.8
22.46667,2084.8
22.46667,2084.8
22.46667,2084.8
22.46667,2084.8
22.46667,2084.8
22.46667,2084.8
22.46667,2084.8
16.233332,1318.0
16.233332,1318.0
16.233332,1318.0
16.233332,1318.0
16.233332,1318.0
16.233332,1318.0
16.225,1023.6
16.225,1023.6
16.225,1023.6
16.225,1023.6
16.75,1038.7001
16.75,1038.7001
16.016666,964.0
16.016666,964.0
17.316668,1026.4
17.316668,1026.4
17.316668,1026.4
17.233334,1024.4
17.233334,1024.4
17.433332,1124.8002
17.433332,1124.8002
16.25,1064.5
16.25,1064.5
16.25,1064.5
16.25,1064.5
16.858334,1093.3999
16.858334,1093.3999
16.858334,1093.3999
16.858334,1093.3999
16.858334,1093.3999
16.858334,1093.3999
16.858334,1093.3999
16.858334,1093.3999
16.199999,1364.7
16.199999,1364.7
16.199999,1364.7
16.199999,1364.7
16.891668,979.7
16.891668,979.7
16.891668,979.7
16.891668,979.7
16.508333,1321.8
16.508333,1321.8
15.933334,1134.9
15.933334,1134.9
16.366667,1565.9001
16.366667,1565.9001
15.791665,1158.0
15.791665,1158.0
16.275002,1228.4
16.275002,1228.4
16.275002,1228.4
16.275002,1228.4
6.2833333,354.2
6.2833333,354.2
6.2833333,354.2
6.2833333,354.2
6.2833333,354.2
6.2833333,354.2
6.2833333,354.2
6.2833333,354.2
6.175001,520.8
6.175001,520.8
6.175001,520.8
6.175001,520.8
6.175001,520.8
6.175001,520.8
6.175001,520.8
6.175001,520.8
6.175001,520.8
6.758333,496.9
6.758333,496.9
6.758333,496.9
6.758333,496.9
6.758333,496.9
6.758333,496.9
6.758333,496.9
15.766666,979.9
15.766666,979.9
15.766666,979.9
16.225,944.89996
16.225,944.89996
16.225,944.89996
16.225,944.89996
16.225,944.89996
16.225,944.89996
16.283333,1356.6001
16.283333,1356.6001
16.283333,1356.6001
16.283333,1356.6001
16.283333,1356.6001
16.283333,1356.6001
18.333334,1133.5
18.333334,1133.5
17.441668,1131.6001
17.441668,1131.6001
17.650002,1345.6001
17.650002,1345.6001
17.650002,1345.6001
17.650002,1345.6001
16.95,1485.0001
16.95,1485.0001
16.95,1485.0001
16.95,1485.0001
17.116667,1401.2999
17.116667,1401.2999
17.116667,1401.2999
17.116667,1401.2999
7.6333327,852.4
8.041667,777.30005
16.533335,967.2
16.533335,967.2
16.533335,967.2
16.533335,967.2
16.391666,1165.8
16.391666,1165.8
16.391666,1165.8
16.391666,1165.8
16.250002,873.7999
16.250002,873.7999
16.250002,873.7999
15.799999,1021.5
15.799999,1021.5
15.799999,1021.5
16.45,1057.8
16.45,1057.8
16.45,1057.8
16.625002,1069.6001
16.625002,1069.6001
16.625002,1069.6001
15.849999,1145.1
15.849999,1145.1
15.849999,1145.1
15.849999,1145.1
16.2,955.9
16.2,955.9
16.2,955.9
16.2,955.9
10.366666,177.50002
10.366666,177.50002
10.366666,177.50002
10.216666,211.20003
10.216666,211.20003
10.216666,211.20003
17.5,1340.2999
17.5,1340.2999
17.5,1340.2999
17.5,1340.2999
12.266667,630.50006
12.266667,630.50006
12.266667,630.50006
12.266667,630.50006
12.266667,630.50006
12.266667,630.50006
15.791665,1158.0
15.791665,1158.0
15.791665,1158.0
15.791665,1158.0
16.266666,1011.70013
16.266666,1011.70013
16.266666,1011.70013
16.266666,1011.70013
15.833332,1104.5001
15.833332,1104.5001
15.833332,1104.5001
15.833332,1104.5001
15.833332,1104.5001
15.833332,1104.5001
15.833332,1104.5001
15.833332,1104.5001
15.833332,1104.5001
15.833332,1104.5001
15.833332,1104.5001
15.833332,1104.5001
15.833332,1104.5001
15.833332,1104.5001
15.833332,1104.5001
15.833332,1104.5001
15.833332,1104.5001
15.833332,1104.5001
15.766667,1103.4
15.766667,1103.4
15.766667,1103.4
15.766667,1103.4
15.766667,1103.4
15.766667,1103.4
15.766667,1103.4
15.766667,1103.4
15.766667,1103.4
15.766667,1103.4
15.766667,1103.4
15.766667,1103.4
15.766667,1103.4
15.766667,1103.4
15.766667,1103.4
15.766667,1103.4
15.766667,1103.4
15.766667,1103.4
15.766665,1066.8
15.766665,1066.8
15.766665,1066.8
15.766665,1066.8
15.766665,1066.8
15.766665,1066.8
15.766665,1066.8
15.808333,1012.7
15.808333,1012.7
15.808333,1012.7
15.808333,1012.7
15.808333,1012.7
15.808333,1012.7
15.808333,1012.7
16.699999,1350.1001
16.699999,1350.1001
16.699999,1350.1001
16.699999,1350.1001
16.699999,1350.1001
16.699999,1350.1001
16.699999,1350.1001
16.699999,1350.1001
16.699999,1350.1001
16.699999,1350.1001
16.525,962.4
16.525,962.4
16.525,962.4
16.525,962.4
16.525,962.4
16.525,962.4
16.525,962.4
16.525,962.4
16.525,962.4
16.525,962.4
10.366666,177.50002
10.366666,177.50002
10.366666,177.50002
10.366666,177.50002
10.366666,177.50002
10.216666,211.20003
10.216666,211.20003
10.216666,211.20003
10.216666,211.20003
10.216666,211.20003
18.483334,1401.4001
18.483334,1401.4001
18.483334,1401.4001
18.516665,1540.4
18.516665,1540.4
18.516665,1540.4
16.533333,1332.8999
16.533333,1332.8999
16.533333,1332.8999
16.533333,1332.8999
17.108334,1025.6
17.108334,1025.6
17.108334,1025.6
17.108334,1025.6
17.216665,1197.6001
17.216665,1197.6001
17.216665,1197.6001
17.216665,1197.6001
17.15,1206.0
17.15,1206.0
17.15,1206.0
17.15,1206.0
17.566668,1210.9999
17.566668,1210.9999
17.566668,1210.9999
17.566668,1210.9999
17.700003,1120.6
17.700003,1120.6
17.700003,1120.6
17.700003,1120.6
17.491667,1116.2
17.491667,1116.2
17.491667,1116.2
17.491667,1116.2
17.633333,1198.9
17.633333,1198.9
17.633333,1198.9
17.633333,1198.9
17.691666,1075.7
17.691666,1075.7
17.691666,1075.7
17.691666,1075.7
18.108335,1331.1
18.108335,1331.1
18.108335,1331.1
18.108335,1331.1
17.95,1439.0
17.95,1439.0
17.95,1439.0
18.083334,1218.3
18.083334,1218.3
18.083334,1218.3
3.1833332,610.99994
3.1833332,610.99994
17.05,1154.9
17.05,1154.9
17.05,1154.9
17.05,1154.9
17.05,1154.9
17.05,1154.9
17.05,1154.9
17.05,1154.9
17.05,1154.9
17.074999,1002.50006
17.074999,1002.50006
17.074999,1002.50006
17.074999,1002.50006
17.25,815.4
17.25,815.4
17.25,815.4
17.25,815.4
16.133333,1024.3
16.133333,1024.3
16.133333,1024.3
16.291668,1235.1
16.291668,1235.1
16.291668,1235.1
16.125002,1192.8
16.125002,1192.8
16.125002,1192.8
15.833332,1016.7999
15.833332,1016.7999
15.833332,1016.7999
5.991667,766.1
5.991667,766.1
6.5333333,820.8999
6.5333333,820.8999
9.366668,262.80002
9.666667,205.1
17.96667,1302.7999
17.96667,1302.7999
17.96667,1302.7999
17.96667,1302.7999
17.96667,1302.7999
17.96667,1302.7999
17.96667,1302.7999
17.96667,1302.7999
17.96667,1302.7999
17.96667,1302.7999
17.96667,1302.7999
17.96667,1302.7999
17.96667,1302.7999
17.96667,1302.7999
17.96667,1302.7999
17.96667,1302.7999
17.96667,1302.7999
17.96667,1302.7999
17.96667,1302.7999
17.96667,1302.7999
17.216665,1197.6001
17.216665,1197.6001
17.216665,1197.6001
17.216665,1197.6001
16.825,1291.4
16.825,1291.4
16.475,1199.5
16.475,1199.5
16.650002,987.5
16.650002,987.5
17.883333,1171.3
17.883333,1171.3
17.883333,1171.3
17.883333,1171.3
17.883333,1171.3
17.883333,1171.3
17.800001,1014.1
17.800001,1014.1
17.800001,1014.1
17.800001,1014.1
17.800001,1014.1
17.800001,1014.1
14.983334,928.1
14.983334,928.1
14.983334,928.1
14.983334,928.1
14.675,1051.3
14.675,1051.3
14.675,1051.3
14.675,1051.3
16.691668,1274.9999
16.691668,1274.9999
16.691668,1274.9999
16.583334,1349.6
16.583334,1349.6
16.583334,1349.6
16.975,1300.0001
16.975,1300.0001
16.975,1300.0001
17.074999,1288.6001
17.074999,1288.6001
17.074999,1288.6001
16.941668,1225.0001
16.941668,1225.0001
16.941668,1225.0001
16.825,1291.4
16.825,1291.4
16.475,1199.5
16.475,1199.5
17.933332,1445.9
17.933332,1445.9
17.933332,1445.9
17.933332,1445.9
17.933332,1445.9
17.933332,1445.9
17.933332,1445.9
17.933332,1445.9
17.933332,1445.9
17.933332,1445.9
17.933332,1445.9
17.933332,1445.9
17.766666,1422.3999
17.766666,1422.3999
17.766666,1422.3999
17.766666,1422.3999
17.766666,1422.3999
17.766666,1422.3999
17.766666,1422.3999
17.766666,1422.3999
17.766666,1422.3999
17.766666,1422.3999
17.766666,1422.3999
17.766666,1422.3999
16.249998,1295.7
16.249998,1295.7
16.249998,1295.7
16.249998,1295.7
16.666666,1424.7002
16.666666,1424.7002
16.666666,1424.7002
16.666666,1424.7002
15.508332,1127.7001
16.691668,1274.9999
16.691668,1274.9999
16.691668,1274.9999
16.583334,1349.6
16.583334,1349.6
16.583334,1349.6
16.975,1300.0001
16.975,1300.0001
16.975,1300.0001
17.108334,1025.6
17.108334,1025.6
17.108334,1025.6
17.108334,1025.6
17.216665,1197.6001
17.216665,1197.6001
17.216665,1197.6001
17.216665,1197.6001
17.15,1206.0
17.15,1206.0
17.15,1206.0
17.15,1206.0
18.550001,1371.6001
18.550001,1371.6001
18.758335,1454.9
18.758335,1454.9
18.916666,1124.5
18.916666,1124.5
18.241667,1359.7001
18.241667,1359.7001
18.425,1236.7001
18.425,1236.7001
18.1,1835.3
18.1,1835.3
16.266668,1055.7001
16.266668,1055.7001
16.975,966.3
16.975,966.3
18.441666,1804.9999
18.441666,1804.9999
18.441666,1804.9999
18.441666,1804.9999
18.441666,1804.9999
18.441666,1804.9999
18.441666,1804.9999
18.441666,1804.9999
18.441666,1804.9999
18.441666,1804.9999
18.566668,1059.2001
18.566668,1059.2001
18.566668,1059.2001
18.566668,1059.2001
18.566668,1059.2001
18.566668,1059.2001
18.566668,1059.2001
18.566668,1059.2001
18.566668,1059.2001
18.566668,1059.2001
17.983334,1589.8999
17.983334,1589.8999
17.983334,1589.8999
17.983334,1589.8999
17.983334,1589.8999
17.983334,1589.8999
17.983334,1589.8999
17.983334,1589.8999
17.983334,1589.8999
17.983334,1589.8999
17.983334,1589.8999
17.983334,1589.8999
18.366665,1634.8999
18.366665,1634.8999
18.366665,1634.8999
18.366665,1634.8999
18.366665,1634.8999
18.366665,1634.8999
18.366665,1634.8999
18.366665,1634.8999
18.366665,1634.8999
18.366665,1634.8999
18.366665,1634.8999
18.366665,1634.8999
23.01667,2324.6
23.01667,2324.6
23.01667,2324.6
23.01667,2324.6
23.1,1956.1001
23.1,1956.1001
23.1,1956.1001
23.1,1956.1001
17.183332,1154.4
17.183332,1154.4
17.183332,1154.4
17.183332,1154.4
17.183332,1154.4
17.183332,1154.4
17.183332,1154.4
17.183332,1154.4
17.333334,1165.9
17.333334,1165.9
17.333334,1165.9
17.333334,1165.9
17.333334,1165.9
17.333334,1165.9
17.333334,1165.9
17.333334,1165.9
7.125,689.19995
7.125,689.19995
7.125,689.19995
6.941666,559.89996
6.941666,559.89996
6.941666,559.89996
15.608334,1018.7
15.608334,1018.7
15.608334,1018.7
15.608334,1018.7
15.608334,1018.7
15.608334,1018.7
15.608334,1018.7
15.608334,1018.7
15.608334,1018.7
15.608334,1018.7
15.608334,1018.7
15.608334,1018.7
15.608334,1018.7
15.608334,1018.7
15.608334,1018.7
15.608334,1018.7
6.8833337,428.8
6.8833337,428.8
6.8833337,428.8
6.8833337,428.8
6.8833337,428.8
6.816667,627.80005
6.816667,627.80005
6.816667,627.80005
6.816667,627.80005
6.816667,627.80005
16.658333,975.30005
16.658333,975.30005
16.658333,975.30005
16.833334,1034.8
16.833334,1034.8
16.833334,1034.8
16.558332,1198.9999
16.558332,1198.9999
16.558332,1198.9999
16.558332,1198.9999
16.558332,1198.9999
16.733334,1023.8
16.733334,1023.8
16.733334,1023.8
16.733334,1023.8
16.733334,1023.8
18.291666,1216.1
18.291666,1216.1
18.291666,1216.1
18.291666,1216.1
18.291666,1216.1
17.849998,1445.8002
17.849998,1445.8002
17.849998,1445.8002
17.849998,1445.8002
17.849998,1445.8002
17.71667,895.4
17.71667,895.4
17.71667,895.4
17.71667,895.4
17.71667,895.4
17.741667,1372.1001
17.741667,1372.1001
17.741667,1372.1001
17.741667,1372.1001
17.741667,1372.1001
17.916668,1359.0999
17.916668,1359.0999
17.916668,1359.0999
17.916668,1359.0999
17.916668,1359.0999
17.466667,1718.8
17.466667,1718.8
17.466667,1718.8
17.466667,1718.8
17.466667,1718.8
17.325,1089.9001
17.325,1089.9001
17.325,1089.9001
17.325,1089.9001
17.325,1089.9001
10.116667,725.3
10.116667,725.3
10.116667,725.3
10.116667,725.3
10.116667,725.3
10.116667,725.3
10.116667,725.3
10.116667,725.3
10.116667,725.3
17.574999,1429.0001
17.574999,1429.0001
17.574999,1429.0001
17.449999,1283.6001
17.449999,1283.6001
17.449999,1283.6001
17.449999,1283.6001
17.449999,1283.6001
17.449999,1283.6001
17.449999,1283.6001
17.449999,1283.6001
16.95,1485.0001
16.95,1485.0001
16.95,1485.0001
16.95,1485.0001
17.116667,1401.2999
17.116667,1401.2999
17.116667,1401.2999
17.116667,1401.2999
16.825,1291.4
16.825,1291.4
16.475,1199.5
16.475,1199.5
15.641667,1019.10004
15.641667,1019.10004
15.591667,1161.5
15.591667,1161.5
16.141666,998.99994
16.141666,998.99994
21.858332,1547.6001
23.683334,1851.2999
23.158333,1804.5
22.583334,1627.2
22.46667,2084.8
21.75,1775.1
23.108332,1820.5
22.125,1768.5
23.591667,1945.9
23.541666,2386.5
24.408333,1566.7001
23.058332,1763.2002
21.783333,1984.9001
23.475,2260.1
23.033333,2334.5002
22.525,2129.0
22.375,2651.7
21.708334,2305.0
22.758331,2224.9
22.025002,2428.6
23.324999,2383.4001
23.266665,2741.6
24.275,1969.0001
22.908333,2238.6
21.75,1480.2
23.46667,2122.7998
23.066666,1874.7001
22.574999,1678.8
22.433334,2118.4001
21.766665,1695.2999
22.833334,1995.3
22.074999,1860.4
23.441668,2096.7002
23.333336,2634.2
24.425001,1923.4001
22.949999,1837.3002
16.141666,998.99994
16.141666,998.99994
16.141666,998.99994
16.141666,998.99994
16.141666,998.99994
16.291666,1135.6001
16.291666,1135.6001
16.291666,1135.6001
16.291666,1135.6001
16.291666,1135.6001
16.491667,1952.4
16.491667,1952.4
16.491667,1952.4
17.225,1432.6
17.225,1432.6
17.225,1432.6
16.491667,1952.4
16.491667,1952.4
16.491667,1952.4
17.225,1432.6
17.225,1432.6
17.225,1432.6
16.491667,1952.4
16.491667,1952.4
16.491667,1952.4
17.225,1432.6
17.225,1432.6
17.225,1432.6
16.491667,1952.4
16.491667,1952.4
16.491667,1952.4
16.491667,1952.4
16.491667,1952.4
16.491667,1952.4
16.491667,1952.4
16.491667,1952.4
16.491667,1952.4
17.225,1432.6
17.225,1432.6
17.225,1432.6
17.441668,1218.3002
17.441668,1218.3002
17.441668,1218.3002
17.441668,1218.3002
17.441668,1218.3002
17.441668,1218.3002
17.441668,1218.3002
17.441668,1218.3002
18.1,1212.7001
18.1,1212.7001
18.1,1212.7001
18.1,1212.7001
18.1,1212.7001
18.1,1212.7001
18.1,1212.7001
18.1,1212.7001
17.074999,723.50006
17.074999,723.50006
17.025,1165.9
17.025,1165.9
17.150002,1364.9
17.150002,1364.9
17.150002,1364.9
17.150002,1364.9
17.150002,1364.9
17.150002,1364.9
16.691668,1274.9999
16.691668,1274.9999
16.691668,1274.9999
16.691668,1274.9999
16.583334,1349.6
16.583334,1349.6
16.583334,1349.6
16.583334,1349.6
16.975,1300.0001
16.975,1300.0001
16.975,1300.0001
16.975,1300.0001
18.550001,1371.6001
18.758335,1454.9
18.916666,1124.5
18.241667,1359.7001
18.425,1236.7001
18.550001,1371.6001
18.758335,1454.9
18.916666,1124.5
18.241667,1359.7001
18.425,1236.7001
18.550001,1371.6001
18.758335,1454.9
18.916666,1124.5
18.241667,1359.7001
18.425,1236.7001
18.550001,1371.6001
18.758335,1454.9
18.916666,1124.5
18.241667,1359.7001
18.425,1236.7001
17.633335,978.30005
17.475,1033.0
17.475,1033.0
18.1,750.4
18.1,750.4
18.1,750.4
17.966665,1014.2
17.966665,1014.2
17.966665,1014.2
17.466665,1056.4
17.466665,1056.4
17.466665,1056.4
14.166667,721.80005
14.166667,721.80005
14.649999,882.6
14.649999,882.6
14.974999,933.30005
14.974999,933.30005
14.675,1051.3
14.675,1051.3
13.866668,857.4
13.866668,857.4
13.724999,886.50006
13.724999,886.50006
13.625,771.9001
13.625,771.9001
14.724999,885.89996
14.724999,885.89996
14.983334,928.1
14.983334,928.1
17.1,1106.7
17.1,1106.7
17.1,1106.7
17.1,1106.7
17.1,1106.7
17.1,1106.7
17.1,1106.7
17.1,1106.7
17.1,1106.7
17.1,1106.7
17.1,1106.7
17.1,1106.7
17.1,1106.7
17.1,1106.7
17.066668,1297.9
17.066668,1297.9
17.066668,1297.9
17.066668,1297.9
17.066668,1297.9
17.066668,1297.9
17.066668,1297.9
17.066668,1297.9
17.066668,1297.9
17.066668,1297.9
17.066668,1297.9
17.066668,1297.9
17.066668,1297.9
17.066668,1297.9
19.691668,1509.7
19.691668,1509.7
19.691668,1509.7
19.691668,1509.7
19.691668,1509.7
19.691668,1509.7
15.066666,947.4
15.066666,947.4
15.066666,947.4
15.066666,947.4
15.066666,947.4
15.066666,947.4
15.066666,947.4
15.066666,947.4
15.066666,947.4
15.066666,947.4
15.066666,947.4
15.066666,947.4
15.399999,991.10004
15.399999,991.10004
15.399999,991.10004
15.399999,991.10004
15.399999,991.10004
15.399999,991.10004
15.399999,991.10004
15.399999,991.10004
15.399999,991.10004
15.399999,991.10004
15.399999,991.10004
15.399999,991.10004
16.533335,967.2
15.883334,1055.3
15.883334,1055.3
15.808333,1044.4
15.808333,1044.4
16.25,1193.8999
16.25,1193.8999
16.091665,1128.0001
16.091665,1128.0001
16.258333,1301.2
16.258333,1301.2
16.941668,1225.0001
16.941668,1225.0001
16.941668,1225.0001
16.941668,1225.0001
16.825,1291.4
16.825,1291.4
16.825,1291.4
16.825,1291.4
16.475,1199.5
16.475,1199.5
16.475,1199.5
16.475,1199.5
16.758333,951.00006
16.758333,951.00006
16.758333,951.00006
16.758333,951.00006
16.758333,951.00006
16.758333,951.00006
16.758333,951.00006
16.758333,951.00006
16.758333,951.00006
16.758333,951.00006
16.758333,951.00006
16.758333,951.00006
16.758333,951.00006
16.758333,951.00006
16.758333,951.00006
16.758333,951.00006
16.758333,951.00006
16.758333,951.00006
16.758333,951.00006
16.758333,951.00006
16.758333,951.00006
16.758333,951.00006
16.758333,951.00006
16.758333,951.00006
16.208334,1103.4
16.208334,1103.4
16.208334,1103.4
16.208334,1103.4
16.208334,1103.4
16.483332,1261.6
16.483332,1261.6
16.483332,1261.6
16.483332,1261.6
16.483332,1261.6
17.391668,929.8
17.391668,929.8
17.391668,929.8
17.391668,929.8
17.391668,929.8
17.391668,929.8
17.166666,1306.6
17.166666,1306.6
17.166666,1306.6
17.166666,1306.6
17.166666,1306.6
17.166666,1306.6
16.983332,953.39996
16.983332,953.39996
16.983332,953.39996
23.033333,2334.5002
23.033333,2334.5002
23.033333,2334.5002
23.033333,2334.5002
23.033333,2334.5002
23.033333,2334.5002
23.033333,2334.5002
23.033333,2334.5002
17.225,1432.6
17.225,1432.6
17.225,1432.6
17.225,1432.6
17.225,1432.6
17.225,1432.6
16.883333,1657.3
16.883333,1657.3
16.883333,1657.3
16.883333,1657.3
16.883333,1657.3
16.883333,1657.3
16.891666,1291.3
16.891666,1291.3
16.891666,1291.3
16.541668,1260.7999
16.541668,1260.7999
16.541668,1260.7999
16.249998,1010.69995
16.249998,1010.69995
16.249998,1010.69995
16.666666,1424.7002
16.666666,1424.7002
16.666666,1424.7002
16.758333,1220.3
16.758333,1220.3
16.758333,1220.3
19.099998,1129.2001
19.099998,1129.2001
18.516666,879.00006
18.516666,879.00006
18.808334,1135.6001
18.808334,1135.6001
19.2,1050.4
19.2,1050.4
18.958334,1231.5
18.958334,1231.5
15.900002,928.3
15.900002,928.3
15.900002,928.3
15.900002,928.3
15.900002,928.3
15.900002,928.3
15.900002,928.3
15.900002,928.3
16.1,827.60004
16.1,827.60004
16.1,827.60004
16.1,827.60004
16.1,827.60004
16.1,827.60004
16.1,827.60004
16.1,827.60004
15.833335,939.80005
15.833335,939.80005
15.833335,939.80005
15.833335,939.80005
15.833335,939.80005
15.833335,939.80005
15.833335,939.80005
15.833335,939.80005
17.991667,1093.1
17.925,1011.3001
17.925001,1540.8
18.5,1124.5
16.958334,1158.6001
16.958334,1158.6001
16.958334,1158.6001
16.958334,1158.6001
16.966665,945.2999
16.966665,945.2999
16.966665,945.2999
16.966665,945.2999
6.2833333,354.2
6.2833333,354.2
6.2833333,354.2
6.2833333,354.2
6.175001,520.8
6.175001,520.8
6.175001,520.8
6.175001,520.8
18.391668,1126.3
18.391668,1126.3
18.391668,1126.3
18.391668,1126.3
18.091665,1674.0001
18.091665,1674.0001
18.091665,1674.0001
18.091665,1674.0001
17.65,1182.5999
17.65,1182.5999
17.65,1182.5999
17.833332,1120.8
17.833332,1120.8
17.833332,1120.8
15.808334,1221.5001
15.808334,1221.5001
15.808334,1221.5001
15.808334,1221.5001
15.641667,1019.10004
15.641667,1019.10004
15.641667,1019.10004
15.641667,1019.10004
15.591667,1161.5
15.591667,1161.5
15.591667,1161.5
15.591667,1161.5
16.141666,998.99994
16.141666,998.99994
16.141666,998.99994
16.141666,998.99994
15.808334,1221.5001
15.808334,1221.5001
15.808334,1221.5001
15.808334,1221.5001
15.641667,1019.10004
15.641667,1019.10004
15.641667,1019.10004
15.641667,1019.10004
15.591667,1161.5
15.591667,1161.5
15.591667,1161.5
15.591667,1161.5
16.141666,998.99994
16.141666,998.99994
16.141666,998.99994
16.141666,998.99994
17.566666,1486.2
17.566666,1486.2
17.566666,1486.2
17.408333,1678.8
17.408333,1678.8
17.408333,1678.8
17.566666,1486.2
17.566666,1486.2
17.566666,1486.2
17.408333,1678.8
17.408333,1678.8
17.408333,1678.8
17.483332,967.5
17.483332,967.5
17.158333,1044.9
17.158333,1044.9
17.4,1023.60004
17.4,1023.60004
17.4,877.2001
17.4,877.2001
17.35,994.3
17.35,994.3
16.291668,1168.1
16.15,1046.6001
16.091667,1332.4
16.291668,1168.1
16.15,1046.6001
16.091667,1332.4
16.358334,1289.1
16.358334,1289.1
16.358334,1289.1
16.358334,1289.1
16.358334,1289.1
16.358334,1289.1
15.900001,1223.8
15.900001,1223.8
15.900001,1223.8
15.900001,1223.8
15.900001,1223.8
15.900001,1223.8
15.766666,1015.6
15.766666,1015.6
15.766666,1015.6
15.766666,1015.6
15.766666,1015.6
15.766666,1015.6
17.475,1056.2999
16.741667,1083.3
16.891666,1291.3
17.508333,1508.8
17.800001,1595.7999
16.533333,590.9
16.533333,590.9
18.633333,564.10004
18.633333,564.10004
15.525001,302.0
15.525001,302.0
26.250002,580.1
26.266668,791.50006
25.791666,1914.1002
25.791666,1914.1002
25.791666,1914.1002
26.041666,2034.9001
26.041666,2034.9001
26.041666,2034.9001
25.791666,1914.1002
25.791666,1914.1002
25.791666,1914.1002
26.041666,2034.9001
26.041666,2034.9001
26.041666,2034.9001
25.791666,1914.1002
25.791666,1914.1002
25.791666,1914.1002
26.041666,2034.9001
26.041666,2034.9001
26.041666,2034.9001
28.383333,1591.9999
28.383333,1591.9999
28.383333,1591.9999
28.383333,1591.9999
28.383333,1591.9999
13.950001,1528.2002
13.575,1205.2
13.866666,1355.2
13.950001,1528.2002
13.575,1205.2
13.866666,1355.2
11.425,1015.10004
11.425,1015.10004
11.425,1015.10004
11.425,1015.10004
16.666666,1424.7002
16.666666,1424.7002
16.666666,1424.7002
16.666666,1424.7002
16.758333,1220.3
16.758333,1220.3
16.758333,1220.3
16.758333,1220.3
18.658333,1360.7
18.658333,1360.7
18.658333,1360.7
18.658333,1360.7
18.658333,1360.7
18.658333,1360.7
18.658333,1360.7
18.658333,1360.7
13.591666,1515.6998
13.591666,1515.6998
13.591666,1515.6998
13.591666,1515.6998
13.866666,1355.2
13.866666,1355.2
13.866666,1355.2
13.866666,1355.2
10.575,1383.0
11.966667,1104.7
12.433333,1215.7999
13.549999,1341.4
13.549999,1341.4
12.216667,1655.7999
14.866666,1623.1
14.866666,1623.1
16.433332,1400.7999
16.199999,1990.1002
16.199999,1990.1002
16.616667,2367.0999
16.616667,2367.0999
10.6,1701.2999
12.016666,1302.9
12.516667,1224.2001
13.550002,1740.9
13.550002,1740.9
12.283334,1946.7
14.924999,1730.8
14.924999,1730.8
16.550001,1447.3
16.358334,2081.7998
16.358334,2081.7998
16.833334,1966.5999
13.583336,1355.0
13.583336,1355.0
13.583336,1355.0
13.583336,1355.0
13.450001,1656.2999
13.450001,1656.2999
13.450001,1656.2999
13.450001,1656.2999
6.733334,1297.1001
6.733334,1297.1001
6.733334,1297.1001
6.733334,1297.1001
6.733334,1297.1001
6.733334,1297.1001
6.733334,1297.1001
6.733334,1297.1001
6.733334,1297.1001
6.733334,1297.1001
24.308336,1726.6
24.308336,1726.6
24.308336,1726.6
24.308336,1726.6
24.308336,1726.6
24.308336,1726.6
24.308336,1726.6
24.308336,1726.6
13.041667,1497.7001
13.041667,1497.7001
13.041667,1497.7001
13.041667,1497.7001
13.041667,1497.7001
12.975001,1733.2
12.975001,1733.2
12.975001,1733.2
12.975001,1733.2
12.975001,1733.2
10.933334,1383.1001
10.933334,1383.1001
10.933334,1383.1001
10.933334,1383.1001
10.933334,1383.1001
10.933334,1383.1001
10.933334,1383.1001
10.933334,1383.1001
10.933334,1383.1001
10.933334,1383.1001
27.391668,1571.6001
27.333334,1311.7999
15.483335,1116.1
15.483335,1116.1
15.525001,302.0
15.525001,302.0
17.1,930.9
17.1,930.9
25.400002,821.69995
25.400002,821.69995
25.400002,821.69995
25.400002,821.69995
25.400002,821.69995
25.400002,821.69995
25.283335,857.3
25.283335,857.3
25.283335,857.3
25.283335,857.3
25.283335,857.3
25.283335,857.3
29.058334,1328.4
29.058334,1328.4
29.058334,1328.4
29.058334,1328.4
28.074999,1368.3
28.074999,1368.3
28.074999,1368.3
28.074999,1368.3
27.308332,2179.1
27.308332,2179.1
27.308332,2179.1
27.65,2403.7002
27.65,2403.7002
27.65,2403.7002
13.591666,1515.6998
13.591666,1515.6998
13.591666,1515.6998
13.591666,1515.6998
13.866666,1355.2
13.866666,1355.2
13.866666,1355.2
13.866666,1355.2
12.133334,1126.6001
12.133334,1126.6001
12.133334,1126.6001
12.133334,1126.6001
12.133334,1126.6001
12.133334,1126.6001
16.275,1128.1
16.275,1128.1
16.275,1128.1
16.275,1128.1
16.091665,857.5
16.091665,857.5
16.091665,857.5
16.091665,857.5
28.424997,1563.5
28.424997,1563.5
28.424997,1563.5
28.424997,1563.5
28.424997,1563.5
28.424997,1563.5
28.424997,1563.5
28.424997,1563.5
28.424997,1563.5
28.424997,1563.5
28.424997,1563.5
28.424997,1563.5
14.3166685,732.5
14.3166685,732.5
14.049999,830.9999
14.049999,830.9999
29.433334,1519.2
29.433334,1519.2
29.433334,1519.2
29.433334,1519.2
29.433334,1519.2
29.433334,1519.2
29.433334,1519.2
29.433334,1519.2
18.59167,1296.5001
18.59167,1296.5001
18.59167,1296.5001
18.59167,1296.5001
18.59167,1296.5001
18.59167,1296.5001
16.841665,387.40002
16.841665,387.40002
16.841665,387.40002
16.841665,387.40002
16.275,359.7
16.275,359.7
16.275,359.7
16.275,359.7
16.15,458.0
16.15,458.0
16.15,458.0
16.15,458.0
18.066668,1189.8
18.066668,1189.8
18.066668,1189.8
18.066668,1189.8
27.775002,2469.7
27.775002,2469.7
27.866667,2183.2002
27.866667,2183.2002
27.866667,2183.2002
27.866667,2183.2002
27.783333,2041.1001
27.783333,2041.1001
16.9,1586.5
16.9,1586.5
16.9,1586.5
16.9,1586.5
16.9,1586.5
16.9,1586.5
15.125,653.1
15.125,653.1
15.125,653.1
15.125,653.1
15.125,653.1
15.125,653.1
15.125,653.1
15.125,653.1
15.125,653.1
15.125,653.1
15.125,653.1
15.125,653.1
15.125,653.1
15.125,653.1
15.125,653.1
15.125,653.1
15.125,653.1
15.125,653.1
29.308334,1357.5
29.308334,1357.5
29.308334,1357.5
29.308334,1357.5
29.308334,1357.5
29.308334,1357.5
29.308334,1357.5
29.308334,1357.5
29.308334,1357.5
29.308334,1357.5
29.308334,1357.5
29.308334,1357.5
29.308334,1357.5
29.308334,1357.5
29.308334,1357.5
29.308334,1357.5
14.908334,540.8
14.908334,540.8
14.908334,540.8
14.908334,540.8
13.183333,885.10004
13.183333,885.10004
13.183333,885.10004
7.8000007,1397.1
7.8000007,1397.1
7.8000007,1397.1
7.8000007,1397.1
19.56667,1659.8
19.791666,1403.0
19.491667,1565.0001
25.824997,3431.2002
25.824997,3431.2002
26.166666,2577.6
26.166666,2577.6
27.6,1968.0999
27.6,1968.0999
27.6,1968.0999
27.6,1968.0999
29.208336,1320.8
29.208336,1320.8
29.208336,1320.8
29.208336,1320.8
29.208336,1320.8
29.208336,1320.8
29.208336,1320.8
29.208336,1320.8
29.208336,1320.8
29.208336,1320.8
29.208336,1320.8
29.208336,1320.8
29.208336,1320.8
29.208336,1320.8
29.208336,1320.8
29.208336,1320.8
27.275002,2847.0
27.275002,2847.0
27.275002,2847.0
27.275002,2847.0
27.275002,2847.0
27.275002,2847.0
27.275002,2847.0
27.275002,2847.0
27.275002,2847.0
27.275002,2847.0
27.275002,2847.0
27.275002,2847.0
27.391665,2388.9
27.391665,2388.9
27.391665,2388.9
27.391665,2388.9
27.391665,2388.9
27.391665,2388.9
27.391665,2388.9
27.391665,2388.9
27.391665,2388.9
27.391665,2388.9
27.391665,2388.9
27.391665,2388.9
27.083334,2268.0
27.083334,2268.0
27.083334,2268.0
26.041664,1811.2001
26.041664,1811.2001
26.041664,1811.2001
26.041664,1811.2001
26.449999,2243.4001
26.449999,2243.4001
26.449999,2243.4001
26.449999,2243.4001
14.333332,1259.2001
14.333332,1259.2001
17.308332,1348.8
17.308332,1348.8
17.158335,1319.4
17.158335,1319.4
17.158335,1319.4
17.158335,1319.4
17.158335,1319.4
11.508332,1131.7001
11.508332,1131.7001
11.508332,1131.7001
11.508332,1131.7001
10.933334,1383.1001
10.933334,1383.1001
10.933334,1383.1001
10.933334,1383.1001
10.933334,1383.1001
26.141668,812.5
25.033335,464.89996
25.033335,464.89996
26.216667,614.39996
11.508334,1119.3
11.508334,1119.3
11.508334,1119.3
11.508334,1119.3
11.508334,1119.3
11.508334,1119.3
11.508334,1119.3
11.508334,1119.3
28.308334,1802.0
28.308334,1802.0
28.25833,1790.0
28.25833,1790.0
28.308334,1802.0
28.308334,1802.0
28.308334,1802.0
28.308334,1802.0
28.25833,1790.0
28.25833,1790.0
28.308334,1802.0
28.308334,1802.0
28.308334,1802.0
28.308334,1802.0
28.608335,1801.8
28.608335,1801.8
28.608335,1801.8
28.608335,1801.8
28.549997,1790.0
28.549997,1790.0
28.608335,1801.8
28.608335,1801.8
28.608335,1801.8
28.608335,1801.8
28.549997,1790.0
28.549997,1790.0
28.608335,1801.8
28.608335,1801.8
28.608335,1801.8
28.608335,1801.8
28.099998,1802.5001
28.099998,1802.5001
24.225,1715.8999
24.225,1715.8999
24.225,1715.8999
24.225,1715.8999
24.225,1715.8999
24.225,1715.8999
24.225,1715.8999
24.225,1715.8999
25.875,438.30002
25.875,438.30002
25.875,438.30002
25.875,438.30002
28.424997,1563.5
28.424997,1563.5
28.424997,1563.5
28.424997,1563.5
28.424997,1563.5
27.58333,1704.7
27.58333,1704.7
27.58333,1704.7
27.58333,1704.7
27.58333,1704.7
27.58333,1704.7
27.58333,1704.7
27.58333,1704.7
27.275002,2847.0
27.275002,2847.0
27.275002,2847.0
27.275002,2847.0
27.275002,2847.0
27.275002,2847.0
23.266668,1401.5
23.266668,1401.5
23.266668,1401.5
23.266668,1401.5
23.475,1666.4
23.475,1666.4
23.475,1666.4
23.475,1666.4
19.733334,1777.2999
19.733334,1777.2999
19.916666,1491.8999
19.916666,1491.8999
19.916666,1491.8999
27.466667,1404.1001
27.466667,1404.1001
27.466667,1404.1001
27.466667,1404.1001
26.966667,1547.1
26.966667,1547.1
26.966667,1547.1
26.966667,1547.1
13.450001,1656.2999
13.450001,1656.2999
13.450001,1656.2999
25.766665,2319.5
25.325003,2354.7002
17.941666,680.0
17.941666,680.0
17.941666,680.0
17.941666,680.0
24.308332,1721.0001
24.308332,1721.0001
24.308332,1721.0001
24.308332,1721.0001
24.308332,1721.0001
24.308332,1721.0001
24.308332,1721.0001
24.308332,1721.0001
24.816668,1539.5001
24.816668,1539.5001
24.816668,1539.5001
24.816668,1539.5001
24.816668,1539.5001
24.816668,1539.5001
24.816668,1539.5001
24.816668,1539.5001
25.191668,552.50006
25.433334,641.39996
26.091665,3366.6003
26.091665,3366.6003
26.091665,3366.6003
26.091665,3366.6003
27.324999,1772.2
27.324999,1772.2
27.324999,1772.2
27.324999,1772.2
27.324999,1772.2
12.208333,1152.0999
12.208333,1152.0999
12.208333,1152.0999
12.208333,1152.0999
12.208333,1152.0999
12.208333,1152.0999
12.408334,1356.5
12.408334,1356.5
12.408334,1356.5
12.408334,1356.5
12.408334,1356.5
16.249998,1295.7
16.249998,1295.7
16.324999,487.0
16.324999,487.0
16.324999,487.0
17.275002,266.0
17.275002,266.0
17.275002,266.0
17.275002,266.0
17.275002,266.0
17.275002,266.0
17.275002,266.0
26.816666,1690.0
26.816666,1690.0
26.816666,1690.0
26.816666,1690.0
26.816666,1690.0
26.041664,1811.2001
26.041664,1811.2001
26.041664,1811.2001
26.041664,1811.2001
26.041664,1811.2001
26.041664,1811.2001
26.041664,1811.2001
26.041664,1811.2001
26.041664,1811.2001
26.041664,1811.2001
26.041664,1811.2001
26.041664,1811.2001
26.449999,2243.4001
26.449999,2243.4001
26.449999,2243.4001
26.449999,2243.4001
26.449999,2243.4001
26.449999,2243.4001
26.449999,2243.4001
26.449999,2243.4001
26.449999,2243.4001
26.449999,2243.4001
26.449999,2243.4001
26.449999,2243.4001
25.983332,2110.9
25.983332,2110.9
25.983332,2110.9
25.983332,2110.9
26.508333,2324.4
26.508333,2324.4
26.508333,2324.4
26.508333,2324.4
17.425,1328.7001
17.425,1328.7001
17.258333,1249.0
17.258333,1249.0
18.074999,1264.9
18.074999,1264.9
19.458334,1512.9
19.458334,1512.9
19.458334,1512.9
19.458334,1512.9
19.458334,1512.9
19.458334,1512.9
19.458334,1512.9
19.458334,1512.9
8.908334,1612.5
8.908334,1612.5
8.908334,1612.5
8.908334,1612.5
8.450001,1551.5999
8.450001,1551.5999
8.450001,1551.5999
8.450001,1551.5999
15.141665,1552.5
15.733334,1552.3
15.25,1675.7999
15.25,1675.7999
15.141665,1552.5
15.141665,1552.5
27.96667,1906.5001
27.466667,1404.1001
27.466667,1404.1001
27.466667,1404.1001
27.466667,1404.1001
13.591666,1515.6998
13.591666,1515.6998
13.591666,1515.6998
11.358334,617.50006
11.358334,617.50006
11.358334,617.50006
11.358334,617.50006
10.641666,547.3
10.641666,547.3
10.641666,547.3
10.641666,547.3
10.641666,547.3
15.291667,384.0
15.291667,384.0
15.291667,384.0
15.291667,384.0
14.291668,1561.8
14.291668,1561.8
14.291668,1561.8
23.366669,1559.3999
23.366669,1559.3999
23.366669,1559.3999
23.366669,1559.3999
23.366669,1559.3999
23.366669,1559.3999
23.366669,1559.3999
23.366669,1559.3999
23.366669,1559.3999
23.366669,1559.3999
23.366669,1559.3999
23.366669,1559.3999
23.366669,1559.3999
23.366669,1559.3999
23.366669,1559.3999
23.366669,1559.3999
23.366669,1559.3999
23.366669,1559.3999
23.366669,1559.3999
23.366669,1559.3999
23.366669,1559.3999
23.366669,1559.3999
23.366669,1559.3999
23.366669,1559.3999
23.366669,1559.3999
23.366669,1559.3999
23.366669,1559.3999
23.366669,1559.3999
29.308334,1357.5
29.308334,1357.5
29.308334,1357.5
29.308334,1357.5
29.308334,1357.5
29.308334,1357.5
29.308334,1357.5
29.308334,1357.5
29.308334,1357.5
29.308334,1357.5
29.308334,1357.5
29.308334,1357.5
4.7833333,809.30005
4.7833333,809.30005
4.7833333,809.30005
13.450001,1656.2999
13.450001,1656.2999
13.450001,1656.2999
13.450001,1656.2999
13.450001,1656.2999
13.450001,1656.2999
13.450001,1656.2999
13.450001,1656.2999
13.041667,1497.7001
13.041667,1497.7001
13.041667,1497.7001
13.041667,1497.7001
13.041667,1497.7001
13.041667,1497.7001
13.041667,1497.7001
13.041667,1497.7001
15.416667,1327.2002
15.416667,1327.2002
15.925002,1799.9
15.925002,1799.9
7.8000007,1397.1
7.6,1173.4
8.05,1366.6
7.8000007,1397.1
7.6,1173.4
8.05,1366.6
7.8000007,1397.1
7.6,1173.4
8.05,1366.6
7.8000007,1397.1
7.6,1173.4
8.05,1366.6
13.583336,1355.0
13.583336,1355.0
13.583336,1355.0
13.583336,1355.0
13.450001,1656.2999
13.450001,1656.2999
13.450001,1656.2999
13.450001,1656.2999
28.025,1588.95
28.025,1588.95
28.025,1588.95
28.025,1588.95
20.225,1531.7001
20.141668,1312.6001
19.833332,1763.3999
19.616667,1496.6
19.733334,1777.2999
19.916666,1491.8999
19.608335,1649.6001
26.666666,1706.2
26.666666,1706.2
26.666666,1706.2
26.666666,1706.2
26.666666,1706.2
26.666666,1706.2
27.133333,1647.2001
27.133333,1647.2001
27.133333,1647.2001
27.133333,1647.2001
27.133333,1647.2001
27.133333,1647.2001
26.666666,1706.2
26.666666,1706.2
26.666666,1706.2
26.666666,1706.2
26.666666,1706.2
26.666666,1706.2
27.133333,1647.2001
27.133333,1647.2001
27.133333,1647.2001
27.133333,1647.2001
27.133333,1647.2001
27.133333,1647.2001
27.383331,1225.3
27.383331,1225.3
27.383331,1225.3
27.383331,1225.3
27.383331,1225.3
27.383331,1225.3
27.758331,1463.1001
27.758331,1463.1001
27.758331,1463.1001
27.758331,1463.1001
27.758331,1463.1001
27.758331,1463.1001
12.091667,1111.8
12.091667,1111.8
11.733334,858.50006
11.733334,858.50006
11.508332,1131.7001
11.508332,1131.7001
11.508332,1131.7001
11.508332,1131.7001
27.691668,1464.3
27.691668,1464.3
27.691668,1464.3
27.691668,1464.3
27.566666,978.7999
27.566666,978.7999
27.566666,978.7999
27.566666,978.7999
27.241667,1730.8998
27.241667,1730.8998
27.241667,1730.8998
27.241667,1730.8998
17.916668,1357.9
17.916668,1357.9
17.916668,1357.9
17.916668,1357.9
17.916668,1357.9
17.916668,1357.9
17.916668,1357.9
17.916668,1357.9
17.916668,1357.9
23.574999,1512.4
23.574999,1512.4
17.883335,1091.2001
17.883335,1091.2001
17.808332,1194.9
17.808332,1194.9
17.708334,1105.5
17.708334,1105.5
18.391668,1955.7001
18.391668,1955.7001
19.058332,1407.0
19.058332,1407.0
19.058332,1407.0
19.058332,1407.0
19.2,1598.5001
19.2,1598.5001
12.025002,379.5
12.025002,379.5
12.683333,336.19995
12.683333,336.19995
27.275002,2847.0
27.275002,2847.0
27.275002,2847.0
27.275002,2847.0
27.391665,2388.9
27.391665,2388.9
27.391665,2388.9
27.391665,2388.9
27.083334,2268.0
27.083334,2268.0
27.083334,2268.0
27.083334,2268.0
27.275002,2847.0
27.275002,2847.0
27.275002,2847.0
27.275002,2847.0
27.275002,2847.0
27.275002,2847.0
27.391665,2388.9
27.391665,2388.9
27.391665,2388.9
27.391665,2388.9
27.391665,2388.9
27.391665,2388.9
24.4875,1611.3
24.4875,1611.3
24.4875,1611.3
24.4875,1611.3
24.4875,1611.3
17.225,1432.6
17.225,1432.6
17.225,1432.6
16.883333,1657.3
16.883333,1657.3
16.883333,1657.3
27.566666,978.7999
27.566666,978.7999
27.566666,978.7999
27.566666,978.7999
27.566666,978.7999
27.566666,978.7999
27.566666,978.7999
27.1,1379.0
27.1,1379.0
27.1,1379.0
27.1,1379.0
26.975,1868.2999
26.975,1868.2999
26.975,1868.2999
26.975,1868.2999
26.633331,1671.9001
26.633331,1671.9001
26.633331,1671.9001
26.633331,1671.9001
27.075003,1208.7001
27.075003,1208.7001
27.075003,1208.7001
27.666666,1518.5
27.33333,1860.2001
27.33333,1860.2001
27.391665,1567.3999
27.391665,1567.3999
27.474998,2237.7
27.474998,2237.7
27.33333,1860.2001
27.33333,1860.2001
27.391665,1567.3999
27.391665,1567.3999
27.474998,2237.7
27.474998,2237.7
27.391665,1567.3999
27.474998,2237.7
27.391665,1567.3999
27.474998,2237.7
27.391665,1567.3999
27.474998,2237.7
27.391665,1567.3999
27.474998,2237.7
27.391665,1567.3999
27.35,1595.0999
24.675001,2184.0002
27.35,1595.0999
27.391665,1567.3999
27.35,1595.0999
24.675001,2184.0002
27.35,1595.0999
26.924997,1674.7001
26.924997,1674.7001
26.924997,1674.7001
26.924997,1674.7001
26.924997,1674.7001
26.924997,1674.7001
26.924997,1674.7001
26.924997,1674.7001
26.924997,1674.7001
26.924997,1674.7001
26.924997,1674.7001
26.924997,1674.7001
26.783333,1505.0001
26.783333,1505.0001
26.783333,1505.0001
26.783333,1505.0001
26.783333,1505.0001
26.783333,1505.0001
26.783333,1505.0001
26.783333,1505.0001
27.01667,2061.5002
27.01667,2061.5002
27.01667,2061.5002
27.01667,2061.5002
27.01667,2061.5002
27.01667,2061.5002
27.01667,2061.5002
27.258337,1759.8002
27.258337,1759.8002
27.258337,1759.8002
27.258337,1759.8002
27.258337,1759.8002
27.258337,1759.8002
27.258337,1759.8002
27.258337,1759.8002
27.050003,1406.5001
27.050003,1406.5001
27.050003,1406.5001
27.050003,1406.5001
27.050003,1406.5001
27.050003,1406.5001
27.050003,1406.5001
27.050003,1406.5001
27.158333,2338.3
27.158333,2338.3
27.158333,2338.3
27.158333,2338.3
16.30000114,1032.400024
16.30000114,1032.400024
16.30000114,1032.400024
16.30000114,1032.400024
16.30000114,1032.400024
16.30000114,1032.400024
16.30000114,1032.400024
10.375,205.9000244
10.375,205.9000244
10.375,205.9000244
10.375,205.9000244
10.375,205.9000244
10.375,205.9000244
10.375,205.9000244
10.375,205.9000244
10.375,205.9000244
10.375,205.9000244
18.60000038,1473.399902
18.60000038,1473.399902
18.60000038,1473.399902
18.60000038,1473.399902
18.60000038,1473.399902
18.60000038,1473.399902
18.60000038,1473.399902
18.60000038,1473.399902
18.60000038,1473.399902
18.60000038,1473.399902
18.60000038,1473.399902
18.60000038,1473.399902
18.60000038,1473.399902
18.60000038,1473.399902
18.60000038,1473.399902
18.60000038,1473.399902
18.60000038,1473.399902
18.60000038,1473.399902
18.60000038,1473.399902
18.60000038,1473.399902
17.28333473,1476.60022
17.28333473,1476.60022
17.28333473,1476.60022
17.28333473,1476.60022
17.28333473,1476.60022
17.28333473,1476.60022
17.28333473,1476.60022
17.28333473,1476.60022
17.28333473,1476.60022
17.28333473,1476.60022
17.28333473,1476.60022
17.28333473,1476.60022
19.6767362,1368.566676
18.63302471,1702.514802
18.62572463,1712.352162
17.32253103,1429.692613
19.6767362,1368.566676
18.63302471,1702.514802
18.62572463,1712.352162
17.32253103,1429.692613
18.63302471,1702.514802
18.62572463,1712.352162
17.32253103,1429.692613
18.63302471,1702.514802
18.62572463,1712.352162
17.32253103,1429.692613
18.63302471,1702.514802
18.62572463,1712.352162
17.32253103,1429.692613
18.63302471,1702.514802
18.62572463,1712.352162
17.32253103,1429.692613
19.6767362,1368.566676
18.63302471,1702.514802
18.62572463,1712.352162
17.32253103,1429.692613
19.6767362,1368.566676
18.63302471,1702.514802
18.62572463,1712.352162
17.32253103,1429.692613
19.6767362,1368.566676
18.63302471,1702.514802
18.62572463,1712.352162
19.6767362,1368.566676
18.63302471,1702.514802
18.62572463,1712.352162
16.68333244,1351.599976
16.68333244,1351.599976
16.625,1718.0
16.625,1718.0
16.68333244,1351.599976
16.68333244,1351.599976
16.625,1718.0
16.625,1718.0
16.68333244,1351.599976
16.68333244,1351.599976
16.625,1718.0
16.625,1718.0
16.68333244,1351.599976
16.68333244,1351.599976
16.625,1718.0
16.625,1718.0
16.68333244,1351.599976
16.68333244,1351.599976
16.625,1718.0
16.625,1718.0
17.00833321,850.9000244
17.00833321,850.9000244
17.00833321,850.9000244
17.00833321,850.9000244
17.00833321,850.9000244
16.72500038,1107.199951
16.72500038,1107.199951
16.72500038,1107.199951
16.72500038,1107.199951
16.72500038,1107.199951
17.53333282,1021.700073
17.53333282,1021.700073
17.53333282,1021.700073
17.53333282,1021.700073
17.53333282,1021.700073
17.57500076,1029.099976
17.57500076,1029.099976
17.57500076,1029.099976
17.57500076,1029.099976
17.57500076,1029.099976
17.45833397,1234.200073
17.45833397,1234.200073
17.45833397,1234.200073
17.45833397,1234.200073
17.45833397,1234.200073
16.34166718,1186.0
16.34166718,1186.0
16.34166718,1186.0
16.34166718,1186.0
16.34166718,1186.0
16.34166718,1186.0
18.77500153,1268.199829
18.77500153,1268.199829
18.77500153,1268.199829
18.77500153,1268.199829
18.77500153,1268.199829
18.77500153,1268.199829
18.51666641,1596.300049
18.51666641,1596.300049
18.51666641,1596.300049
18.51666641,1596.300049
18.51666641,1596.300049
18.51666641,1596.300049
18.77500153,1268.199829
18.77500153,1268.199829
18.77500153,1268.199829
18.77500153,1268.199829
18.77500153,1268.199829
18.77500153,1268.199829
18.51666641,1596.300049
18.51666641,1596.300049
18.51666641,1596.300049
18.51666641,1596.300049
18.51666641,1596.300049
18.51666641,1596.300049
25.90000153,2342.899902
25.90000153,2342.899902
25.90000153,2342.899902
25.90000153,2342.899902
25.90000153,2342.899902
25.90000153,2342.899902
25.90000153,2342.899902
25.90000153,2342.899902
25.90000153,2342.899902
25.90000153,2342.899902
25.90000153,2342.899902
25.90000153,2342.899902
25.90000153,2342.899902
25.90000153,2342.899902
25.90000153,2342.899902
25.90000153,2342.899902
17.21666718,895.6000366
16.94166756,1240.200073
17.75833321,1062.300049
17.74166679,1164.800049
17.62500191,1263.000122
17.95000076,1439.0
18.08333397,1218.300049
17.99166679,1093.099976
17.92499924,1011.30011
17.92500114,1540.800049
17.21666718,895.6000366
16.94166756,1240.200073
17.75833321,1062.300049
17.74166679,1164.800049
17.62500191,1263.000122
17.95000076,1439.0
18.08333397,1218.300049
17.99166679,1093.099976
17.92499924,1011.30011
17.92500114,1540.800049
17.21666718,895.6000366
16.94166756,1240.200073
17.75833321,1062.300049
17.74166679,1164.800049
17.62500191,1263.000122
17.95000076,1439.0
18.08333397,1218.300049
17.99166679,1093.099976
17.92499924,1011.30011
17.92500114,1540.800049
17.21666718,895.6000366
16.94166756,1240.200073
17.75833321,1062.300049
17.74166679,1164.800049
17.62500191,1263.000122
17.95000076,1439.0
18.08333397,1218.300049
17.99166679,1093.099976
17.92499924,1011.30011
17.92500114,1540.800049
15.72500134,1516.699951
16.10000038,1449.900024
15.72500134,1516.699951
18.18333244,1156.0
17.69166565,1136.400024
17.69166565,1136.400024
15.72500134,1516.699951
16.10000038,1449.900024
15.72500134,1516.699951
18.18333244,1156.0
17.69166565,1136.400024
17.69166565,1136.400024
15.72500134,1516.699951
16.10000038,1449.900024
15.72500134,1516.699951
18.18333244,1156.0
17.69166565,1136.400024
17.69166565,1136.400024
15.72500134,1516.699951
16.10000038,1449.900024
15.72500134,1516.699951
18.18333244,1156.0
17.69166565,1136.400024
17.69166565,1136.400024
6.183333874,491.6000366
6.183333874,491.6000366
6.183333874,491.6000366
6.183333874,491.6000366
6.616666794,458.8000183
6.616666794,458.8000183
6.616666794,458.8000183
6.616666794,458.8000183
26.67500114,2192.000244
26.67500114,2192.000244
26.67500114,2192.000244
26.67500114,2192.000244
26.67500114,2192.000244
26.67500114,2192.000244
26.40833282,1915.5
26.40833282,1915.5
26.40833282,1915.5
26.40833282,1915.5
26.40833282,1915.5
26.40833282,1915.5
27.19166756,1726.000122
27.19166756,1726.000122
27.19166756,1726.000122
27.19166756,1726.000122
27.19166756,1726.000122
27.19166756,1726.000122
16.89999962,470.1000366
16.89999962,470.1000366
16.89999962,470.1000366
16.89999962,470.1000366
16.89999962,470.1000366
16.15833282,411.7999878
16.15833282,411.7999878
16.15833282,411.7999878
16.15833282,411.7999878
16.15833282,411.7999878
16.15833282,411.7999878
16.15833282,411.7999878
16.15833282,411.7999878
16.15833282,411.7999878
16.69166756,976.2000122
16.69166756,976.2000122
16.69166756,976.2000122
16.69166756,976.2000122
16.69166756,976.2000122
16.69166756,976.2000122
23.06666565,1874.700073
23.06666565,1874.700073
23.06666565,1874.700073
23.06666565,1874.700073
23.06666565,1874.700073
23.06666565,1874.700073
16.82499886,1118.0
16.82499886,1118.0
16.82499886,1118.0
16.82499886,1118.0
16.82499886,1118.0
16.82499886,1118.0
16.82499886,1118.0
16.82499886,1118.0
16.82499886,1118.0
16.82499886,1118.0
16.82499886,1118.0
16.82499886,1118.0
16.70833397,1165.900146
16.70833397,1165.900146
16.70833397,1165.900146
16.70833397,1165.900146
16.70833397,1165.900146
16.70833397,1165.900146
16.70833397,1165.900146
16.70833397,1165.900146
16.70833397,1165.900146
16.70833397,1165.900146
16.70833397,1165.900146
16.70833397,1165.900146
17.19999886,1916.500122
17.19999886,1916.500122
17.19999886,1916.500122
17.19999886,1916.500122
17.19999886,1916.500122
17.34166718,1619.000122
17.34166718,1619.000122
17.34166718,1619.000122
17.34166718,1619.000122
17.34166718,1619.000122
18.34166718,1563.100098
18.34166718,1563.100098
18.34166718,1563.100098
18.34166718,1563.100098
18.34166718,1563.100098
18.34166718,1563.100098
18.23333359,1385.800049
18.23333359,1385.800049
18.23333359,1385.800049
18.23333359,1385.800049
18.23333359,1385.800049
18.23333359,1385.800049
18.18333244,1302.699829
18.18333244,1302.699829
18.18333244,1302.699829
18.18333244,1302.699829
18.18333244,1302.699829
18.18333244,1302.699829
18.20000076,1428.5
18.20000076,1428.5
18.20000076,1428.5
18.20000076,1428.5
18.20000076,1428.5
18.20000076,1428.5
18.71666527,1506.900024
18.71666527,1506.900024
18.71666527,1506.900024
18.71666527,1506.900024
18.71666527,1506.900024
18.71666527,1506.900024
17.78333473,1611.800049
17.78333473,1611.800049
17.78333473,1611.800049
17.78333473,1611.800049
17.78333473,1611.800049
17.78333473,1611.800049
17.78333473,1611.800049
17.78333473,1611.800049
17.78333473,1611.800049
17.78333473,1611.800049
17.78333473,1611.800049
17.78333473,1611.800049
17.78333473,1611.800049
17.78333473,1611.800049
17.78333473,1611.800049
17.78333473,1611.800049
17.78333473,1611.800049
17.78333473,1611.800049
17.78333473,1611.800049
17.78333473,1611.800049
17.78333473,1611.800049
17.78333473,1611.800049
17.78333473,1611.800049
17.78333473,1611.800049
27.14999962,1687.300171
27.14999962,1687.300171
27.04166222,1814.0
27.04166222,1814.0
27.04166222,1814.0
27.04166222,1814.0
27.14999962,1687.300171
27.14999962,1687.300171
27.14999962,1687.300171
27.14999962,1687.300171
17.47500038,1276.799927
17.47500038,1276.799927
17.47500038,1276.799927
17.47500038,1276.799927
17.47500038,1276.799927
17.35000038,1235.899902
17.35000038,1235.899902
17.35000038,1235.899902
17.35000038,1235.899902
17.35000038,1235.899902
17.35833359,1133.099976
17.35833359,1133.099976
17.35833359,1133.099976
17.35833359,1133.099976
17.35833359,1133.099976
18.75833511,1454.900024
18.75833511,1454.900024
18.75833511,1454.900024
18.75833511,1454.900024
18.75833511,1454.900024
18.75833511,1454.900024
18.75833511,1454.900024
18.75833511,1454.900024
18.75833511,1454.900024
18.75833511,1454.900024
18.75833511,1454.900024
18.75833511,1454.900024
18.75833511,1454.900024
18.75833511,1454.900024
18.75833511,1454.900024
18.75833511,1454.900024
18.75833511,1454.900024
18.75833511,1454.900024
18.75833511,1454.900024
18.75833511,1454.900024
18.75833511,1454.900024
18.75833511,1454.900024
18.75833511,1454.900024
18.75833511,1454.900024
18.21666718,1420.899902
18.21666718,1420.899902
18.21666718,1420.899902
18.21666718,1420.899902
18.21666718,1420.899902
18.21666718,1420.899902
18.21666718,1420.899902
18.21666718,1420.899902
18.21666718,1420.899902
18.21666718,1420.899902
17.39999962,1023.600037
17.39999962,1023.600037
17.39999962,1023.600037
17.39999962,1023.600037
17.39999962,1023.600037
17.39999962,1023.600037
17.39999962,1023.600037
17.39999962,1023.600037
17.39999962,1023.600037
17.39999962,1023.600037
17.39999962,1023.600037
17.39999962,1023.600037
17.39999962,1023.600037
17.39999962,1023.600037
17.39999962,1023.600037
17.39999962,1023.600037
6.949999332,454.8999939
6.949999332,454.8999939
6.949999332,454.8999939
6.949999332,454.8999939
6.949999332,454.8999939
6.949999332,454.8999939
6.116666794,465.9000244
6.116666794,465.9000244
6.116666794,465.9000244
6.116666794,465.9000244
6.116666794,465.9000244
6.116666794,465.9000244
6.791667461,410.0000305
6.791667461,410.0000305
6.791667461,410.0000305
6.791667461,410.0000305
6.791667461,410.0000305
6.791667461,410.0000305
6.558333874,534.6000366
6.558333874,534.6000366
6.558333874,534.6000366
6.558333874,534.6000366
6.558333874,534.6000366
6.558333874,534.6000366
7.18333292,512.2000122
7.18333292,512.2000122
7.18333292,512.2000122
7.18333292,512.2000122
7.18333292,512.2000122
7.18333292,512.2000122
17.21666718,895.6000366
17.21666718,895.6000366
17.21666718,895.6000366
17.21666718,895.6000366
16.94166756,1240.200073
16.94166756,1240.200073
16.94166756,1240.200073
16.94166756,1240.200073
17.75833321,1062.300049
17.75833321,1062.300049
17.75833321,1062.300049
17.75833321,1062.300049
19.0,2099.200195
19.0,2099.200195
19.0,2099.200195
19.0,2099.200195
19.0,2099.200195
19.0,2099.200195
19.0,2099.200195
19.0,2099.200195
19.0,2099.200195
19.0,2099.200195
19.0,2099.200195
19.0,2099.200195
19.0,2099.200195
19.0,2099.200195
19.0,2099.200195
19.0,2099.200195
19.0,2099.200195
19.0,2099.200195
19.0,2099.200195
19.0,2099.200195
19.0,2099.200195
19.0,2099.200195
19.0,2099.200195
19.0,2099.200195
19.0,2099.200195
19.0,2099.200195
19.0,2099.200195
19.0,2099.200195
19.0,2099.200195
19.0,2099.200195
19.0,2099.200195
19.0,2099.200195
19.0,2099.200195
19.0,2099.200195
19.0,2099.200195
19.0,2099.200195
19.0,2099.200195
19.0,2099.200195
19.0,2099.200195
19.0,2099.200195
19.0,2099.200195
19.0,2099.200195
19.0,2099.200195
19.0,2099.200195
19.0,2099.200195
19.0,2099.200195
19.0,2099.200195
19.0,2099.200195
19.0,2099.200195
19.0,2099.200195
19.0,2099.200195
19.0,2099.200195
19.0,2099.200195
19.0,2099.200195
19.0,2099.200195
19.0,2099.200195
19.0,2099.200195
19.0,2099.200195
19.0,2099.200195
19.0,2099.200195
19.0,2099.200195
19.0,2099.200195
19.0,2099.200195
19.0,2099.200195
5.483334064,532.1000366
5.483334064,532.1000366
5.483334064,532.1000366
5.483334064,532.1000366
5.483334064,532.1000366
5.483334064,532.1000366
6.81666708,437.6999817
6.81666708,437.6999817
6.81666708,437.6999817
6.81666708,437.6999817
6.81666708,437.6999817
6.81666708,437.6999817
6.949999332,454.8999939
6.949999332,454.8999939
6.949999332,454.8999939
6.949999332,454.8999939
6.949999332,454.8999939
6.949999332,454.8999939
6.116666794,465.9000244
6.116666794,465.9000244
6.116666794,465.9000244
6.116666794,465.9000244
6.116666794,465.9000244
6.116666794,465.9000244
12.68333435,1354.599976
12.68333435,1354.599976
12.68333435,1354.599976
12.68333435,1354.599976
12.60833359,1341.200195
12.60833359,1341.200195
12.60833359,1341.200195
12.60833359,1341.200195
12.50833416,1225.700073
12.50833416,1225.700073
12.50833416,1225.700073
4.0,631.7999878
4.0,631.7999878
4.0,631.7999878
4.0,631.7999878
4.0,631.7999878
4.0,631.7999878
4.0,631.7999878
4.0,631.7999878
4.0,631.7999878
4.0,631.7999878
4.0,631.7999878
4.0,631.7999878
4.0,631.7999878
4.0,631.7999878
4.0,631.7999878
4.0,631.7999878
4.0,631.7999878
4.0,631.7999878
4.0,631.7999878
4.0,631.7999878
4.0,631.7999878
19.59166908,1681.10022
19.59166908,1681.10022
19.59166908,1681.10022
19.59166908,1681.10022
19.59166908,1681.10022
19.59166908,1681.10022
19.59166908,1681.10022
19.59166908,1681.10022
17.61666679,1151.199951
17.61666679,1151.199951
17.61666679,1151.199951
17.61666679,1151.199951
17.61666679,1151.199951
17.61666679,1151.199951
17.61666679,1151.199951
17.61666679,1151.199951
17.61666679,1151.199951
17.61666679,1151.199951
17.61666679,1151.199951
17.61666679,1151.199951
17.61666679,1151.199951
17.61666679,1151.199951
17.61666679,1151.199951
17.61666679,1151.199951
17.61666679,1151.199951
17.61666679,1151.199951
17.61666679,1151.199951
17.61666679,1151.199951
17.61666679,1151.199951
17.61666679,1151.199951
17.61666679,1151.199951
17.61666679,1151.199951
17.61666679,1151.199951
17.61666679,1151.199951
17.61666679,1151.199951
17.61666679,1151.199951
17.61666679,1151.199951
17.61666679,1151.199951
17.61666679,1151.199951
17.61666679,1151.199951
17.61666679,1151.199951
17.61666679,1151.199951
17.61666679,1151.199951
17.61666679,1151.199951
17.61666679,1151.199951
17.61666679,1151.199951
17.61666679,1151.199951
17.61666679,1151.199951
17.61666679,1151.199951
17.61666679,1151.199951
17.775,1186.5001
17.775,1186.5001
17.775,1186.5001
17.775,1186.5001
17.775,1186.5001
17.775,1186.5001
17.675001,1846.4001
17.675001,1846.4001
17.675001,1846.4001
17.675001,1846.4001
17.675001,1846.4001
17.675001,1846.4001
17.675001,1846.4001
17.675001,1846.4001
17.675001,1846.4001
17.675001,1846.4001
17.675001,1846.4001
17.675001,1846.4001
18.508333,1264.9
18.508333,1264.9
18.508333,1264.9
18.508333,1264.9
18.508333,1264.9
18.508333,1264.9
19.025,1781.0
19.025,1781.0
19.025,1781.0
19.025,1781.0
19.025,1781.0
19.025,1781.0
15.266666,866.6
15.266666,866.6
15.266666,866.6
15.266666,866.6
15.266666,866.6
15.266666,866.6
17.433332,1460.2998
17.433332,1460.2998
17.433332,1460.2998
17.433332,1460.2998
17.433332,1460.2998
17.433332,1460.2998
17.433332,1460.2998
17.433332,1460.2998
17.433332,1460.2998
17.433332,1460.2998
17.433332,1460.2998
17.433332,1460.2998
15.900001,1223.8
15.900001,1223.8
15.900001,1223.8
15.900001,1223.8
15.808334,1221.5001
15.808334,1221.5001
15.808334,1221.5001
15.808334,1221.5001
15.808334,1221.5001
15.808334,1221.5001
21.391668,1359.3
21.391668,1359.3
21.391668,1359.3
21.391668,1359.3
21.391668,1359.3
21.391668,1359.3
21.391668,1359.3
21.391668,1359.3
21.391668,1359.3
21.391668,1359.3
21.391668,1359.3
21.391668,1359.3
16.249998,1010.69995
16.249998,1010.69995
16.249998,1010.69995
16.249998,1010.69995
16.249998,1010.69995
16.249998,1010.69995
16.341667,1186.0
16.341667,1186.0
16.341667,1186.0
16.341667,1186.0
16.341667,1186.0
16.341667,1186.0
21.933332,1694.7001
21.933332,1694.7001
21.933332,1694.7001
21.933332,1694.7001
21.933332,1694.7001
21.933332,1694.7001
21.933332,1694.7001
21.933332,1694.7001
21.933332,1694.7001
21.933332,1694.7001
21.933332,1694.7001
21.933332,1694.7001
16.841667,1364.0
16.841667,1364.0
16.841667,1364.0
16.841667,1364.0
16.841667,1364.0
16.841667,1364.0
16.258333,1189.1001
16.258333,1189.1001
16.258333,1189.1001
16.258333,1189.1001
16.258333,1189.1001
16.258333,1189.1001
16.258333,1189.1001
16.258333,1189.1001
16.258333,1189.1001
16.258333,1189.1001
10.216666,211.20003
10.216666,211.20003
10.216666,211.20003
10.216666,211.20003
10.216666,211.20003
18.75,1609.7999
18.75,1609.7999
18.75,1609.7999
17.558332,1262.5
17.558332,1262.5
17.558332,1262.5
18.383333,1071.6001
18.383333,1071.6001
18.383333,1071.6001
18.383333,1071.6001
18.383333,1071.6001
18.383333,1071.6001
18.383333,1071.6001
18.383333,1071.6001
18.383333,1071.6001
18.383333,1071.6001
18.383333,1071.6001
18.383333,1071.6001
16.208334,1103.4
16.208334,1103.4
16.208334,1103.4
16.208334,1103.4
18.191666,1323.6
18.191666,1323.6
18.191666,1323.6
18.191666,1323.6
18.191666,1323.6
18.191666,1323.6
18.191666,1323.6
18.191666,1323.6
18.191666,1323.6
18.191666,1323.6
18.191666,1323.6
18.191666,1323.6
18.191666,1323.6
18.191666,1323.6
16.016668,959.6
16.016668,959.6
16.016668,959.6
16.016668,959.6
16.6,1060.7999
16.6,1060.7999
16.6,1060.7999
16.6,1060.7999
16.6,1060.7999
16.6,1060.7999
16.483332,1261.6
16.483332,1261.6
16.483332,1261.6
16.0,1062.3999
16.0,1062.3999
16.0,1062.3999
16.483332,1261.6
16.483332,1261.6
16.483332,1261.6
16.0,1062.3999
16.0,1062.3999
16.0,1062.3999
8.725,683.00006
8.725,683.00006
8.725,683.00006
8.725,683.00006
8.725,683.00006
8.725,683.00006
8.725,683.00006
8.725,683.00006
8.725,683.00006
8.725,683.00006
8.725,683.00006
8.725,683.00006
16.516668,981.1
16.516668,981.1
16.516668,981.1
16.516668,981.1
16.516668,981.1
16.516668,981.1
16.516668,981.1
16.0,1062.3999
16.0,1062.3999
16.0,1062.3999
16.0,1062.3999
16.0,1062.3999
16.0,1062.3999
16.0,1062.3999
16.0,1062.3999
16.516668,981.1
16.516668,981.1
16.516668,981.1
16.516668,981.1
16.516668,981.1
16.516668,981.1
16.0,1062.3999
16.0,1062.3999
16.1,1163.1
16.1,1163.1
16.208334,1103.4
16.208334,1103.4
16.483332,1261.6
16.483332,1261.6
16.1,1163.1
16.483332,1261.6
16.483332,1261.6
16.258333,1301.2
16.258333,1301.2
16.258333,1301.2
15.808334,1221.5001
15.808334,1221.5001
15.808334,1221.5001
16.258333,1301.2
15.808334,1221.5001
16.141666,998.99994
16.141666,998.99994
16.141666,998.99994
15.808334,1221.5001
15.808334,1221.5001
15.808334,1221.5001
17.225,1432.6
17.225,1432.6
17.225,1432.6
17.225,1432.6
15.025001,870.1
15.025001,870.1
15.025001,870.1
15.025001,870.1
15.025001,870.1
15.025001,870.1
17.266666,2251.9
17.266666,2251.9
17.266666,2251.9
17.266666,2251.9
17.266666,2251.9
17.266666,2251.9
17.266666,2251.9
17.266666,2251.9
17.266666,2251.9
17.266666,2251.9
17.266666,2251.9
17.266666,2251.9
17.266666,2251.9
17.266666,2251.9
17.266666,2251.9
18.383333,1071.6001
18.383333,1071.6001
18.383333,1071.6001
18.383333,1071.6001
18.383333,1071.6001
18.383333,1071.6001
18.383333,1071.6001
18.383333,1071.6001
18.383333,1071.6001
18.383333,1071.6001
18.383333,1071.6001
18.383333,1071.6001
17.758335,1315.7999
17.758335,1315.7999
17.758335,1315.7999
17.758335,1315.7999
17.758335,1315.7999
17.758335,1315.7999
17.758335,1315.7999
17.758335,1315.7999
17.758335,1315.7999
17.758335,1315.7999
17.758335,1315.7999
17.758335,1315.7999
17.933332,1179.5
17.933332,1179.5
17.933332,1179.5
17.933332,1179.5
17.933332,1179.5
17.933332,1179.5
17.933332,1179.5
17.933332,1179.5
17.933332,1179.5
17.933332,1179.5
17.933332,1179.5
17.933332,1179.5
18.441666,1804.9999
18.441666,1804.9999
18.441666,1804.9999
18.441666,1804.9999
18.441666,1804.9999
18.441666,1804.9999
18.441666,1804.9999
18.441666,1804.9999
18.566668,1059.2001
18.566668,1059.2001
18.566668,1059.2001
18.566668,1059.2001
18.566668,1059.2001
18.566668,1059.2001
18.566668,1059.2001
18.566668,1059.2001
16.591665,1227.0
16.591665,1227.0
16.591665,1227.0
16.258333,1301.2
16.258333,1301.2
16.258333,1301.2
15.808334,1221.5001
15.808334,1221.5001
15.808334,1221.5001
16.258333,1301.2
15.808334,1221.5001
16.95,1485.0001
16.95,1485.0001
17.116667,1401.2999
17.116667,1401.2999
16.95,1485.0001
17.116667,1401.2999
16.95,1485.0001
17.116667,1401.2999
16.258333,1301.2
16.258333,1301.2
16.258333,1301.2
16.258333,1301.2
15.808334,1221.5001
15.808334,1221.5001
15.808334,1221.5001
15.808334,1221.5001
16.258333,1301.2
15.808334,1221.5001
16.516668,981.1
16.516668,981.1
16.516668,981.1
17.025,1038.4
17.033333,1058.3
17.025,1038.4
17.033333,1058.3
17.483334,1084.2999
17.483334,1084.2999
17.483334,1084.2999
17.483334,1084.2999
17.408335,1086.4
17.408335,1086.4
17.408335,1086.4
17.408335,1086.4
16.516668,981.1
16.516668,981.1
16.516668,981.1
16.516668,981.1
17.025,1038.4
17.025,1038.4
17.025,1038.4
17.025,1038.4
17.033333,1058.3
17.033333,1058.3
17.033333,1058.3
17.033333,1058.3
16.016668,959.6
16.016668,959.6
16.016668,959.6
16.016668,959.6
17.483334,1084.2999
17.408335,1086.4
16.516668,981.1
17.025,1038.4
17.033333,1058.3
16.016668,959.6
16.483332,1261.6
16.483332,1261.6
16.483332,1261.6
16.483332,1261.6
16.0,1062.3999
16.0,1062.3999
16.0,1062.3999
16.0,1062.3999
16.483332,1261.6
16.0,1062.3999
16.0,1062.3999
16.0,1062.3999
16.0,1062.3999
16.0,1062.3999
17.025,1078.1
17.025,1078.1
17.025,1078.1
17.025,1078.1
17.025,1078.1
16.291666,1135.6001
16.291666,1135.6001
16.291666,1135.6001
16.291666,1135.6001
15.808334,1221.5001
15.808334,1221.5001
15.808334,1221.5001
15.808334,1221.5001
15.808334,1221.5001
7.941667,434.10004
7.941667,434.10004
7.941667,434.10004
7.941667,434.10004
7.941667,434.10004
15.808334,1221.5001
15.808334,1221.5001
15.641667,1019.10004
15.641667,1019.10004
15.808334,1221.5001
15.641667,1019.10004
11.591667,940.7999
11.591667,940.7999
11.591667,940.7999
11.591667,940.7999
11.591667,940.7999
11.591667,940.7999
11.591667,940.7999
16.599998,1346.4
16.599998,1346.4
16.599998,1346.4
16.599998,1346.4
16.599998,1346.4
16.599998,1346.4
16.599998,1346.4
16.599998,1346.4
17.183336,1109.7
17.183336,1109.7
17.183336,1109.7
17.183336,1109.7
17.183336,1109.7
17.183336,1109.7
17.183336,1109.7
17.183336,1109.7
17.075,1166.4
17.075,1166.4
17.075,1166.4
17.275,1387.0001
17.275,1387.0001
17.275,1387.0001
16.841667,1364.0
16.841667,1364.0
16.841667,1364.0
14.091667,781.10004
14.091667,781.10004
14.091667,781.10004
14.091667,781.10004
14.091667,781.10004
14.091667,781.10004
13.466667,731.2
13.466667,731.2
13.466667,731.2
13.466667,731.2
13.466667,731.2
13.466667,731.2
14.091667,781.10004
13.466667,731.2
15.900001,1223.8
15.900001,1223.8
15.900001,1223.8
15.900001,1223.8
15.900001,1223.8
17.65,2175.0999
17.65,2175.0999
17.65,2175.0999
17.65,2175.0999
16.1,1001.7
16.1,1001.7
16.1,1001.7
16.1,1001.7
16.1,1001.7
16.1,1001.7
16.1,1001.7
16.1,1001.7
16.1,1001.7
16.1,1001.7
18.1,1212.7001
18.1,1212.7001
18.1,1212.7001
18.1,1212.7001
16.483332,1261.6
16.483332,1261.6
15.658334,818.2
15.658334,818.2
15.658334,818.2
15.658334,818.2
15.916667,947.19995
15.916667,947.19995
15.916667,947.19995
15.916667,947.19995
15.658334,818.2
15.916667,947.19995
17.941666,1569.4
17.941666,1569.4
17.941666,1569.4
17.941666,1569.4
17.941666,1569.4
17.941666,1569.4
17.941666,1569.4
17.941666,1569.4
17.941666,1569.4
17.941666,1569.4
17.466667,2057.3
17.466667,2057.3
17.466667,2057.3
17.466667,2057.3
17.466667,2057.3
17.466667,2057.3
17.466667,2057.3
17.466667,2057.3
17.466667,2057.3
17.466667,2057.3
17.908333,1360.3002
17.908333,1360.3002
16.841667,1364.0
16.841667,1364.0
16.841667,1364.0
17.275,1387.0001
17.275,1387.0001
17.275,1387.0001
17.275,1387.0001
17.275,1387.0001
17.275,1387.0001
18.85,1652.0001
18.85,1652.0001
18.85,1652.0001
18.85,1652.0001
18.85,1652.0001
18.85,1652.0001
18.85,1652.0001
18.85,1652.0001
18.85,1652.0001
18.85,1652.0001
18.85,1652.0001
18.85,1652.0001
18.85,1652.0001
18.85,1652.0001
18.85,1652.0001
18.85,1652.0001
18.85,1652.0001
18.85,1652.0001
18.85,1652.0001
18.85,1652.0001
18.85,1652.0001
18.85,1652.0001
18.85,1652.0001
18.85,1652.0001
16.0,1062.3999
16.0,1062.3999
16.0,1062.3999
16.0,1062.3999
16.0,1062.3999
16.0,1062.3999
16.0,1062.3999
16.0,1062.3999
16.0,1062.3999
16.0,1062.3999
16.0,1062.3999
16.0,1062.3999
16.516668,981.1
16.516668,981.1
16.516668,981.1
16.516668,981.1
16.516668,981.1
16.516668,981.1
16.516668,981.1
16.516668,981.1
16.016668,959.6
16.016668,959.6
16.016668,959.6
16.016668,959.6
16.016668,959.6
16.016668,959.6
16.016668,959.6
18.566668,1059.2001
18.566668,1059.2001
18.566668,1059.2001
17.733335,1084.4
17.733335,1084.4
17.733335,1084.4
17.733335,1084.4
17.733335,1084.4
16.391666,1165.8
16.391666,1165.8
16.391666,1165.8
16.391666,1165.8
16.391666,1165.8
16.391666,1165.8
16.291666,1135.6001
16.291666,1135.6001
16.291666,1135.6001
16.249998,1295.7
16.249998,1295.7
16.249998,1295.7
16.291666,1135.6001
16.249998,1295.7
16.15,1161.3
16.15,1161.3
17.758335,1834.5002
17.758335,1834.5002
17.574999,1429.0001
17.574999,1429.0001
17.574999,1429.0001
17.574999,1429.0001
17.625,1624.7002
17.625,1624.7002
17.625,1624.7002
17.625,1624.7002
17.458334,1944.2
17.458334,1944.2
17.458334,1944.2
17.458334,1944.2
17.825,1860.5
17.825,1860.5
17.825,1860.5
17.825,1860.5
17.574999,1429.0001
17.625,1624.7002
17.758333,1062.3
17.758333,1062.3
17.758333,1062.3
17.758333,1062.3
17.741667,1164.8
17.741667,1164.8
17.741667,1164.8
17.741667,1164.8
17.625002,1263.0001
17.625002,1263.0001
17.625002,1263.0001
17.625002,1263.0001
17.758333,1062.3
17.741667,1164.8
17.625002,1263.0001
16.666666,1424.7002
16.666666,1424.7002
16.666666,1424.7002
16.666666,1424.7002
16.666666,1424.7002
16.666666,1424.7002
25.108335,2030.7
25.108335,2030.7
25.108335,2030.7
25.108335,2030.7
18.083334,1306.2999
18.083334,1306.2999
18.083334,1306.2999
18.083334,1306.2999
18.083334,1306.2999
17.941666,1569.4
17.941666,1569.4
17.941666,1569.4
17.941666,1569.4
17.941666,1569.4
17.941666,1569.4
17.941666,1569.4
17.875002,1385.8
17.875002,1385.8
17.875002,1385.8
17.875002,1385.8
17.875002,1385.8
17.875002,1385.8
17.875002,1385.8
17.875002,1385.8
17.875002,1385.8
17.875002,1385.8
17.875002,1385.8
17.875002,1385.8
17.074999,1288.6001
17.074999,1288.6001
17.074999,1288.6001
17.074999,1288.6001
16.508335,960.30005
16.508335,960.30005
16.508335,960.30005
16.508335,960.30005
16.508335,960.30005
16.508335,960.30005
16.508335,960.30005
16.508335,960.30005
14.258334,1118.3
14.258334,1118.3
14.258334,1118.3
14.258334,1118.3
14.258334,1118.3
14.258334,1118.3
14.258334,1118.3
17.925001,1623.2001
17.925001,1623.2001
17.925001,1623.2001
17.925001,1623.2001
17.925001,1623.2001
17.925001,1623.2001
17.225,1432.6
17.225,1432.6
17.225,1432.6
17.225,1432.6
17.225,1432.6
16.883333,1657.3
16.883333,1657.3
16.883333,1657.3
16.883333,1657.3
16.883333,1657.3
17.225,1432.6
16.883333,1657.3
16.391666,1165.8
16.391666,1165.8
16.391666,1165.8
16.391666,1165.8
16.391666,1165.8
16.391666,1165.8
16.691668,1274.9999
16.691668,1274.9999
16.583334,1349.6
16.583334,1349.6
16.583334,1349.6
16.583334,1349.6
15.625,1170.6
17.216667,1281.0
17.216667,1281.0
17.216667,1281.0
17.216667,1281.0
17.216667,1281.0
17.216667,1281.0
17.216667,1281.0
17.216667,1281.0
16.233332,1318.0
16.233332,1318.0
16.233332,1318.0
16.233332,1318.0
16.233332,1318.0
16.233332,1318.0
16.233332,1318.0
16.233332,1318.0
16.508333,1255.9
16.508333,1255.9
16.508333,1255.9
16.508333,1255.9
18.083334,1306.2999
18.083334,1306.2999
17.941666,1569.4
17.941666,1569.4
17.216667,1281.0
17.216667,1281.0
17.216667,1281.0
17.216667,1281.0
17.216667,1281.0
17.216667,1281.0
17.875002,1385.8
17.875002,1385.8
17.875002,1385.8
17.875002,1385.8
17.875002,1385.8
17.875002,1385.8
17.875002,1385.8
17.875002,1385.8
17.875002,1385.8
17.875002,1385.8
17.558332,1531.4999
17.558332,1531.4999
17.558332,1531.4999
17.558332,1531.4999
17.558332,1531.4999
17.558332,1531.4999
17.558332,1531.4999
17.558332,1531.4999
17.558332,1531.4999
17.558332,1531.4999
17.566668,1748.9
17.566668,1748.9
17.566668,1748.9
17.566668,1748.9
17.566668,1748.9
17.566668,1748.9
17.566668,1748.9
17.566668,1748.9
17.566668,1748.9
17.566668,1748.9
17.875002,1385.8
17.875002,1385.8
17.558332,1531.4999
17.558332,1531.4999
17.566668,1748.9
17.566668,1748.9
18.6,1135.0
18.6,1135.0
18.6,1135.0
18.6,1135.0
18.6,1135.0
18.6,1135.0
18.6,1135.0
18.6,1135.0
18.6,1135.0
18.6,1135.0
18.233332,1201.9
18.233332,1201.9
18.233332,1201.9
18.233332,1201.9
18.233332,1201.9
18.233332,1201.9
18.233332,1201.9
18.233332,1201.9
18.233332,1201.9
18.233332,1201.9
18.233332,1201.9
18.233332,1201.9
18.233332,1201.9
18.233332,1201.9
16.908335,1673.5
16.908335,1673.5
16.908335,1673.5
16.908335,1673.5
16.908335,1673.5
16.908335,1673.5
16.908335,1673.5
16.908335,1673.5
16.908335,1673.5
16.908335,1673.5
16.908335,1673.5
16.908335,1673.5
8.525001,618.10004
8.525001,618.10004
8.525001,618.10004
22.825003,2359.4
22.825003,2359.4
17.925,1011.3001
17.925,1011.3001
17.925,1011.3001
17.925,1011.3001
17.925,1011.3001
17.925,1011.3001
16.741667,1168.7999
16.741667,1168.7999
16.741667,1168.7999
16.741667,1168.7999
16.741667,1168.7999
18.375002,1304.3
18.375002,1304.3
18.375002,1304.3
18.375002,1304.3
18.375002,1304.3
18.375002,1304.3
18.375002,1304.3
18.375002,1304.3
18.375002,1304.3
18.375002,1304.3
18.375002,1304.3
18.375002,1304.3
17.916668,1196.5
17.916668,1196.5
17.916668,1196.5
17.916668,1196.5
17.916668,1196.5
17.15,1206.6
17.15,1206.6
17.15,1206.6
17.15,1206.6
17.15,1206.6
17.15,1206.6
17.15,1206.6
17.15,1206.6
17.15,1206.6
17.15,1206.6
17.15,1206.6
17.158335,1229.2001
17.158335,1229.2001
17.158335,1229.2001
17.158335,1229.2001
17.066668,1221.0001
17.066668,1221.0001
17.066668,1221.0001
17.066668,1221.0001
17.066668,1221.0001
17.075,1422.7001
17.075,1422.7001
17.075,1422.7001
17.05,1154.9
17.05,1154.9
17.091667,968.9001
17.091667,968.9001
16.633333,999.0
16.633333,999.0
16.633333,999.0
17.408333,1678.8
17.408333,1678.8
17.408333,1678.8
17.408333,1678.8
16.941668,1225.0001
16.941668,1225.0001
16.941668,1225.0001
16.941668,1225.0001
17.074999,1114.5001
17.074999,1114.5001
17.074999,1114.5001
16.941666,1382.0
16.941666,1382.0
16.941666,1382.0
16.941666,1382.0
16.941666,1382.0
16.941666,1382.0
17.133333,1200.6001
17.133333,1200.6001
17.133333,1200.6001
17.133333,1200.6001
17.133333,1200.6001
17.133333,1200.6001
17.758333,905.4
17.758333,905.4
17.758333,905.4
17.758333,905.4
17.758333,905.4
17.733332,1655.9
17.733332,1655.9
17.733332,1655.9
17.733332,1655.9
17.733332,1655.9
16.249998,1295.7
16.249998,1295.7
16.249998,1295.7
16.666666,1424.7002
16.666666,1424.7002
16.666666,1424.7002
15.933334,1134.9
15.933334,1134.9
15.933334,1134.9
15.933334,1134.9
15.791665,1158.0
15.791665,1158.0
15.791665,1158.0
15.791665,1158.0
16.825,1154.0
16.825,1154.0
16.825,1154.0
16.825,1278.6
16.825,1278.6
16.825,1278.6
16.825,1278.6
16.825,1278.6
16.825,1278.6
16.825,1278.6
16.825,1278.6
16.825,1278.6
25.195833,777.00006
25.195833,777.00006
25.508333,533.7001
25.508333,533.7001
25.508333,533.7001
25.508333,533.7001
25.508333,533.7001
25.508333,533.7001
29.216667,1019.69995
18.958332,1886.6001
18.958332,1886.6001
18.958332,1886.6001
19.633333,1304.0001
19.633333,1304.0001
19.633333,1304.0001
18.958332,1886.6001
18.958332,1886.6001
18.958332,1886.6001
19.633333,1304.0001
19.633333,1304.0001
19.633333,1304.0001
18.958332,1886.6001
18.958332,1886.6001
18.958332,1886.6001
19.633333,1304.0001
19.633333,1304.0001
19.633333,1304.0001
25.941666,3160.7
25.941666,3160.7
25.941666,3160.7
25.941666,3160.7
25.941666,3160.7
25.941666,3160.7
17.191668,1428.0
17.6,875.5
18.975,1056.8
19.083334,733.49994
27.841665,1849.8
27.841665,1849.8
24.975,2680.7
24.975,2680.7
24.975,2680.7
24.975,2680.7
24.975,2680.7
28.866663,919.3
25.050001,2708.4001
25.050001,2708.4001
25.050001,2708.4001
25.050001,2708.4001
25.050001,2708.4001
25.050001,2708.4001
24.808332,3464.2002
24.808332,3464.2002
24.808332,3464.2002
24.808332,3464.2002
24.808332,3464.2002
25.483335,1993.3
25.483335,1993.3
25.483335,1993.3
25.483335,1993.3
25.483335,1993.3
17.366667,1130.9
17.366667,1130.9
17.508333,1691.6
17.508333,1691.6
17.508333,1691.6
17.508333,1691.6
13.858333,1202.2999
13.858333,1202.2999
14.100001,1552.2
14.341667,1068.2
14.341667,1068.2
14.341667,1068.2
14.341667,1068.2
25.325003,2354.7002
25.325003,2354.7002
25.325003,2354.7002
25.325003,2354.7002
25.325003,2354.7002
25.325003,2354.7002
25.325003,2354.7002
25.325003,2354.7002
25.325003,2354.7002
25.108332,2387.2
25.108332,2387.2
25.108332,2387.2
25.725,2538.2
25.725,2538.2
26.25,2132.5002
26.25,2132.5002
24.53333,857.9
24.53333,857.9
24.53333,857.9
24.53333,857.9
15.858334,1561.6001
14.491668,1047.4
14.849998,1301.9
24.283333,662.0
24.283333,662.0
24.283333,662.0
24.283333,662.0
24.283333,662.0
-0.116666794,529.80005
-0.116666794,529.80005
2.5916665,416.40002
2.5916665,416.40002
-0.116666794,529.80005
-0.116666794,529.80005
2.5916665,416.40002
2.5916665,416.40002
14.891667,1247.5
14.891667,1247.5
14.891667,1247.5
14.891667,1247.5
26.391668,1858.0
26.391668,1858.0
26.391668,1858.0
26.391668,1858.0
26.391668,1858.0
26.391668,1858.0
26.391668,1858.0
26.391668,1858.0
26.391668,1858.0
26.391668,1858.0
12.400001,734.6
12.400001,734.6
12.400001,734.6
12.400001,734.6
7.2250004,1140.1001
7.2250004,1140.1001
7.2250004,1140.1001
7.2250004,1140.1001
7.2250004,1140.1001
7.2250004,1140.1001
24.5,759.00006
24.5,759.00006
24.5,759.00006
24.5,759.00006
24.099998,840.60004
24.099998,840.60004
24.099998,840.60004
24.099998,840.60004
16.0,1062.3999
16.0,1062.3999
16.0,1062.3999
16.016668,959.6
16.016668,959.6
16.016668,959.6
16.016668,959.6
16.016668,959.6
16.016668,959.6
16.208334,1103.4
16.208334,1103.4
16.208334,1103.4
16.208334,1103.4
16.208334,1103.4
16.483332,1261.6
16.483332,1261.6
16.483332,1261.6
16.483332,1261.6
16.483332,1261.6
16.0,1062.3999
16.0,1062.3999
16.0,1062.3999
16.0,1062.3999
16.0,1062.3999
16.95,1485.0001
16.95,1485.0001
16.95,1485.0001
16.95,1485.0001
17.116667,1401.2999
17.116667,1401.2999
17.116667,1401.2999
17.116667,1401.2999
17.400002,1383.2
17.400002,1383.2
17.400002,1383.2
17.400002,1383.2
16.358334,1289.1
16.358334,1289.1
16.358334,1289.1
16.358334,1289.1
16.358334,1289.1
16.358334,1289.1
16.199999,1364.7
16.199999,1364.7
16.199999,1364.7
16.199999,1364.7
16.891668,979.7
16.891668,979.7
16.891668,979.7
16.891668,979.7
16.6,1060.7999
16.6,1060.7999
16.6,1060.7999
16.6,1060.7999
16.6,1060.7999
16.6,1060.7999
15.850001,969.80005
15.850001,969.80005
15.850001,969.80005
15.850001,969.80005
17.2,1016.89996
17.2,1016.89996
16.208334,1103.4
16.208334,1103.4
16.208334,1103.4
16.208334,1103.4
16.208334,1103.4
16.483332,1261.6
16.483332,1261.6
16.483332,1261.6
16.483332,1261.6
16.483332,1261.6
16.466667,821.30005
16.466667,821.30005
16.466667,821.30005
16.466667,821.30005
16.466667,821.30005
16.75,1148.9
16.75,1148.9
16.75,1148.9
16.75,1148.9
17.414286,1016.0285
17.414286,1016.0285
17.414286,1016.0285
17.414286,1016.0285
17.414286,1016.0285
17.414286,1016.0285
17.414286,1016.0285
17.414286,1016.0285
17.414286,1016.0285
17.414286,1016.0285
17.414286,1016.0285
17.414286,1016.0285
17.414286,1016.0285
17.414286,1016.0285
17.414286,1016.0285
16.691666,1208.5
16.691666,1208.5
16.691666,1208.5
16.691666,1208.5
16.691666,1208.5
16.691666,1208.5
16.691666,1208.5
16.691666,1208.5
16.691666,1208.5
16.691666,1208.5
16.691666,1208.5
16.691666,1208.5
16.691666,1208.5
16.691666,1208.5
16.208334,1103.4
16.208334,1103.4
16.208334,1103.4
16.483332,1261.6
16.483332,1261.6
16.483332,1261.6
17.191668,1202.7
17.191668,1202.7
17.191668,1202.7
17.191668,1202.7
17.191668,1202.7
17.191668,1202.7
17.191668,1202.7
17.191668,1202.7
17.191668,1202.7
17.191668,1202.7
17.191668,1202.7
17.191668,1202.7
17.191668,1202.7
17.191668,1202.7
17.191668,1202.7
17.191668,1202.7
16.275002,1228.4
16.275002,1228.4
16.275002,1228.4
16.275002,1228.4
16.275002,1228.4
16.275002,1228.4
16.275002,1228.4
16.266668,970.35
16.266668,970.35
16.266668,970.35
16.266668,970.35
18.866667,1149.4
18.866667,1149.4
18.866667,1149.4
18.866667,1149.4
18.866667,1149.4
18.866667,1149.4
18.866667,1149.4
18.866667,1149.4
18.85,1652.0001
18.85,1652.0001
18.85,1652.0001
18.85,1652.0001
18.85,1652.0001
18.85,1652.0001
18.85,1652.0001
18.85,1652.0001
18.85,1652.0001
18.85,1652.0001
18.85,1652.0001
18.85,1652.0001
18.85,1652.0001
18.85,1652.0001
18.85,1652.0001
18.85,1652.0001
18.85,1652.0001
18.85,1652.0001
10.216666,211.20003
10.216666,211.20003
10.216666,211.20003
10.216666,211.20003
10.216666,211.20003
10.216666,211.20003
10.216666,211.20003
10.216666,211.20003
10.216666,211.20003
10.216666,211.20003
9.808333,251.00002
9.808333,251.00002
10.216666,211.20003
10.216666,211.20003
10.216666,211.20003
10.216666,211.20003
10.216666,211.20003
10.216666,211.20003
10.216666,211.20003
10.216666,211.20003
10.216666,211.20003
10.216666,211.20003
16.891668,979.7
16.891668,979.7
16.891668,979.7
16.891668,979.7
16.725,1125.4
16.725,1125.4
16.725,1125.4
16.725,1125.4
16.725,1125.4
16.058334,1332.1998
16.058334,1332.1998
16.058334,1332.1998
16.058334,1332.1998
16.058334,1332.1998
17.2,1016.89996
17.2,1016.89996
17.2,1016.89996
16.733334,977.89996
16.733334,977.89996
16.733334,977.89996
10.216666,211.20003
10.216666,211.20003
10.216666,211.20003
10.216666,211.20003
9.975,187.09999
9.975,187.09999
9.975,187.09999
9.975,187.09999
17.466667,1079.3
17.558332,1531.4999
17.558332,1531.4999
17.050001,1521.5001
17.050001,1521.5001
17.050001,1521.5001
17.050001,1521.5001
17.050001,1521.5001
17.316668,1026.4
16.525,1056.3999
16.708332,1248.2001
17.0,1279.0
17.0,1279.0
17.0,1279.0
17.0,1279.0
10.833335,181.0
10.833335,181.0
10.833335,181.0
10.833335,181.0
10.441667,234.30002
10.441667,234.30002
10.441667,234.30002
10.441667,234.30002
10.441667,234.30002
16.074999,1076.9001
16.074999,1076.9001
16.074999,1076.9001
16.074999,1076.9001
16.074999,1076.9001
16.074999,1076.9001
16.074999,1076.9001
16.074999,1076.9001
16.074999,1076.9001
16.074999,1076.9001
16.825,1291.4
16.475,1199.5
16.166666,1030.4
16.199999,1364.7
16.891668,979.7
16.074999,1076.9001
16.074999,1076.9001
16.074999,1076.9001
16.074999,1076.9001
16.074999,1076.9001
16.074999,1076.9001
16.258333,1301.2
16.258333,1301.2
16.258333,1301.2
16.258333,1301.2
16.258333,1301.2
16.258333,1301.2
15.808334,1221.5001
15.808334,1221.5001
15.808334,1221.5001
15.808334,1221.5001
15.808334,1221.5001
15.808334,1221.5001
16.249998,1010.69995
16.249998,1010.69995
16.249998,1010.69995
16.249998,1010.69995
16.249998,1010.69995
16.249998,1010.69995
16.249998,1010.69995
2.366667,555.49994
2.366667,555.49994
16.825,1291.4
16.825,1291.4
16.825,1291.4
16.825,1291.4
16.475,1199.5
16.475,1199.5
16.475,1199.5
16.475,1199.5
17.216667,1281.0
17.216667,1281.0
17.216667,1281.0
17.216667,1281.0
17.216667,1281.0
17.216667,1281.0
17.95,1439.0
17.95,1439.0
17.95,1439.0
17.95,1439.0
17.95,1439.0
17.95,1439.0
9.658333,635.6
9.658333,635.6
17.558332,1531.4999
17.558332,1531.4999
17.558332,1531.4999
17.558332,1531.4999
17.558332,1531.4999
17.558332,1531.4999
17.558332,1531.4999
17.558332,1531.4999
17.558332,1531.4999
17.558332,1531.4999
17.558332,1531.4999
17.558332,1531.4999
17.875002,1385.8
17.875002,1385.8
17.875002,1385.8
17.875002,1385.8
17.875002,1385.8
17.875002,1385.8
17.875002,1385.8
17.875002,1385.8
17.875002,1385.8
17.875002,1385.8
17.875002,1385.8
17.875002,1385.8
25.216667,2070.0999
25.216667,2070.0999
25.216667,2070.0999
25.516668,2281.0002
25.516668,2281.0002
25.516668,2281.0002
25.516668,2281.0002
25.516668,2281.0002
10.408334,1518.0
10.408334,1518.0
11.116668,1644.9001
11.116668,1644.9001
14.141667,1282.6
14.141667,1282.6
14.141667,1282.6
25.925001,1950.5
25.925001,1950.5
25.925001,1950.5
25.925001,1950.5
25.925001,1950.5
25.925001,1950.5
25.925001,1950.5
25.925001,1950.5
25.925001,1950.5
25.925001,1950.5
25.925001,1950.5
25.925001,1950.5
25.891665,1694.7001
25.891665,1694.7001
25.891665,1694.7001
25.891665,1694.7001
25.891665,1694.7001
25.891665,1694.7001
25.891665,1694.7001
25.891665,1694.7001
25.891665,1694.7001
25.891665,1694.7001
25.891665,1694.7001
25.891665,1694.7001
16.358334,1289.1
16.358334,1289.1
16.358334,1289.1
16.358334,1289.1
16.358334,1289.1
16.358334,1289.1
16.541668,1260.7999
16.541668,1260.7999
16.541668,1260.7999
16.541668,1260.7999
16.541668,1260.7999
16.541668,1260.7999
16.541668,1260.7999
16.483332,1261.6
16.483332,1261.6
16.483332,1261.6
16.483332,1261.6
16.483332,1261.6
16.483332,1261.6
16.0,1062.3999
16.0,1062.3999
16.0,1062.3999
16.0,1062.3999
16.0,1062.3999
16.0,1062.3999
16.516668,981.1
16.516668,981.1
16.516668,981.1
16.516668,981.1
16.516668,981.1
16.516668,981.1
17.2,1016.89996
17.2,1016.89996
17.2,1016.89996
16.733334,977.89996
16.733334,977.89996
16.733334,977.89996
18.241667,1359.7001
18.241667,1359.7001
18.241667,1359.7001
18.241667,1359.7001
18.241667,1359.7001
18.241667,1359.7001
18.241667,1359.7001
18.241667,1359.7001
18.241667,1359.7001
18.241667,1359.7001
18.916666,1124.5
18.916666,1124.5
18.916666,1124.5
18.916666,1124.5
18.916666,1124.5
18.916666,1124.5
16.483332,1261.6
16.483332,1261.6
16.483332,1261.6
16.483332,1261.6
16.483332,1261.6
18.675001,1885.3002
18.675001,1885.3002
18.675001,1885.3002
18.675001,1885.3002
18.675001,1885.3002
18.675001,1885.3002
18.675001,1885.3002
18.675001,1885.3002
18.675001,1885.3002
18.675001,1885.3002
18.675001,1885.3002
18.675001,1885.3002
16.825,1291.4
16.825,1291.4
16.825,1291.4
16.825,1291.4
16.483332,1261.6
16.483332,1261.6
16.483332,1261.6
16.483332,1261.6
16.483332,1261.6
16.483332,1261.6
16.0,1062.3999
16.0,1062.3999
16.0,1062.3999
16.0,1062.3999
16.0,1062.3999
16.0,1062.3999
16.741667,1083.3
16.741667,1083.3
16.741667,1083.3
16.741667,1083.3
16.741667,1083.3
16.741667,1083.3
16.741667,1083.3
16.891666,1291.3
16.891666,1291.3
16.891666,1291.3
16.891666,1291.3
16.891666,1291.3
16.891666,1291.3
16.891666,1291.3
16.208334,1103.4
16.208334,1103.4
16.208334,1103.4
16.208334,1103.4
16.208334,1103.4
16.483332,1261.6
16.483332,1261.6
16.483332,1261.6
16.483332,1261.6
16.483332,1261.6
16.0,1062.3999
16.0,1062.3999
16.0,1062.3999
16.0,1062.3999
16.0,1062.3999
16.199999,1364.7
16.199999,1364.7
16.199999,1364.7
16.199999,1364.7
16.891668,979.7
16.891668,979.7
16.891668,979.7
16.891668,979.7
16.541668,1260.7999
16.541668,1260.7999
16.541668,1260.7999
16.541668,1260.7999
16.541668,1260.7999
16.541668,1260.7999
16.541668,1260.7999
16.541668,1260.7999
16.249998,1010.69995
16.249998,1010.69995
16.249998,1010.69995
16.249998,1010.69995
16.249998,1010.69995
16.249998,1010.69995
16.249998,1010.69995
16.249998,1010.69995
16.300001,1189.7
16.300001,1189.7
16.300001,1189.7
16.300001,1189.7
16.300001,1189.7
16.300001,1189.7
16.300001,1189.7
16.300001,1189.7
16.966665,1024.9
16.966665,1024.9
16.966665,1024.9
16.966665,1024.9
16.966665,1024.9
16.966665,1024.9
16.966665,1024.9
16.966665,1024.9
16.825,1154.0
16.825,1154.0
16.825,1154.0
16.825,1154.0
16.825,1154.0
16.825,1154.0
16.825,1154.0
16.825,1154.0
16.675,1284.8
16.675,1284.8
16.675,1284.8
16.675,1284.8
16.675,1284.8
16.675,1284.8
16.675,1284.8
16.675,1284.8
17.316668,1026.4
16.525,1056.3999
16.708332,1248.2001
17.133333,1341.3999
17.133333,1341.3999
17.133333,1341.3999
17.133333,1341.3999
17.133333,1341.3999
17.216667,1281.0
17.216667,1281.0
17.216667,1281.0
17.216667,1281.0
17.216667,1281.0
17.925001,1623.2001
17.925001,1623.2001
17.925001,1623.2001
17.925001,1623.2001
17.925001,1623.2001
17.925001,1623.2001
17.700003,1120.6
17.700003,1120.6
17.700003,1120.6
17.700003,1120.6
16.825,1291.4
16.475,1199.5
16.166666,1030.4
16.199999,1364.7
16.891668,979.7
16.533335,967.2
16.533335,967.2
16.391666,1165.8
16.391666,1165.8
16.541668,1260.7999
16.541668,1260.7999
16.541668,1260.7999
16.541668,1260.7999
16.249998,1010.69995
16.249998,1010.69995
16.249998,1010.69995
16.249998,1010.69995
16.249998,1010.69995
16.300001,1189.7
16.300001,1189.7
16.300001,1189.7
16.300001,1189.7
16.300001,1189.7
16.966665,1024.9
16.966665,1024.9
16.966665,1024.9
16.966665,1024.9
16.966665,1024.9
16.825,1154.0
16.825,1154.0
16.825,1154.0
16.825,1154.0
16.825,1154.0
16.675,1284.8
16.675,1284.8
16.675,1284.8
16.675,1284.8
16.675,1284.8
18.675001,1416.7
18.675001,1416.7
18.675001,1416.7
18.675001,1416.7
18.675001,1416.7
18.6,1473.3999
18.6,1473.3999
18.6,1473.3999
18.6,1473.3999
18.6,1473.3999
18.6,1473.3999
18.6,1473.3999
18.6,1473.3999
18.6,1473.3999
18.6,1473.3999
17.225,1432.6
17.225,1432.6
17.225,1432.6
17.225,1432.6
17.225,1432.6
16.883333,1657.3
16.883333,1657.3
16.883333,1657.3
16.883333,1657.3
16.883333,1657.3
14.495001,1071.5599
14.495001,1071.5599
14.495001,1071.5599
17.491667,1116.2
17.491667,1116.2
17.491667,1116.2
17.491667,1116.2
17.491667,1116.2
17.491667,1116.2
17.633333,1198.9
17.633333,1198.9
17.633333,1198.9
17.633333,1198.9
17.633333,1198.9
17.633333,1198.9
16.825,1291.4
16.825,1291.4
16.825,1291.4
16.825,1291.4
16.475,1199.5
16.475,1199.5
16.475,1199.5
16.475,1199.5
4.5000005,478.7
4.5000005,478.7
4.5000005,478.7
4.5000005,478.7
4.5000005,478.7
4.5000005,478.7
17.216667,1281.0
17.216667,1281.0
17.216667,1281.0
17.216667,1281.0
17.216667,1281.0
17.216667,1281.0
17.216665,1197.6001
17.216665,1197.6001
17.216665,1197.6001
17.216665,1197.6001
6.2916665,492.09998
6.2916665,492.09998
6.2916665,492.09998
6.2916665,492.09998
16.608334,1052.6
16.608334,1052.6
16.608334,1052.6
16.808332,1131.6001
16.808332,1131.6001
16.808332,1131.6001
18.675001,1416.7
18.675001,1416.7
18.675001,1416.7
18.675001,1416.7
18.675001,1416.7
18.675001,1416.7
18.675001,1416.7
18.675001,1416.7
18.6,1473.3999
18.6,1473.3999
18.6,1473.3999
18.6,1473.3999
18.6,1473.3999
18.6,1473.3999
18.6,1473.3999
18.6,1473.3999
17.933332,1832.4001
17.116667,1070.2001
17.116667,1070.2001
18.258331,1362.4
18.258331,1362.4
18.258331,1362.4
18.366667,1365.2001
18.366667,1365.2001
18.366667,1365.2001
18.366667,1365.2001
18.366667,1365.2001
17.875002,1385.8
17.875002,1385.8
17.875002,1385.8
17.875002,1385.8
17.875002,1385.8
17.875002,1385.8
17.875002,1385.8
17.875002,1385.8
17.875002,1385.8
17.875002,1385.8
17.875002,1385.8
17.875002,1385.8
16.641668,1617.1
16.641668,1617.1
16.641668,1617.1
16.641668,1617.1
16.641668,1617.1
14.141667,1282.6
14.141667,1282.6
14.141667,1282.6
17.09166718,1010.800049
17.09166718,1010.800049
17.09166718,1010.800049
16.09166718,1332.400024
16.09166718,1332.400024
16.09166718,1332.400024
16.09166718,1332.400024
16.63333321,999.0
16.63333321,999.0
16.63333321,999.0
17.39999962,1131.0
17.39999962,1131.0
17.39999962,1131.0
17.39999962,1131.0
17.48333359,1084.299927
17.48333359,1084.299927
16.73333359,1273.400024
16.73333359,1273.400024
16.73333359,1273.400024
16.73333359,1273.400024
16.29166794,1168.099976
16.29166794,1168.099976
16.29166794,1168.099976
16.29166794,1168.099976
14.11666775,869.5
14.11666775,869.5
14.11666775,869.5
14.11666775,869.5
14.11666775,869.5
14.42500019,914.1000366
14.42500019,914.1000366
14.42500019,914.1000366
14.42500019,914.1000366
14.42500019,914.1000366
13.36666584,811.6999512
13.36666584,811.6999512
13.36666584,811.6999512
13.36666584,811.6999512
13.36666584,811.6999512
13.36666584,811.6999512
13.36666584,811.6999512
13.36666584,811.6999512
13.36666584,811.6999512
14.11666775,869.5
14.11666775,869.5
14.11666775,869.5
14.11666775,869.5
14.11666775,869.5
14.11666775,869.5
14.11666775,869.5
14.11666775,869.5
14.11666775,869.5
14.42500019,914.1000366
14.42500019,914.1000366
14.42500019,914.1000366
14.42500019,914.1000366
14.42500019,914.1000366
14.42500019,914.1000366
14.42500019,914.1000366
14.42500019,914.1000366
14.42500019,914.1000366
25.56666756,2055.5
25.56666756,2055.5
25.56666756,2055.5
26.07500267,1593.800049
26.07500267,1593.800049
26.07500267,1593.800049
25.33749962,2221.349976
25.33749962,2221.349976
25.33749962,2221.349976
25.82500267,1756.450073
25.82500267,1756.450073
25.82500267,1756.450073
17.11666775,1395.950073
17.11666775,1395.950073
17.11666775,1395.950073
17.11666775,1395.950073
17.11666775,1395.950073
16.48333168,1261.599976
16.48333168,1261.599976
16.48333168,1261.599976
19.1291666,1502.750061
19.1291666,1502.750061
16.92500019,1299.675049
16.92500019,1299.675049
16.92500019,1299.675049
16.92500019,1299.675049
16.92500019,1299.675049
16.92500019,1299.675049
15.07500076,998.2000122
15.07500076,998.2000122
15.07500076,998.2000122
15.07500076,998.2000122
15.07500076,998.2000122
15.00833416,938.0999756
15.00833416,938.0999756
15.00833416,938.0999756
15.00833416,938.0999756
15.00833416,938.0999756
16.80833435,855.3000488
16.80833435,855.3000488
16.80833435,855.3000488
16.80833435,855.3000488
